P40020	P17123	1	0.0017064
P42944	P26343	1	0.00095697
P29295	P19454	1	0.0014024
P00546	P40075	1	0.0015141
P05986	P53691	1	0.0018913
P21672	Q04964	1	0.010085
P43568	P23293	1	0.0025209
P38264	P33335	1	0.0065008
P38768	P47093	1	0.0053126
Q12514	Q12514	1	0.0024164
P38957	P38751	1	0.0019449
P22214	P22213	1	0.0054808
P43545	Q12223	1	0.01267
P35189	Q06697	1	0.010428
P43321	P40070	1	0.0032709
P35178	P40991	1	0.0036187
P39547	P36172	1	0.0045351
Q12078	P25515	1	0.04347
P53845	P53039	1	0.028306
P21182	P21182	1	0.020708
P35189	P41896	1	0.0092138
P06843	P06843	1	0.013034
P53181	P43542	1	0.0048634
P05085	P07249	1	0.0014204
Q03761	Q12514	1	0.0035514
P06782	Q03125	1	0.00073483
Q12066	Q06169	1	0.027522
P23291	P39962	1	0.0017604
P07270	Q02939	1	0.0011288
P05986	Q03407	1	0.0024138
P43321	Q00723	1	0.0014263
P54786	P54786	1	0.0033726
P41697	P41697	1	0.0038819
P38264	Q99385	1	0.024627
P39515	P23644	1	0.054236
P38729	P43562	1	0.0020587
P25385	P22213	1	0.0040996
P48581	Q08949	1	0.0063335
P46964	P48439	1	0.0056386
P54786	P50111	1	0.004242
Q02629	Q99257	1	0.019949
P53045	P40548	1	0.003358
P12904	Q08732	1	0.0024617
P40350	Q08986	1	0.0052138
P00546	P43568	1	0.0012296
P53267	P38991	1	0.0019136
P47093	P39081	1	0.003179
P14742	P36005	1	0.0028032
P40971	P39004	1	0.001116
P06782	P46954	1	0.0030859
Q03497	P38274	1	0.0028332
P36068	P36068	1	0.0083103
P41808	P09938	1	0.0018018
P23291	P53265	1	0.0021453
P38204	P47132	1	0.00053275
P13902	P07270	1	0.0011233
P38310	P43561	1	0.023908
P38992	Q08980	1	0.079107
P40089	P53905	1	0.00060128
P25293	P53939	1	0.0025941
P00546	P38764	1	0.0015322
P25293	P38615	1	0.0018179
P48837	P38615	1	0.0043912
P33767	P39007	1	0.015546
P14681	P25297	1	0.0019318
P43321	P38203	1	0.0012454
Q02795	P53389	1	0.0055441
Q08723	P08458	1	0.0086698
Q02574	P32776	1	0.012139
P06778	P26754	1	0.0052458
P25385	P22214	1	0.0030966
P05986	P38690	1	0.0057093
P40969	P40969	1	0.0026606
Q03503	Q02197	1	0.00099879
P53267	Q12248	1	0.0014394
P25586	P42846	1	0.0074499
P06100	Q12138	1	0.0046531
P11746	P11746	1	0.0033417
Q02629	P52891	1	0.0016515
P00546	P20486	1	0.0016282
P38806	Q08649	1	0.0026026
P53108	P38962	1	0.031472
Q03063	Q03373	1	0.0020477
P13517	Q12446	1	0.0055527
P43321	P40018	1	0.0033042
Q04195	P50623	1	0.0032891
P14306	P40368	1	0.003442
P39009	P14832	1	0.0015269
P16892	P38622	1	0.0021362
P47093	P48240	1	0.0021683
P37296	P31412	1	0.0091522
P48439	Q92316	1	0.0067072
P04817	P38264	1	0.01643
P12904	P43637	1	0.0051325
P39001	P21190	1	0.002096
Q03322	P31109	1	0.0016086
P41808	P43568	1	0.001717
P40325	P40325	1	0.0018497
Q00772	Q12224	1	0.0045602
P50875	P06844	1	0.0075145
P39081	Q06224	1	0.010942
Q00772	P38879	1	0.002677
P22214	P40509	1	0.0007083
P38615	P21190	1	0.0014826
P11746	P07249	1	0.0017367
P21672	P21672	1	0.03131
Q06217	P40204	1	0.00033414
P38729	P04817	1	0.0031954
Q12102	P35728	1	0.022542
P51601	P51601	1	0.0014193
P07272	P07272	1	0.0014738
P07269	P08153	1	0.0010295
P38806	P36116	1	0.00099253
P43605	P43605	1	0.00031256
P00546	P38991	1	0.0010548
P38920	Q12083	1	0.0099429
P53739	P25341	1	0.0011722
P24719	P38861	1	0.0037758
Q03919	P53202	1	0.00027768
P53184	P53184	1	0.017324
P20486	P39547	1	0.0074476
Q12396	P43555	1	0.0049349
P38203	P57743	1	0.0010802
P42843	Q02196	1	0.0044741
Q03818	Q03818	1	0.00094406
Q12488	Q03406	1	0.0045251
P12904	P38622	1	0.0037266
Q04868	Q02908	1	0.0054889
Q03655	P38264	1	0.015416
P40089	Q06406	1	0.00043208
P00546	P34161	1	0.00076433
Q08649	P53930	1	0.0043575
Q12300	P40971	1	0.0013403
P54786	P32900	1	0.0026412
P26448	P40087	1	0.0040215
Q04868	Q06177	1	0.0054309
P16892	Q03063	1	0.0020253
P43321	P54999	1	0.00046588
P00546	P32801	1	0.0014292
P53176	P36029	1	0.02009
P38264	P38992	1	0.049085
Q03338	P40204	1	0.001712
Q07824	P53176	1	0.0045306
P46985	P47124	1	0.0023778
Q03558	Q00772	1	0.0031774
Q99210	Q99210	1	0.0031641
P25297	P08458	1	0.003726
P53176	P38156	1	0.0070377
P38204	P53437	1	0.0023739
P42941	P34238	1	0.00071707
P39734	Q07732	1	0.0015614
P32607	P38165	1	0.0013925
P38729	P53388	1	0.0032789
P29340	P29340	1	0.003238
Q02260	P43321	1	0.0025941
P07274	P52960	1	0.003629
P39552	P46961	1	0.015209
P05986	P05986	1	0.0014705
P38264	P38353	1	0.047549
P25559	Q12174	1	0.00066881
P38962	P53093	1	0.016446
Q02574	Q08949	1	0.0070049
P40582	P40857	1	0.0097662
P14681	P38690	1	0.0062941
P43321	Q06819	1	0.0012989
P00546	Q04930	1	0.0012601
Q12306	P50623	1	0.00044067
P38615	P53939	1	0.0017455
Q12522	P53261	1	0.0028301
Q04411	Q04411	1	0.001578
P53108	Q03860	1	0.021753
P33755	P53044	1	0.024504
P43321	Q12330	1	0.00057534
P00546	P42845	1	0.0014451
P32911	P38764	1	0.0011828
Q06410	Q06410	1	0.0023374
Q03263	P38264	1	0.0052211
P22216	P53551	1	0.0032159
P47115	P47115	1	0.0040713
Q08271	Q08986	1	0.012037
Q12420	P40204	1	0.0014241
P00546	P40316	1	0.0017164
Q03503	P23059	1	0.00061969
P40089	Q06217	1	0.00037233
P06738	P32328	1	0.0023196
P33767	P48439	1	0.013688
P29295	P38333	1	0.0029185
P38723	P40548	1	0.0026621
P47017	P53905	1	0.00082356
P29295	P38879	1	0.0028246
Q07508	Q05900	1	0.0061368
P38264	P40440	1	0.0067775
P38287	P35206	1	0.038343
P06782	P12904	1	0.0052456
P39547	P31382	1	0.010779
P14681	P23561	1	0.0039004
P46961	Q03655	1	0.017878
P31384	P39073	1	0.0035075
P06774	Q02516	1	0.0012577
P14681	P39003	1	0.0015599
P23291	Q08975	1	0.0062684
Q12514	P31384	1	0.0027928
P40070	P57743	1	0.0027228
P00546	P28708	1	0.00092631
P53142	P38264	1	0.0073832
P53237	P25502	1	0.0014169
Q03860	Q03860	1	0.020439
P53176	Q06451	1	0.0041977
P38203	P47093	1	0.0018125
P23291	P38716	1	0.0016422
Q05998	P53344	1	0.021147
P38729	P40548	1	0.00092137
P40087	P32628	1	0.0040118
Q08649	P43572	1	0.0064193
P53845	P53093	1	0.017022
P07250	P07249	1	0.001394
Q12330	P54999	1	0.00028995
P11938	Q12329	1	0.0018827
Q06405	P81450	1	0.0033817
Q03919	P47050	1	0.00029537
P48240	Q12277	1	0.0030209
P32562	Q12158	1	0.0048942
P25604	Q02767	1	0.0078854
P53108	P53039	1	0.019944
P39547	P40548	1	0.0023991
P38203	Q06217	1	0.00051388
Q07732	P36094	1	0.0019194
P25376	P32842	1	0.023108
P22204	P27636	1	0.0042099
P48813	P38264	1	0.015213
P04817	Q06135	1	0.010328
P12904	Q12310	1	0.0034613
P48439	P39007	1	0.0088489
P18852	P53269	1	0.00083545
P43321	Q12420	1	0.0025956
Q03148	P43545	1	0.016446
P38627	P38627	1	0.0037632
P32569	P04386	1	0.0032454
P25346	P38264	1	0.010589
P38967	P38264	1	0.021165
P54862	P38264	1	0.0054611
P53176	P19145	1	0.0098449
P09938	P09938	1	0.0024962
P38690	P08458	1	0.015331
Q06135	P25376	1	0.0092789
P32909	P36084	1	0.0093056
P38264	Q08271	1	0.014688
P07270	P07270	1	0.00085272
P40092	P25591	1	0.0030088
P32432	Q03957	1	0.0012134
P53104	Q06410	1	0.0024312
P52490	P53152	1	0.0011044
P15646	P25582	1	0.0094691
P54786	P39703	1	0.0055681
P23561	P41697	1	0.0062492
P25376	P43561	1	0.010054
P38203	P47017	1	0.0012656
P17106	P17106	1	0.00065866
P06775	P43542	1	0.013598
P39547	P38776	1	0.006583
P46964	Q02795	1	0.005806
P50623	P40969	1	0.0027109
P40070	Q06406	1	0.0013075
P40963	P40963	1	0.0011568
P38993	Q08986	1	0.011627
P46954	P39073	1	0.0029028
Q06178	Q06178	1	0.0014085
P23291	P51601	1	0.0014892
P04817	P40548	1	0.002191
P06102	Q12514	1	0.0040615
P06774	P13434	1	0.0014555
P53691	P28707	1	0.0046738
P21705	P21657	1	0.0018155
P38203	P40089	1	0.00088087
P22140	P17898	1	0.032889
P36015	Q12255	1	0.0038704
P15646	P32495	1	0.013576
P32562	P32944	1	0.0036558
P37296	P22203	1	0.019148
Q02199	P52891	1	0.0012975
Q12447	P22216	1	0.0019386
Q04461	Q04461	1	0.0026883
P04386	P39073	1	0.0027749
P46961	P53954	1	0.01516
P23968	P35723	1	0.035923
P81449	P81449	1	0.0033334
P21672	P25367	1	0.033208
P08456	P38992	1	0.017863
P54999	Q03776	1	0.00030441
P38264	P25297	1	0.0064371
P23561	P08018	1	0.0040286
P06100	P39073	1	0.0049569
P47093	P53905	1	0.0011304
P48837	P52891	1	0.0019232
P15790	P12904	1	0.0024156
P40018	P57743	1	0.0027445
P53104	P46963	1	0.0039453
P11746	P32569	1	0.0041168
P10961	P28006	1	0.0040371
Q12446	Q12446	1	0.0060739
Q03655	P25376	1	0.0085996
P06778	P22336	1	0.012653
P32569	P07249	1	0.0021168
P39998	P39998	1	0.0079893
P38879	P40314	1	0.0019318
P06844	Q08923	1	0.005451
P36084	Q02875	1	0.0053205
Q12446	Q12270	1	0.014986
P38842	P38992	1	0.075462
Q12380	Q03818	1	0.0030195
P38842	Q06451	1	0.010048
P40548	Q12372	1	0.0026366
P46671	P43592	1	0.0037131
P38194	P32478	1	0.00088918
P50875	Q12060	1	0.005982
P36973	P49435	1	0.00063816
P53093	P53039	1	0.011022
P36103	P32583	1	0.0017021
P38781	Q06639	1	0.0012128
P53142	P39548	1	0.0050628
P14681	P05085	1	0.0018968
P54786	P21691	1	0.0047671
P38759	P40335	1	0.020361
P26343	P26343	1	0.00077464
Q00723	P38282	1	0.0018815
Q12306	Q12216	1	0.00058775
P13902	P38165	1	0.0017201
P23291	Q06490	1	0.0056166
Q12020	Q12020	1	0.0022539
P53691	P08458	1	0.004071
Q12102	Q06224	1	0.031159
P13902	P33122	1	0.0010783
P22204	P31384	1	0.0034112
P38264	P38358	1	0.0067654
Q05874	Q00873	1	0.0027471
P32389	Q12041	1	0.0011752
P06782	P18494	1	0.0022419
P54786	P48562	1	0.0034676
P36084	Q12186	1	0.013121
P17123	Q12208	1	0.0032688
P81450	P00854	1	0.041655
Q06406	P53905	1	0.00043915
Q06405	P00854	1	0.004337
P24719	P38764	1	0.0031718
P53150	Q08387	1	0.0059298
P00546	P22204	1	0.0014768
P39081	P17157	1	0.0019772
P38147	P14742	1	0.0037724
P53045	P46961	1	0.036285
P40070	P47017	1	0.0033228
P40089	P57743	1	0.00070106
P43132	Q03012	1	0.015306
P06782	P39073	1	0.004009
P53163	P53163	1	0.00026404
Q03322	P36116	1	0.00094674
Q12495	P00546	1	0.0016146
Q06169	Q06169	1	0.02087
P08456	Q08986	1	0.0093933
P08638	P08638	1	0.0029934
Q12186	P33203	1	0.0085844
Q06205	P40991	1	0.0032796
P21190	P32581	1	0.0022755
Q04149	P43586	1	0.0049949
P38840	P52490	1	0.0024398
Q12248	P36131	1	0.0022382
Q08444	P38333	1	0.0022767
P40316	P40316	1	0.0051118
P39547	Q03263	1	0.0040624
P87284	Q12372	1	0.0046949
P25376	P40350	1	0.0037599
P40548	P38992	1	0.0044597
Q04868	P38874	1	0.0055634
P38999	P47093	1	0.0078273
P32485	Q03213	1	0.0017531
P25344	P23561	1	0.012039
P08524	P08524	1	0.0069777
P38872	P40555	1	0.001401
P43588	P38637	1	0.0021063
Q08683	P53068	1	0.0008591
P25376	P53337	1	0.015461
P17106	P32389	1	0.0012577
P06782	P06782	1	0.0042961
P38013	P38013	1	0.00042986
P35206	P25515	1	0.041242
P39998	P47093	1	0.0042235
P43588	Q08723	1	0.004852
P54786	Q01684	1	0.0023999
P43605	Q12158	1	0.00091693
P32900	P50111	1	0.0032761
P23291	P41816	1	0.0022505
P29295	P38872	1	0.0015282
Q02199	P48837	1	0.011601
P29295	P39998	1	0.0051165
P38264	P50944	1	0.01725
P48837	P45819	1	0.0072165
P12962	P07260	1	0.0051232
P39009	P22216	1	0.0043793
P50105	Q03761	1	0.0042998
P39001	P21965	1	0.0016523
P34162	P32569	1	0.0042706
P34162	P33754	1	0.0017132
P38970	P30606	1	0.0015691
P45976	P35728	1	0.010978
P00546	P32562	1	0.0017205
P29295	Q03558	1	0.0033602
P06784	P14681	1	0.0017109
P38264	Q12372	1	0.02158
P39081	Q12102	1	0.010525
P53337	Q12372	1	0.023288
P27614	P25604	1	0.012707
P47093	Q12420	1	0.0040335
P38920	P14242	1	0.012717
P39081	P39081	1	0.0042343
P22204	P06738	1	0.002106
P27514	P38264	1	0.014475
Q03558	Q12152	1	0.0052596
P43321	P39990	1	0.0014148
P33767	Q02795	1	0.013959
P46963	Q03957	1	0.0024878
P36062	P38264	1	0.016125
P39551	P25376	1	0.010187
Q03919	P52491	1	0.00029819
Q12446	P38837	1	0.01071
Q03954	P36131	1	0.0038677
P07260	Q12100	1	0.0026395
P35189	P41895	1	0.0066717
P11938	P07261	1	0.001762
P43321	Q06406	1	0.00055924
P32805	P50113	1	0.000471
P40582	P40582	1	0.0030807
P22209	P22209	1	0.00363
P43321	Q03338	1	0.0032998
P47038	P39515	1	0.011446
P22216	P04912	1	0.0043808
Q06819	P53905	1	0.00091664
P36010	P36010	1	0.00094223
Q06697	P38351	1	0.0089636
P38729	P06775	1	0.0030501
P15790	P04911	1	0.0018495
P53108	P53093	1	0.012471
P25376	P87284	1	0.0034236
P13902	P32607	1	0.0011988
P38072	P00410	1	0.0018546
P40548	Q08986	1	0.0026951
Q06135	P53344	1	0.0092566
P53176	P40475	1	0.0055139
Q00772	P41808	1	0.0019668
Q12102	Q07509	1	0.0037703
P39547	Q08193	1	0.01063
P38203	P40070	1	0.003833
P39547	P39548	1	0.012325
P46961	P42946	1	0.034373
P06784	P16892	1	0.001826
P32911	Q05775	1	0.0013581
Q06451	P38264	1	0.00697
Q12066	Q12066	1	0.037067
P38764	P36003	1	0.0028183
Q02516	P14064	1	0.0014473
P15992	P15992	1	0.010542
P40089	P40089	1	0.00059801
P46961	P38723	1	0.022915
P00546	Q12100	1	0.00094728
P05986	P06738	1	0.001429
P23291	P38998	1	0.0031936
P00546	P53739	1	0.00082994
P06782	P18961	1	0.0044052
P04817	Q08271	1	0.0092266
P23968	P38264	1	0.04765
P23968	Q12078	1	0.057231
P32861	P32861	1	0.0042033
P32367	Q02629	1	0.013824
P22204	P39073	1	0.0036355
P51601	Q00772	1	0.0020213
P38874	Q02908	1	0.0050609
P06778	P06778	1	0.012164
P38920	P39875	1	0.0073654
P38147	P34218	1	0.0023586
P25586	P38333	1	0.0038173
P07269	P07270	1	0.0012818
Q07824	Q02795	1	0.0045921
P38084	P41815	1	0.01072
P53176	P04817	1	0.0090944
P38264	Q08986	1	0.021377
P53337	Q08986	1	0.022801
P38072	P23833	1	0.0018411
P47017	P57743	1	0.00097634
P38723	P53048	1	0.0079219
P06100	P31384	1	0.004626
P14724	Q08683	1	0.00031868
Q12432	Q08649	1	0.010872
P47017	Q06406	1	0.00056653
P13517	P38191	1	0.001988
P35691	Q05874	1	0.0050165
P39001	P05085	1	0.0022704
P00546	P48562	1	0.0014926
P41697	P00546	1	0.0015311
P48581	P48581	1	0.0097957
P00546	P36165	1	0.0023559
P07269	P00546	1	0.0011606
P25376	P35723	1	0.012758
P46964	Q92316	1	0.0047446
P38842	P46961	1	0.050137
P35189	Q12297	1	0.0087431
P43321	P40204	1	0.00068305
P38729	P38156	1	0.0025549
Q06217	Q12330	1	0.00029564
P14681	Q03373	1	0.0018223
Q12060	Q12060	1	0.0059525
P26448	P47113	1	0.0043759
P15790	P39081	1	0.002025
P25293	Q12692	1	0.0022284
P43321	P47093	1	0.0015849
P32485	P38623	1	0.00232
P07260	P39009	1	0.0048314
P22216	P22216	1	0.0052447
Q12248	P36162	1	0.0018661
P53045	P08456	1	0.012299
P14724	P53068	1	0.00098953
P38147	P40316	1	0.0043449
P25376	P08456	1	0.0064911
Q06644	P43542	1	0.014535
Q12306	Q12306	1	0.00016987
Q99314	P40963	1	0.0025778
P00546	Q07084	1	0.0022032
P15646	Q08096	1	0.010191
Q03455	P53735	1	0.018569
P39996	P39996	1	0.0068067
P40096	Q92317	1	0.00072952
P43321	P40089	1	0.00079152
P23968	P25515	1	0.059359
P46961	P38992	1	0.058097
P53093	P53093	1	0.0077924
P43321	Q06217	1	0.00047296
P04386	Q02516	1	0.0011165
P38729	P46961	1	0.0051505
P40070	P47093	1	0.0050297
P25376	P40548	1	0.0020235
P38274	P38274	1	0.0057665
P16892	Q03373	1	0.0019565
P14681	P25293	1	0.0021418
P32569	Q08278	1	0.0029817
P06782	P38622	1	0.0031231
P35189	P38351	1	0.010028
P53691	Q00772	1	0.0027449
Q06224	P35728	1	0.023374
P32628	P48510	1	0.0054927
P39547	Q12256	1	0.0075531
P23561	P32485	1	0.005237
P53039	P38191	1	0.0032154
P23968	P35206	1	0.05609
Q00772	Q12044	1	0.0044354
P32628	P32628	1	0.0035852
P23561	P23561	1	0.010792
Q02574	P17123	1	0.0052175
P38729	P53181	1	0.0013806
P14306	Q02199	1	0.0036801
P36034	Q12372	1	0.0089621
Q02205	P53290	1	0.0072801
Q03954	P36162	1	0.0031894
P15646	P40991	1	0.004093
P36121	P25441	1	0.0039877
P32628	P38764	1	0.0036542
P47017	P47017	1	0.001156
P17123	P47176	1	0.004886
P53905	Q12420	1	0.0017436
Q02875	Q12186	1	0.0097708
P13902	P53750	1	0.0016108
P05986	P23291	1	0.0015263
Q03323	Q03012	1	0.0057403
P53905	Q06217	1	0.00037527
P25293	Q12152	1	0.004645
P35189	P34218	1	0.00385
P35723	P25515	1	0.02812
P37370	Q12446	1	0.0070823
P00044	P00431	1	0.0022095
P38920	Q07980	1	0.011237
P13434	Q02516	1	0.00073664
P33767	P46964	1	0.0097081
Q06406	P57743	1	0.00050279
Q02574	Q03818	1	0.0028474
Q92316	P39007	1	0.0075144
P32485	P08018	1	0.0022282
P32562	P47113	1	0.0053533
Q03322	P53039	1	0.0038051
P00546	P50275	1	0.0013099
P47093	P57743	1	0.0013659
P47017	P40089	1	0.00080155
P48439	Q02795	1	0.0078754
Q12495	P21691	1	0.0056675
P47093	Q06406	1	0.00075538
P12904	P12904	1	0.0064451
P39001	P07249	1	0.001529
P38889	P53968	1	0.0014239
P43619	P43619	1	0.005785
P53323	P32642	1	0.0010258
P04817	P40350	1	0.0041359
P47093	Q03338	1	0.0053072
P42839	P38264	1	0.026223
Q00772	P32490	1	0.0017396
P06104	P43132	1	0.0051326
P53176	P23585	1	0.0031487
P47093	P53147	1	0.0014089
P14681	Q03063	1	0.0018975
P40070	P40089	1	0.0020817
Q12469	P38237	1	0.0080678
P04386	P04386	1	0.0021021
P32628	Q06665	1	0.0069403
Q12329	Q12329	1	0.0026543
P10961	P38889	1	0.0031583
P12904	Q03533	1	0.0046485
P46964	P39007	1	0.0064404
P38203	P53905	1	0.0009015
P00546	P47116	1	0.001534
Q08465	P34218	1	0.0021163
P17157	P25333	1	0.0014163
P00546	P21192	1	0.00090961
P38729	P42934	1	0.0033788
P38264	P25360	1	0.011941
P04817	P53337	1	0.017938
P47090	Q02795	1	0.012704
Q12248	Q03954	1	0.001457
P38203	Q06406	1	0.0006146
P40018	P40070	1	0.012874
P07260	P18961	1	0.005403
P36100	P32776	1	0.0063426
P25385	P40509	1	0.00060631
Q07824	P38264	1	0.0075525
P00546	P08153	1	0.00064784
P17106	P40969	1	0.0012043
P32944	P38274	1	0.0038853
Q06451	P38723	1	0.0058797
Q03558	Q12223	1	0.0055816
P06774	Q06410	1	0.0025656
P48562	Q02629	1	0.0068278
P29295	P39004	1	0.0021266
Q12102	Q12102	1	0.029448
P15790	P53142	1	0.0016564
Q07986	P36147	1	0.006436
P53176	P38723	1	0.011023
P07260	P53905	1	0.0016378
Q12495	P40963	1	0.0021212
P53045	P38264	1	0.03075
P49686	P52891	1	0.0016905
P14682	P14682	1	0.008053
Q08902	P38723	1	0.004482
P07269	P22035	1	0.0015048
P34162	P04386	1	0.0027213
P40991	P38779	1	0.0033395
P32571	P34227	1	0.0025434
P21827	P39705	1	0.0021922
P23968	P25376	1	0.022198
P57743	P57743	1	0.00086173
P32897	P00175	1	0.017051
P38879	P32328	1	0.003203
Q08683	Q12107	1	0.00068698
P00546	P32328	1	0.0016225
P40078	Q12522	1	0.014376
P53176	P53322	1	0.0055249
Q03558	Q12222	1	0.0015905
P33767	Q92316	1	0.011892
P00546	P32944	1	0.0013232
P53905	P57743	1	0.00071619
Q02574	P48581	1	0.010593
P57743	Q03338	1	0.0027322
P40885	P47187	1	0.0053469
P46954	P46954	1	0.0022972
P36068	P47049	1	0.010087
P40518	P53731	1	0.0019642
P45976	Q06224	1	0.014858
P15790	P32432	1	0.0011954
P32564	Q12223	1	0.014254
Q06628	P53104	1	0.0039163
P38264	P25515	1	0.035192
P38147	P38147	1	0.0037286
P06782	P38082	1	0.0015643
P32478	P38240	1	0.0063899
P11746	P07250	1	0.002591
P15790	P19454	1	0.00086063
P32628	Q02939	1	0.0022552
P47093	P47017	1	0.0016091
Q12495	Q99314	1	0.0057244
Q04226	P11747	1	0.0014253
P48836	P37296	1	0.0086807
Q03323	P43132	1	0.0051369
Q12328	Q08749	1	0.014403
P00546	Q07980	1	0.0025351
P38723	P42946	1	0.020871
Q03322	P38932	1	0.0018554
Q08956	P41277	1	0.0042861
P32491	P38764	1	0.0026878
P39682	P54999	1	0.00027218
P39515	P32897	1	0.038126
P06782	P27705	1	0.0015902
P29295	P06738	1	0.0020777
P39718	P29340	1	0.002417
P04817	P35723	1	0.014489
P32628	P32776	1	0.0064654
P38764	P48510	1	0.0055866
P23291	P39009	1	0.0023233
P00546	P24482	1	0.0018616
P47093	P53952	1	0.0025752
P25376	P53388	1	0.0093542
P47093	P40089	1	0.0010941
P09457	P00854	1	0.0046689
Q06217	P54999	1	0.00025453
P40892	P40892	1	0.014086
P23291	P38070	1	0.001756
P40070	P53905	1	0.0021695
Q08193	P38264	1	0.01474
P04817	P32842	1	0.027212
Q92316	Q02795	1	0.0069287
P53176	Q07904	1	0.0057456
P21190	P21190	1	0.0018229
Q12223	P41277	1	0.01491
P39001	P38615	1	0.0017174
Q12343	Q08278	1	0.0029238
Q01852	P32897	1	0.019228
P32569	P39073	1	0.004479
P38622	Q08723	1	0.0047276
P38695	P54854	1	0.0019373
P54999	Q07508	1	0.00055562
P34162	P38334	1	0.004544
P53941	P47083	1	0.0042874
P38264	P40475	1	0.0093769
Q04149	P35189	1	0.0056934
P14306	P48837	1	0.0060652
P38889	P38889	1	0.0030735
Q07824	P38842	1	0.010928
P04817	P43561	1	0.01129
Q02197	P23059	1	0.0017305
P38264	P53389	1	0.0091724
P35723	Q12372	1	0.01871
Q12446	P38764	1	0.0047364
P50623	P50623	1	0.002823
P11746	P05085	1	0.0026538
P32915	P38264	1	0.040652
P06100	Q12514	1	0.0038772
P39009	Q04964	1	0.0037325
P38842	P26343	0	0.0043649
Q03784	P40465	0	0.010524
P46985	Q03957	0	0.001732
Q12270	P47176	0	0.019198
P53203	P54999	0	0.0010897
Q12328	Q08235	0	0.017862
P32563	Q04437	0	0.037614
P35723	P32628	0	0.0081363
P38736	P40344	0	0.0026158
P40344	P21538	0	0.0021376
Q04935	P38872	0	0.0025609
P39718	P32910	0	0.0014754
Q12270	Q02197	0	0.010039
P32264	Q01080	0	0.015735
Q06096	Q06224	0	0.010537
P21801	Q92317	0	0.0011406
P53142	P38911	0	0.0036339
P46671	P38358	0	0.00366
Q99385	P11938	0	0.0044465
Q02866	P38786	0	0.013269
P21524	Q12432	0	0.03758
Q08732	P40096	0	0.00078324
Q00873	P48837	0	0.0061163
P46671	Q12495	0	0.0052442
Q06644	P38910	0	0.006856
P23644	Q04004	0	0.0073472
P47124	P07249	0	0.0014136
P38138	P50944	0	0.0071515
P25515	Q07508	0	0.0074035
Q04004	P45976	0	0.0041086
P32264	P38889	0	0.0089107
P25632	Q04149	0	0.0042071
P53735	Q99278	0	0.003753
P53337	Q08235	0	0.01064
P39112	P13434	0	0.0026519
P33296	P40089	0	0.0022185
P53954	P38998	0	0.0071397
P22203	P24482	0	0.010035
P14126	Q06339	0	0.0040304
P41800	Q04149	0	0.0039441
Q03860	P07272	0	0.0048407
Q06644	P32495	0	0.017081
P31382	P53905	0	0.0018723
P31382	P40316	0	0.0067088
P00854	P36094	0	0.013507
P33759	Q04930	0	0.0056633
P35723	P38911	0	0.0096948
P25719	Q02516	0	0.00058779
P53735	Q03920	0	0.0051298
P32563	P06782	0	0.010218
P40009	Q12468	0	0.0089034
P40496	P18888	0	0.0045236
P41912	P38204	0	0.0026752
P33296	Q02629	0	0.016684
Q06151	P39682	0	0.0011834
P35176	Q12020	0	0.0020264
P23833	Q04411	0	0.0019141
P39718	P00431	0	0.0026498
Q02197	Q03776	0	0.00094545
P00854	P40991	0	0.010143
Q06169	P18480	0	0.015779
Q03860	P32563	0	0.023829
P40155	P26754	0	0.0028632
P29340	P50111	0	0.0041595
P31412	P46963	0	0.004997
Q12328	Q12186	0	0.052068
P13711	P25515	0	0.02831
P32842	P32773	0	0.0091705
P39718	P14832	0	0.0011573
P15367	P12385	0	0.0032862
P22203	P32389	0	0.0065435
Q03899	P04911	0	0.0078135
P41912	P40096	0	0.001267
P32842	P31384	0	0.014275
P33296	P06778	0	0.014155
P53337	P14242	0	0.0236
P38287	P10961	0	0.010221
P32387	Q08278	0	0.0029213
P39112	P53437	0	0.0057808
P38310	P36094	0	0.010993
P38842	P32569	0	0.016248
P36520	P40971	0	0.0026885
Q01852	Q02629	0	0.0171
P15367	P32832	0	0.0021871
P18962	P36121	0	0.0016239
P35723	P20435	0	0.007321
Q03784	P41896	0	0.011354
Q03785	Q03213	0	0.002316
P48439	P08153	0	0.0017595
P46985	P25515	0	0.0098117
Q06644	P46963	0	0.0082936
P40155	Q03497	0	0.0022174
Q12270	Q12041	0	0.0032485
P47090	Q03213	0	0.004019
P25515	P36147	0	0.00929
Q12255	P40204	0	0.0014996
P32897	P39682	0	0.0013102
Q03784	P53628	0	0.0067186
Q12270	P32842	0	0.044352
Q03899	P21192	0	0.0042031
P41912	P38920	0	0.0057118
Q00873	P11746	0	0.0025787
P38353	P40496	0	0.020787
P21306	Q03465	0	0.00090444
Q02795	P42846	0	0.009002
P39734	P21827	0	0.0014949
P15367	O13563	0	0.0019928
Q02784	Q03465	0	0.00080629
Q03899	Q08096	0	0.017363
P33296	P14908	0	0.011201
P49166	P38889	0	0.003044
Q12255	P36049	0	0.003784
P41277	P21192	0	0.0043116
Q02784	Q08096	0	0.0021511
P23833	Q07508	0	0.0020803
P32897	P40693	0	0.017596
P25515	P21827	0	0.0056135
P33754	P08458	0	0.0021818
Q00873	P40368	0	0.0033656
P53253	P32786	0	0.0022689
P46671	P22139	0	0.0010224
P14908	Q02197	0	0.0050363
Q02784	P50111	0	0.0015088
P36147	Q08465	0	0.0027809
P38138	P47124	0	0.0030329
P53337	P06100	0	0.013567
Q06169	P40991	0	0.0065131
P35176	P38872	0	0.001179
P00854	Q03776	0	0.0024616
Q03784	Q99385	0	0.020267
P47165	Q08923	0	0.0042365
Q06169	Q03860	0	0.02089
P38287	Q12341	0	0.0068328
P32264	Q05900	0	0.030806
P40582	Q08683	0	0.00074523
P35723	Q05900	0	0.024385
Q06644	P43572	0	0.0093528
P53253	P25567	0	0.0027024
P32563	P06778	0	0.017726
P29340	Q12277	0	0.0039846
Q12082	Q03373	0	0.0047298
P38287	Q06217	0	0.0013842
P38353	P36121	0	0.013276
P23833	P41277	0	0.0065938
P40582	P05085	0	0.0025323
P32563	P45976	0	0.013209
P00410	Q12216	0	0.0042315
P40582	P48837	0	0.0076602
P01097	Q07980	0	0.00090012
P22203	P32387	0	0.0089471
P39734	P04912	0	0.0027173
P53735	P33203	0	0.0064048
P38264	Q06168	0	0.0067707
P38353	P38874	0	0.019721
P00175	P21538	0	0.0028949
P34227	P07269	0	0.00144
P10355	Q03957	0	0.00052062
P40106	P32367	0	0.016614
P38842	P07261	0	0.0097877
P53735	P39990	0	0.0043428
P47090	Q08732	0	0.0039534
P00854	P53068	0	0.017575
P00410	O13563	0	0.0028384
P33767	P21657	0	0.0048142
P34227	P39990	0	0.0013662
P46671	P22035	0	0.0024066
P50944	Q08601	0	0.0052354
P34227	P38333	0	0.0016025
P21801	Q03338	0	0.0037813
P47090	Q12330	0	0.0015095
Q02795	P38903	0	0.0034246
P22203	Q02866	0	0.010988
P40344	Q03406	0	0.0044768
P18962	Q03213	0	0.0010329
P15367	Q12495	0	0.0023215
Q03899	P41814	0	0.009495
P14832	P46963	0	0.0019222
P13711	P39705	0	0.0088341
Q00873	P32909	0	0.0046157
Q12270	P36094	0	0.010745
P53735	P11747	0	0.0033397
P33296	Q04964	0	0.0075069
P38910	Q12107	0	0.0032383
P31412	P34162	0	0.0038168
P47124	P46963	0	0.0033777
P38842	P38779	0	0.015901
P53163	P32832	0	0.00074192
P53337	Q06168	0	0.0077044
P38842	Q12216	0	0.02149
P08524	P53437	0	0.0043696
Q04935	P21192	0	0.0035034
P39515	Q08683	0	0.0020868
P38287	P46947	0	0.013294
P33767	P06843	0	0.018633
P53735	P09938	0	0.0053178
P33754	P38786	0	0.0036279
P46985	Q06091	0	0.0036593
Q06096	P38837	0	0.0084396
P49166	P53204	0	0.003025
P40009	Q05900	0	0.021528
P40582	P47123	0	0.0054424
P40350	Q99257	0	0.0058922
P41912	P20081	0	0.0010797
P32909	Q02260	0	0.010016
P38358	P34227	0	0.0015694
P38072	Q08278	0	0.0016033
P35723	Q12468	0	0.01017
Q03784	Q04149	0	0.0070534
P38736	P12904	0	0.0025631
P27614	P14306	0	0.0045752
P15367	P22139	0	0.00058994
P38353	Q12420	0	0.022616
P53253	Q06410	0	0.0023177
P39734	P14126	0	0.0067733
P00431	P32495	0	0.0090971
P25515	Q07913	0	0.015811
P18962	Q99207	0	0.00275
Q06096	P21538	0	0.0017565
P32897	P45976	0	0.011905
P33296	Q02197	0	0.0069577
P01097	P17214	0	0.0004828
P33754	Q12285	0	0.00092706
P48439	Q12082	0	0.010489
P32915	P39009	0	0.013661
P01097	P49435	0	0.00035851
P38358	Q06406	0	0.00076741
P53954	P23293	0	0.0043172
P40582	P34218	0	0.0021637
P32387	P14682	0	0.0063134
Q99385	P18494	0	0.0042633
P23644	P04912	0	0.0094228
P25580	Q12186	0	0.013935
P53735	P28004	0	0.010802
P36062	Q08278	0	0.0039875
P53163	P14242	0	0.0011433
P18962	P40018	0	0.0029266
P38910	Q03213	0	0.0021195
Q02795	P34162	0	0.0053018
P08524	P25441	0	0.0060225
P38842	Q01080	0	0.022107
P25632	P54999	0	0.0007989
P48439	P47074	0	0.0044682
P31412	P05085	0	0.002901
P53163	P15646	0	0.0009222
P00175	P21190	0	0.0047432
Q03784	P25632	0	0.010267
P21672	P38805	0	0.0092604
P33754	P40368	0	0.0020425
P10355	Q02908	0	0.00088697
P36062	P18888	0	0.0060014
P14908	P48837	0	0.012596
P53735	P21306	0	0.0024388
P25580	Q12328	0	0.027381
P32915	P04386	0	0.0087454
P40350	Q05881	0	0.0039123
P39718	P47093	0	0.00215
Q05881	Q03338	0	0.011542
P48813	Q12044	0	0.0081386
P29340	P22216	0	0.0041311
P32563	P32387	0	0.010992
P38736	Q12223	0	0.0030595
P33296	P06782	0	0.0082641
P23833	Q07913	0	0.0037471
P35206	P33331	0	0.0066121
Q12168	P14064	0	0.0041778
P53045	P54999	0	0.0013426
P35176	P25515	0	0.007841
P46985	P14680	0	0.0020651
P40106	Q12495	0	0.0097325
P33754	Q08465	0	0.0015354
Q05881	P52960	0	0.0065833
P38353	P45976	0	0.022828
P41912	P52960	0	0.0041534
P53253	Q12186	0	0.0069095
Q03784	Q06151	0	0.015491
P53735	P11938	0	0.0037516
Q01852	Q03761	0	0.0093856
Q01852	P47123	0	0.013225
Q02784	P40089	0	0.0006043
P23833	Q06340	0	0.0034205
P38138	P21190	0	0.0028509
Q08749	P47074	0	0.0028337
P40582	Q06665	0	0.0062934
P38138	Q08931	0	0.0035857
P33754	Q03465	0	0.00099162
P39515	P25367	0	0.05746
P31412	P38204	0	0.002784
P53203	P38910	0	0.0079317
P31382	Q03338	0	0.010904
P38358	P38889	0	0.0026795
P23644	Q99257	0	0.027335
P53163	Q02260	0	0.00090035
Q06096	P49166	0	0.0035265
P12385	Q07458	0	0.01109
P53163	P06100	0	0.00085864
P53045	P41895	0	0.010871
P34227	P34218	0	0.0012815
Q01217	P25632	0	0.0088277
P18962	Q12432	0	0.0036748
P40009	P21538	0	0.0029227
P00044	P49723	0	0.0023139
Q99385	Q99314	0	0.011662
Q03899	P38351	0	0.012868
Q02608	Q99314	0	0.0052473
P13711	Q08956	0	0.0039579
P33759	P06774	0	0.0057311
P36062	Q06410	0	0.0046033
P09440	P24482	0	0.0081934
P53045	P14242	0	0.024276
P36520	P21190	0	0.0045111
Q03785	Q12158	0	0.0048444
P39718	P22216	0	0.0030616
P27614	P32786	0	0.0046956
P31412	Q04226	0	0.0026427
P40009	Q05874	0	0.0074867
P08018	P11746	0	0.0024564
P38736	P47074	0	0.0017908
P46985	Q00873	0	0.0023561
P18962	Q04964	0	0.0017659
P36973	P38920	0	0.0018888
P25719	Q03957	0	0.00074773
P23833	P27705	0	0.0012455
P40496	P53905	0	0.0015707
P32563	P04386	0	0.0063597
P53203	P38310	0	0.024668
P32915	P20435	0	0.011485
P50111	P32583	0	0.0030443
P35206	Q99207	0	0.020074
P32842	P34227	0	0.0063505
P14908	P11746	0	0.0050166
P32842	P38333	0	0.011895
P40582	P06774	0	0.0028411
P40350	P46963	0	0.0032626
P46985	Q12343	0	0.0036484
Q12447	P32495	0	0.0033957
P46671	Q00723	0	0.0031019
P25580	P36053	0	0.0021787
Q06096	P40018	0	0.0074005
P38842	P25719	0	0.0030943
Q04121	P38781	0	0.0025207
P29340	Q07896	0	0.0033326
P40009	Q02629	0	0.016136
P53163	P08018	0	0.00057574
P08524	Q06091	0	0.0058646
Q12447	P32389	0	0.001481
P36029	P52891	0	0.002537
P33754	Q07084	0	0.0024881
P38287	Q05874	0	0.011156
P47124	Q08601	0	0.002355
P25632	P47123	0	0.0077825
Q99385	Q12692	0	0.0055246
P38138	P25582	0	0.0075589
P27614	P22336	0	0.012075
P50111	P41895	0	0.0046213
P35176	Q08096	0	0.0048263
P36029	P36973	0	0.0032807
P31412	P38237	0	0.00487
P48813	P53941	0	0.0065772
Q06644	Q12447	0	0.002552
P25515	P35728	0	0.026645
P25515	P09440	0	0.021885
P35723	P27614	0	0.015134
P00431	P53261	0	0.0025613
P48439	P32773	0	0.0039167
Q03860	P27614	0	0.015164
P35176	P36147	0	0.0021963
P32387	Q02866	0	0.0061777
P40350	P43572	0	0.003652
P35176	P41814	0	0.0029115
Q06410	P47083	0	0.0029586
P50944	P20433	0	0.0023942
P46985	P53905	0	0.0011893
P49166	Q01080	0	0.004821
P50944	Q03465	0	0.0030959
P25580	Q12488	0	0.0074124
P46985	P47083	0	0.0031972
P21306	P41814	0	0.0016493
P50944	P32832	0	0.0066131
P48813	P18494	0	0.0031246
P53954	P18480	0	0.0087286
P36147	P09938	0	0.0025492
P32915	Q05636	0	0.021867
P53735	P22216	0	0.0082165
P31382	Q06091	0	0.0066416
P29340	P49723	0	0.0037154
P09457	P40344	0	0.0020149
P31382	P40422	0	0.00060122
P15367	P13711	0	0.0040687
Q06096	P50106	0	0.0030134
Q03860	P38872	0	0.0031564
Q06644	Q04226	0	0.0041329
P13711	P12385	0	0.013914
Q03860	P07347	0	0.0037817
P38358	P40368	0	0.0036277
P21801	P32389	0	0.0019306
P35206	P21657	0	0.0055097
P40496	P53032	0	0.0020693
Q00873	P22216	0	0.0032114
P33296	P32583	0	0.0049128
P35723	Q04437	0	0.029293
P48439	P17214	0	0.0033469
P48439	P34227	0	0.0026255
Q12447	P47074	0	0.0014933
P01097	P38789	0	0.00083792
P36029	P48813	0	0.020887
P33759	Q12341	0	0.0047265
P25580	Q12692	0	0.0035756
P35206	P39705	0	0.011998
P38353	P53032	0	0.0058724
P32264	P50106	0	0.0068741
P53253	Q12692	0	0.0020642
P53954	P40991	0	0.0038823
P40582	P38264	0	0.0079645
Q99385	P36520	0	0.017108
P33767	P32776	0	0.017714
P53163	Q08235	0	0.00074453
P38264	P47017	0	0.0043025
P15367	Q02516	0	0.00090382
P40155	P38287	0	0.010077
Q12328	P40106	0	0.050095
Q08732	P34218	0	0.0013219
P36147	Q04964	0	0.0032592
P36147	P06104	0	0.0024435
P09440	P32910	0	0.0031636
P21801	P43572	0	0.0030679
P13711	Q08683	0	0.0012678
Q03899	P14242	0	0.018853
P36520	P21538	0	0.0027315
Q12255	P06104	0	0.0042095
P39718	Q07896	0	0.0025062
P53253	Q12488	0	0.0039808
P38013	Q99314	0	0.0012992
Q02608	P42846	0	0.00624
P38138	Q03063	0	0.0031154
P08018	P14242	0	0.0049838
P41800	P12904	0	0.0058068
P36973	P49686	0	0.0022105
P40582	P11746	0	0.0031864
P08524	P14724	0	0.0010891
P25515	P42845	0	0.011294
P38287	Q02199	0	0.015733
Q03860	Q12082	0	0.016058
P18962	P33400	0	0.0007154
P29340	Q03784	0	0.0075415
P21306	Q99278	0	0.00098776
P32525	Q12151	0	0.0040792
Q08749	P32354	0	0.0050749
P00175	P40971	0	0.0028747
P53045	P12904	0	0.013861
Q06096	Q04868	0	0.0049191
P32842	P47176	0	0.028451
Q04935	Q12041	0	0.0021352
P39112	P47165	0	0.0084937
P53337	Q03899	0	0.025456
Q04121	Q12223	0	0.011651
P53163	Q12186	0	0.001273
Q03899	P53163	0	0.001208
P38334	Q12488	0	0.0063927
P39515	P28004	0	0.0287
P46671	P06104	0	0.0035672
P00044	Q06406	0	0.00061457
P18962	P32525	0	0.0021092
Q01852	P11938	0	0.0040793
P40582	P08018	0	0.0023646
P36062	P33203	0	0.0056868
P10355	P08638	0	0.00074901
P08018	P28004	0	0.0038151
P41800	Q08553	0	0.0036327
P32842	Q03081	0	0.0023835
P40009	Q04121	0	0.014564
P36029	Q03899	0	0.034301
P33767	P36094	0	0.0086228
Q12255	Q02197	0	0.005207
P35723	P04386	0	0.0057535
P53045	Q08235	0	0.010568
P21524	P32832	0	0.012866
P53253	P36062	0	0.0046892
P22203	Q03338	0	0.015875
P39734	Q06339	0	0.001359
P33296	P32563	0	0.021023
P53337	P54999	0	0.0013674
P38334	P09938	0	0.0037151
P38358	P49166	0	0.0026396
P32264	P53204	0	0.0085316
P10355	P38779	0	0.00088298
P09440	P06843	0	0.01222
P21306	Q03920	0	0.0012089
P21524	P39990	0	0.0074962
P35723	P39009	0	0.0083007
P39515	P21524	0	0.064538
P15367	P10355	0	0.00055306
Q06096	P38805	0	0.0037137
P47090	Q06639	0	0.0058991
P38623	P21192	0	0.0015264
P22203	Q03373	0	0.0053248
P33767	P09440	0	0.016868
P47124	P34162	0	0.0027044
P32915	P38911	0	0.01526
P38334	P12385	0	0.0078792
P31382	P32389	0	0.0048171
Q02795	Q12255	0	0.0082965
Q12434	P36049	0	0.0030933
P25719	P08638	0	0.0010978
P40155	Q12328	0	0.016088
Q12328	P32832	0	0.018361
P32842	P53437	0	0.012235
P40106	Q12186	0	0.023983
P13711	Q06665	0	0.015953
P27614	P40089	0	0.0019701
P10355	Q02516	0	0.00042998
P39112	Q12102	0	0.020741
P49166	Q05900	0	0.0086909
P38998	Q99207	0	0.0093614
Q12082	P33203	0	0.0065724
P32563	Q12297	0	0.01286
P38623	P18888	0	0.0027107
P53337	P41895	0	0.010884
P38310	P18961	0	0.013161
P32842	Q12041	0	0.0039122
P47176	Q92317	0	0.0026901
P09457	P38903	0	0.0011175
Q12328	P14242	0	0.042748
P53203	P38779	0	0.0083073
P41800	P26343	0	0.001746
P46985	P42845	0	0.0030437
P53735	P41800	0	0.0082454
Q12328	P15646	0	0.024937
P33296	Q12270	0	0.024162
P53045	P29295	0	0.0096104
P38138	Q04930	0	0.0033891
Q02795	P43321	0	0.0026828
P21306	Q08096	0	0.0025236
P39515	Q06665	0	0.036568
P36520	P08153	0	0.0020999
P46671	Q02516	0	0.0016879
P13711	P38781	0	0.0027511
P53203	P36029	0	0.027787
P14126	P38837	0	0.024447
Q02784	P38768	0	0.0020663
P48439	Q03081	0	0.0011643
Q02784	P41814	0	0.001451
P46985	P32909	0	0.0054578
P48439	P32842	0	0.023313
P39734	P25502	0	0.0017632
P00044	P38237	0	0.0026173
P25632	P36094	0	0.0043711
P40009	P39009	0	0.0074117
P09457	Q03406	0	0.001498
Q06151	P41896	0	0.0096227
P33759	P10961	0	0.0068641
Q12255	Q05958	0	0.0035802
P25580	P35178	0	0.0065147
P49166	P50106	0	0.0025798
P00854	Q04603	0	0.0074279
P22203	P35189	0	0.014114
P38138	P20433	0	0.0017099
P39112	P50105	0	0.0065683
P38842	P41800	0	0.016523
P32387	P32776	0	0.0078813
Q12328	Q02260	0	0.026951
P34227	P32773	0	0.0014785
P25580	P32432	0	0.0029228
P53253	P32432	0	0.0017399
P00175	P43321	0	0.0034995
Q06644	P53941	0	0.0070081
P53337	P38264	0	0.02959
P48813	Q04868	0	0.0075586
P32915	Q05900	0	0.042216
P40155	P26343	0	0.0015018
P32842	P38013	0	0.0028947
P31412	Q12522	0	0.004421
P33754	Q03761	0	0.0019808
P35206	P32776	0	0.021071
Q01217	Q06217	0	0.0010407
P41277	P18888	0	0.0086829
P40009	Q12420	0	0.010324
Q12044	Q06639	0	0.0036611
Q03784	Q08553	0	0.0062199
P47124	P38204	0	0.0020186
P38264	P36053	0	0.0034263
P47165	Q12192	0	0.0036232
Q12270	P14908	0	0.015927
P32909	Q08683	0	0.0011196
P53253	P35178	0	0.00364
P38287	P33759	0	0.024065
P40350	Q04226	0	0.0018272
P40582	P14682	0	0.0048746
Q03899	Q08235	0	0.0085011
P48439	Q03860	0	0.012457
Q06096	P32264	0	0.010039
P18962	Q06224	0	0.0040953
P48439	P38333	0	0.004483
P09440	P38889	0	0.0057375
P47165	P13434	0	0.0018561
P53337	P53163	0	0.0014135
P14126	P49723	0	0.009934
P14908	P22216	0	0.0065356
P38138	P38889	0	0.0037772
P46671	Q6Q547	0	0.0032497
P53045	Q06168	0	0.0076807
P25719	P54999	0	0.00035056
Q06096	P22336	0	0.00705
P53337	P47017	0	0.004892
P39734	P04911	0	0.0026001
P48813	Q06639	0	0.0042301
P36147	P11747	0	0.0016932
P18962	P21524	0	0.004764
P36062	P33759	0	0.012286
Q12044	P35178	0	0.0061642
P40582	P31412	0	0.00352
P40009	P21657	0	0.0040046
P32897	Q12297	0	0.011488
Q06169	Q08923	0	0.0080756
P25515	P53261	0	0.0072853
P47124	Q04226	0	0.0019318
P50111	Q08931	0	0.0038226
P35206	P06843	0	0.022028
P41912	Q12522	0	0.0041788
P21801	P47176	0	0.0035202
Q99385	P15646	0	0.012134
Q08749	P07270	0	0.0015737
P46985	P38837	0	0.0068024
P38353	Q12297	0	0.021628
P33296	P17157	0	0.0033316
Q12270	Q04868	0	0.013978
P25580	P49686	0	0.010961
P53253	P49686	0	0.0055835
P39734	P39001	0	0.0022282
P53142	P25586	0	0.0038274
P18962	P38911	0	0.001979
P53954	Q12223	0	0.0081614
P36062	P35178	0	0.0074317
P29340	P32910	0	0.001872
P29340	P23833	0	0.0027306
Q05874	P10961	0	0.0035281
P35723	P53142	0	0.0066808
P40344	P25582	0	0.0090957
P15367	Q08956	0	0.0012487
P32525	Q03213	0	0.0024576
P35206	P36094	0	0.010009
P25719	P38779	0	0.0013142
P33754	P07249	0	0.0009407
P33767	P39705	0	0.01033
P38842	P08638	0	0.011204
P46985	P32583	0	0.0022386
Q07084	Q06217	0	0.00095229
P10355	O13563	0	0.00076849
P47124	P14306	0	0.0020851
P36147	P38786	0	0.0070256
P53142	P32628	0	0.0030701
P46671	P32832	0	0.0048448
P47124	P50944	0	0.0043702
P53337	P12904	0	0.013826
Q02795	P38781	0	0.0020473
P38842	Q06697	0	0.022149
P32897	Q12107	0	0.0063961
P25580	P15646	0	0.007631
Q03899	P06100	0	0.010885
Q02795	P14064	0	0.0057031
P38072	P32776	0	0.0037058
P32525	Q12158	0	0.0053602
P38358	Q07084	0	0.0045296
Q03148	Q04792	0	0.0099023
Q12522	P38889	0	0.0038876
P40885	P08456	0	0.0028937
Q99314	Q12306	0	0.00057044
P32581	P48562	0	0.0032426
P12904	P07250	0	0.0034599
Q12277	Q08956	0	0.0022967
P32914	P33759	0	0.0064829
Q08980	P40103	0	0.026908
O14455	Q07824	0	0.0031719
P38962	P40092	0	0.0088633
Q04437	P54862	0	0.0073304
P31109	P40368	0	0.003383
P39875	P21801	0	0.00269
P53202	Q92316	0	0.0029952
P06778	Q12341	0	0.0042942
P46988	P20486	0	0.0024948
P07260	P47110	0	0.0065993
P20486	Q12100	0	0.0022571
P21190	P32842	0	0.0093584
P40971	P53735	0	0.0027451
Q03148	P39682	0	0.0012333
P26793	P49166	0	0.0051343
Q04149	P47050	0	0.0026325
P50945	P32861	0	0.004494
Q12186	P53323	0	0.003973
P40483	P38998	0	0.010771
P30606	Q08601	0	0.0017808
P40003	P23059	0	0.0013456
O13565	P06102	0	0.00094834
P48439	P38998	0	0.0075495
P36005	Q04964	0	0.0028397
P38736	Q12434	0	0.0024037
P47090	P30619	0	0.0079723
P36116	Q08553	0	0.001245
P41912	Q03088	0	0.004099
P07269	P36162	0	0.0029099
P32915	P53181	0	0.0078448
P38768	P13517	0	0.0080571
P40018	P54862	0	0.0043892
Q07980	P38358	0	0.0052898
P42934	P53204	0	0.0058292
P25719	P46949	0	0.00089334
P36520	P34162	0	0.0065131
Q06405	P28707	0	0.0020883
Q12124	P07272	0	0.0016692
P32832	Q06340	0	0.0045637
P39682	P40204	0	0.00036379
P18480	P53032	0	0.0027453
Q05024	P08456	0	0.0058612
P49723	P22224	0	0.0045558
P38967	P38293	0	0.00391
P25582	Q07622	0	0.0031265
P10961	P38082	0	0.0013947
Q06151	Q03096	0	0.0056826
P13711	P25580	0	0.011958
P39515	Q08649	0	0.020683
P39682	P21672	0	0.0015399
P06774	P38627	0	0.0031328
P53824	P36084	0	0.010712
P07260	P32900	0	0.0034679
Q12216	P42845	0	0.005159
P42839	P48232	0	0.0030803
P35176	Q12347	0	0.0033947
P53243	Q02795	0	0.0034479
Q12270	P14126	0	0.033102
Q12082	P38191	0	0.0029983
O13563	P04912	0	0.0034798
P11747	Q06639	0	0.001556
Q02908	P18480	0	0.0074653
Q03063	P38716	0	0.0018976
P54999	P39073	0	0.00070766
Q03081	P38837	0	0.0015619
Q12174	P53905	0	0.00032471
P47038	P25586	0	0.0032789
P07272	P53093	0	0.0031925
