Q9UKX7	P46527	1	0.073812
O43914	Q9NY25	1	0.0066079
Q14181	Q8IW50	1	0.069229
Q13432	Q9BXR0	1	0.079182
Q96HA8	Q9H773	1	0.0049127
O15235	Q9UKR5	1	0.13458
P08574	P99999	1	0.0041529
Q99627	Q13572	1	8.6642e-05
P55058	P02652	1	0.0034306
P04437	P20963	1	0.074682
Q9NY97	Q96EU7	1	0.037364
P46736	O75971	1	0.22967
Q9UHR5	O75446	1	0.075862
P26368	Q9UHX1	1	0.029286
O96020	P46527	1	0.035715
Q9HB96	Q00597	1	0.0078936
O95870	P03905	1	0.022375
Q86UU9	P29371	1	0.03577
Q9Y3C7	Q9GZM7	1	0.080879
P60174	Q9Y234	1	0.0020251
Q9NRG1	Q96G04	1	0.031555
O76003	Q70Z53	1	0.045134
P63208	Q9UK99	1	0.092782
P27824	P15260	1	0.15532
Q7L5N1	Q53FE4	1	0.032622
Q9UBW8	Q6P1K2	1	0.051749
Q6PIZ9	P07766	1	0.12152
P62258	P30305	1	0.063323
Q12972	Q5RL73	1	0.16159
P78345	P78346	1	0.10075
Q9Y296	P34741	1	0.071052
O94777	P37287	1	0.021467
Q9Y2T2	P55087	1	0.039442
P49247	P51116	1	0.13122
Q99547	Q9UKR5	1	0.0016424
P37268	Q9BTV4	1	0.013361
O95994	Q9Y3C7	1	0.20618
P09693	P04437	1	0.038168
O14744	P54105	1	0.15447
P21673	Q9Y3C7	1	0.019214
P51116	O60232	1	0.10986
P61604	Q13432	1	0.083194
Q92934	Q07817	1	0.090408
Q9Y6X1	P61619	1	0.027831
P61247	Q9H6J7	1	0.047926
P15927	Q5RL73	1	0.029379
Q9UBW8	Q9UNS2	1	0.016362
O96008	Q9P0U1	1	0.015641
P30047	P30793	1	0.025288
P34981	P49407	1	0.051383
Q99547	Q9NY61	1	0.001153
P01579	P15260	1	0.10284
Q15388	P00374	1	0.049674
P46952	Q99259	1	0.031102
Q99705	P20382	1	0.026547
Q8N668	Q86VX2	1	0.0056784
P13686	P10451	1	0.064624
A0A5B6	A0A1B0GX56	1	0.0020232
Q9NPI8	Q00597	1	0.010357
Q9Y4Z0	P62304	1	0.033943
P04406	P04183	1	0.010123
Q9BQ66	Q9P2Z0	1	0.023385
Q92597	P62753	1	0.00030634
P21673	Q9H8M9	1	0.0024643
P22570	P10109	1	0.026386
Q9H840	P62304	1	0.058742
P09693	A0A1B0GX56	1	0.024696
Q9H944	Q96G25	1	0.00012632
P60033	Q9C086	1	0.018929
Q969J3	Q9UHX1	1	0.075979
P20674	P00395	1	0.020619
P26368	Q96LR2	1	0.18558
Q9H8T0	Q14181	1	0.14872
Q8WXF8	O15519	1	0.065262
O60383	Q9BRR6	1	0.044126
P21246	Q9UGL9	1	0.013412
Q9UL45	Q6QNY1	1	0.10952
P58753	Q15629	1	0.050332
Q9NZ42	P49768	1	0.079919
P41227	P11245	1	0.083165
P32971	P03950	1	0.0068711
P40925	P21695	1	0.0027134
Q07817	P02489	1	0.056831
P51116	Q15041	1	0.056247
Q56P03	Q9Y312	1	0.023193
P04406	Q15102	1	0.012073
P16473	P27824	1	0.054779
Q15388	Q99689	1	0.071297
Q99436	P49720	1	0.039781
Q16589	Q15257	1	0.00033409
O60232	P51946	1	0.024186
P12004	P24385	1	0.015994
Q16558	P00395	1	0.0015351
Q92597	P62854	1	0.028626
Q13432	Q8TDN6	1	0.084207
P38432	P51116	1	0.048477
Q9NTK5	Q9H1I8	1	0.015639
Q15011	P49768	1	0.17426
Q9UNN5	Q9H1I8	1	0.072104
Q99547	P60866	1	0.01724
Q9H6J7	Q5RL73	1	0.024045
P12004	P24522	1	0.057509
P61604	Q9UKR5	1	0.012658
Q96CD0	P63208	1	0.027128
Q13432	O14717	1	0.077421
Q9NXU5	Q9BWH2	1	0.0048872
Q13442	P01127	1	0.0025979
P56537	Q9BWH2	1	0.0010865
Q07820	Q9UMX3	1	0.055232
Q03113	P16473	1	0.0050204
Q8WXD5	P62304	1	0.044332
P02489	O75390	1	0.03575
O95084	Q9Y296	1	0.05232
P36543	O75348	1	0.048786
O75818	P78345	1	0.02235
Q9NX08	Q9NRX3	1	0.015138
Q03135	Q9Y6H8	1	0.087111
Q9BWC9	Q5RL73	1	0.1225
Q99726	Q92572	1	0.05362
Q9Y6X1	P27824	1	0.054344
O15519	Q07817	1	0.043522
P52434	P36954	1	0.013898
P20674	Q7L5N1	1	0.060688
Q9BUN8	P08582	1	0.019397
Q5RKV6	O43809	1	0.17448
P21583	P04141	1	0.0095233
Q02878	P47914	1	8.3387e-05
Q06495	O95070	1	0.04213
Q9H211	P12004	1	0.036818
Q9UBQ5	O15372	1	0.037827
Q9UKR5	Q96M11	1	0.030228
P07766	O15446	1	0.079912
O15342	P36543	1	0.011224
P21246	O94864	1	0.030371
P01148	P30968	1	0.010841
P21246	Q9BTY7	1	0.0031923
Q9Y3C7	Q9BTY7	1	0.16334
P09693	A0A5B6	1	0.021846
Q00403	P29084	1	0.087534
P62258	P46527	1	0.040115
Q9NXR7	Q9NWV8	1	0.039184
A0A5B6	P20963	1	0.053637
P21246	Q9UHF0	1	0.0023693
Q8IU60	P20618	1	0.02894
Q92990	Q9UNZ2	1	0.049233
P20618	P49720	1	8.632e-05
Q969Y2	Q9NP50	1	0.043033
P21673	Q5RL73	1	0.0015047
P78346	O95707	1	0.013247
P61313	Q7L5N1	1	7.3655e-05
P22674	P15927	1	0.050641
P56537	Q14181	1	0.010627
P49755	Q96BI3	1	0.006345
O14744	Q9NTK5	1	0.030297
Q99081	O95084	1	0.053331
P21673	P49903	1	0.0084179
Q96QK8	Q9Y4Z0	1	0.12588
P13051	P15927	1	0.11248
O75787	P00797	1	0.16302
Q13432	P07766	1	0.08599
Q13432	Q96GX8	1	0.098739
P47224	Q6YP21	1	0.010004
O75528	Q9BRR6	1	0.043592
Q8IU60	Q9UJ70	1	0.00011362
Q9UMX1	Q7Z412	1	0.019567
O15514	P62875	1	0.032693
P04155	Q86XP6	1	0.0078462
O75381	P40855	1	0.24379
P0DPB6	O15160	1	0.00038298
Q13432	Q99547	1	0.073629
P0DN86	P01215	1	0.0002866
P56537	Q9BZI7	1	0.0068507
P21246	P21673	1	0.00086209
P21673	Q9BSH4	1	0.0094562
Q9NP98	O15273	1	0.047066
O15126	O00161	1	0.08851
P49755	Q9NZ42	1	0.027569
P13686	P50591	1	0.095587
O15144	P59998	1	0.00021332
Q8WW01	Q9BSV6	1	0.043935
P56134	Q6PK04	1	0.010038
P27701	P27824	1	0.0080679
O15304	Q07817	1	0.063204
Q9NTM9	Q6IA69	1	0.045147
P62487	P49842	1	0.00013108
P14866	P26599	1	0.057373
P18428	P49913	1	0.00088726
Q14919	Q16594	1	0.080978
O43752	O00161	1	0.018643
Q9Y3C7	Q9H1I8	1	0.16044
Q16611	Q07817	1	0.053089
Q9H0Q3	Q9NVX0	1	0.076986
Q8TCG2	P20963	1	0.030901
P29274	P00813	1	0.013241
P08697	P59665	1	0.010509
Q9UKR5	Q9BTE0	1	0.0099287
Q9NZL9	P31153	1	0.13042
Q9UMX1	Q9NPA3	1	0.010535
O15130	P01303	1	0.051109
Q9UHF0	P29371	1	0.062985
Q00403	P13984	1	0.028864
Q9UNN5	P67870	1	0.054891
P21673	Q9HBL7	1	0.0022782
Q16594	Q00403	1	0.023793
Q12972	Q9UKR5	1	0.26819
P57739	Q9BQ66	1	0.0011638
P99999	P10109	1	0.0063657
Q9BRT9	Q9Y248	1	0.00059175
Q8TAA9	P27701	1	0.0061454
P21246	Q9Y3C0	1	0.010114
Q8N668	Q9NX08	1	0.0010889
P15927	Q13432	1	0.11569
P14866	P27695	1	0.030151
Q9H081	Q6P1K2	1	0.043574
Q13113	Q7L5N1	1	0.26792
P61254	O43390	1	8.9703e-05
P24666	Q9BYC9	1	0.044035
Q06265	Q13868	1	0.0072414
Q9NRX3	Q9BXR0	1	0.014943
Q96LW7	O95999	1	0.079496
Q9HB89	P48645	1	0.016024
P56159	P39905	1	0.0012535
P09466	Q7L5N1	1	0.067923
P26368	Q01081	1	0.035125
Q9BTM9	Q9H1I8	1	0.040881
Q9GZN7	Q7L5N1	1	0.017049
P22674	P12004	1	0.053809
Q92597	P39023	1	7.4434e-05
P49675	Q99689	1	8.979e-05
P59998	O15145	1	0.017169
Q13503	P20290	1	0.11632
Q9HCU9	O75446	1	0.13711
Q07817	Q9HB09	1	0.077088
Q9NP99	O43914	1	0.044101
P46977	Q9NQX7	1	0.020055
Q7Z7C8	Q16514	1	0.13911
Q9BUE0	Q9Y3C7	1	0.065095
P30793	O95433	1	0.028122
Q92643	P05187	1	0.094093
Q7L5N1	P14174	1	0.041324
P01579	P38484	1	0.016761
P52961	P01127	1	0.003341
O15304	P0CAP2	1	0.066808
O14717	Q5RL73	1	0.033174
P46977	Q8NCD3	1	0.016681
O60268	O00165	1	0.0026432
P15927	Q7L5N1	1	0.051583
Q96H20	Q9BRG1	1	0.013509
Q07820	Q92934	1	0.16924
Q9UHX1	Q05519	1	0.040627
P49005	P12004	1	0.065143
O75344	P04406	1	0.0097188
Q9Y3A3	Q9BTT4	1	0.0060554
Q96HE7	Q9BS26	1	0.079917
P78324	Q08722	1	0.043049
Q96FZ7	Q9BRG1	1	0.034779
Q96RJ3	Q9Y275	1	0.12487
P78345	O95707	1	0.010254
Q6QNY1	Q8TDH9	1	0.024919
Q8N1I8	O00453	1	0.42241
P21673	Q96BY9	1	0.0018801
P12272	P05231	1	0.11419
Q9Y3B2	Q06265	1	0.0033071
O95059	O75818	1	0.040321
P04179	Q7L5D6	1	0.032253
O60383	P21673	1	0.00108
O14744	P02686	1	0.0070577
P21673	Q9BWH2	1	0.002169
P20618	Q9Y244	1	0.00014668
P49247	Q96HA8	1	0.00047986
P37108	Q9UNZ2	1	0.043071
Q7L5N1	Q9BT78	1	0.075207
O95721	P51809	1	0.04687
P30519	Q7L5N1	1	0.015611
Q8N336	Q9NWX6	1	0.00082126
O60921	O60671	1	0.044917
P49789	P22570	1	0.048629
Q9BVK8	O95870	1	0.043047
O95059	P78346	1	0.055038
Q8N668	Q9GZQ3	1	0.038431
Q13432	O14569	1	0.07885
P49247	Q9NP79	1	0.077053
P13727	P04141	1	0.0099104
Q9NQX5	P24385	1	0.13103
P46777	P67870	1	0.00012412
P16989	P25208	1	0.069173
P67870	P38432	1	0.02828
P04406	Q9NXU5	1	0.00096174
O95807	Q8WVR3	1	0.028311
Q8N1S5	Q96D05	1	0.036342
P04183	Q5RL73	1	0.015995
Q9H633	P78345	1	0.055776
O95059	Q969H6	1	0.022671
P20290	P67870	1	0.035559
Q9H633	O75818	1	0.027874
Q9BXY8	Q9BQ66	1	0.038036
O15514	P53803	1	0.075537
P09669	P21246	1	0.018234
Q9UMX1	O00422	1	0.042289
Q13951	P05060	1	0.047753
Q96E40	P49903	1	0.037558
P01589	P60568	1	0.0064104
Q9UL45	Q96LR2	1	0.21855
P32969	P23396	1	0.00068231
O95273	P24385	1	0.017301
Q9GZS1	O15446	1	0.0080903
Q07817	Q96LC9	1	0.10914
Q92597	P11940	1	0.034705
Q9Y5X5	O43612	1	0.012514
P30533	Q14181	1	0.13119
P52434	P62875	1	0.017448
P06748	P24522	1	0.19027
Q9H633	P78346	1	0.064344
O95990	Q9BQ66	1	0.003181
P21673	Q13432	1	0.017435
Q92945	Q13868	1	0.025709
Q9BPZ3	P11940	1	0.029465
Q9NX46	Q70Z53	1	0.00013841
P21673	Q9UKR5	1	0.0018566
Q92597	P27824	1	0.12518
Q13323	Q07817	1	0.0558
O60383	Q9Y3C0	1	0.029109
O75506	Q9Y3C0	1	0.052621
P30305	P67870	1	0.054497
P25101	P14138	1	0.022993
O43427	Q14512	1	0.020762
O43257	P67870	1	0.043964
P12272	P49407	1	0.084697
Q5RKV6	O15116	1	0.088153
P02766	Q99689	1	0.059683
P10451	Q8WYA6	1	0.077646
O15116	O43776	1	0.049473
P21695	P21246	1	0.00097482
Q6PIZ9	A0A5B6	1	0.065772
O95084	Q8NB37	1	0.027515
O60383	Q9Y3A3	1	0.10176
P0DPI2	Q70Z53	1	0.042358
O15273	O14793	1	0.022075
Q9Y3C7	Q96G25	1	0.10756
Q5RKV6	Q06265	1	0.023989
O14836	Q9Y275	1	0.098159
Q96RD7	Q99572	1	0.043859
P00966	Q9H1I8	1	0.3326
P56537	Q9NWY4	1	7.096e-05
P37268	Q15041	1	0.016418
Q9HCC8	Q70Z53	1	0.020018
P61247	O00422	1	0.11184
O60232	Q9BVV2	1	0.067359
P21673	Q7L5N1	1	0.0067743
Q6PIZ9	P20963	1	0.077669
O60895	P10997	1	0.0059189
Q14019	P09917	1	0.058301
P21673	P61604	1	0.0055571
Q8TDV0	P22466	1	0.10789
O60573	Q9BQ66	1	0.0068268
Q13867	P47914	1	7.6966e-05
Q9Y5X5	O15130	1	0.028044
Q99689	Q7L2K0	1	0.18206
Q9UBU3	P01303	1	0.12338
Q03013	Q9Y3C7	1	0.067917
Q06495	P40855	1	0.058901
Q99689	Q6PGQ7	1	0.017368
Q8N807	Q96HE7	1	0.088012
Q16594	Q16514	1	0.043926
Q96FZ7	Q96H20	1	0.061536
Q9BTY7	O95445	1	0.037597
P02753	P02766	1	0.013882
Q6NUQ4	O15116	1	0.055572
P17540	Q13432	1	0.068168
P62258	Q92934	1	0.1075
Q96SZ6	Q15078	1	0.0090294
P22234	P51116	1	0.11165
P20963	P06127	1	0.021562
P37108	P49458	1	0.015591
Q9Y5Y5	P40855	1	0.076516
P38432	Q96HA8	1	0.00049093
Q9NQS1	Q07817	1	0.024355
Q96G25	O43513	1	0.11157
Q6WBX8	O60921	1	0.033667
Q13432	Q9NXU5	1	0.044899
P05111	P08476	1	0.0034803
Q9Y6M9	Q99689	1	0.090494
Q15633	Q9H0R4	1	0.019916
P02775	Q9UBW8	1	0.024387
Q14181	Q9BTY7	1	0.13656
P13693	Q07820	1	0.076666
Q96KJ9	P99999	1	0.0025312
Q9UKJ5	Q9BQ66	1	0.0026787
P04406	P15927	1	0.01969
Q9H773	Q8NC60	1	0.11006
Q92597	P60866	1	0.034358
O60383	P04183	1	0.0093927
Q07820	P12004	1	0.056475
P01215	P21246	1	0.00021386
Q7L5N1	Q9UNS2	1	0.080601
O96011	P40855	1	0.046059
Q9UHR5	Q9UHX1	1	0.025271
Q9BU61	O15116	1	0.074802
Q99547	Q9NP97	1	0.0062538
O95721	O43752	1	0.031454
P27701	P28067	1	0.0008776
P47901	P01185	1	0.0040712
Q86XR7	P58753	1	0.07102
P02489	P02768	1	0.019997
Q9UKR5	Q9BWC9	1	0.094523
P35244	P15927	1	0.066602
Q8TBR7	Q9UJ14	1	0.0044472
Q9H0Q3	Q5RL73	1	0.055633
O15514	P62487	1	0.010558
Q9Y3A3	Q9Y3C7	1	0.0426
O75947	Q7L5D6	1	0.016457
Q9BXY8	P47874	1	0.10685
P56537	Q92665	1	0.0027906
P36542	Q9NRX1	1	0.11546
Q99081	Q02363	1	0.015332
Q96CJ1	P0C1Z6	1	0.27574
P02766	Q7L5D6	1	0.022618
O94818	O75971	1	0.24461
O75818	O75817	1	0.016907
O15315	O43502	1	0.015597
Q96I23	P37287	1	0.063291
Q9P086	Q96G25	1	0.039777
P27635	P62380	1	0.00024129
Q5RKV6	P20618	1	0.0065672
O95273	P82933	1	0.00037788
Q9BWH2	Q9H1I8	1	0.069401
O75631	O75841	1	0.0017964
Q6P2C8	Q96HR3	1	0.068605
Q96GG9	Q13571	1	0.0081311
P52434	P53803	1	0.026559
Q6P1K2	Q9Y3C7	1	0.098244
O14717	Q7L5N1	1	0.017165
Q9NZD4	P0CAP2	1	0.025789
P04183	Q13432	1	0.13103
Q9UNM6	O00232	1	0.014284
P62913	Q13867	1	7.9263e-05
P21246	Q9Y657	1	0.041315
Q9Y6I8	P40855	1	0.050418
P04183	Q9UKR5	1	0.0080133
O60921	P12004	1	0.019374
Q02363	Q5RL73	1	0.080136
O95059	P78345	1	0.062684
Q9UKR5	Q9NRX3	1	0.019454
Q9UMX1	Q9UHA4	1	0.0080986
Q99627	Q7L5N1	1	0.00017866
O76003	Q9BQ66	1	0.0062739
Q9NZD8	Q9NTM9	1	0.018949
Q9NQT5	Q92945	1	0.021518
Q13432	P20963	1	0.10721
O60238	P17152	1	0.093432
Q9Y3C0	Q9UL45	1	0.13858
Q9Y421	Q9UNZ2	1	0.067597
Q15761	P01303	1	0.055426
P51116	Q9HAF1	1	0.20097
Q86X55	P11940	1	0.050325
P42677	Q9UHY7	1	0.049256
Q03135	Q10588	1	0.0041581
Q15465	P18509	1	0.034836
P47756	Q9BYC9	1	0.0015438
Q9NTM9	Q9H1I8	1	0.041987
O75528	Q96ES7	1	0.059501
Q8IU57	Q8IZJ0	1	0.079157
Q15631	Q99598	1	0.012176
P54368	P11926	1	0.12086
Q13901	Q99598	1	0.013847
O00165	P01583	1	0.10971
Q9NV56	Q9HAF1	1	0.18178
Q9UMS0	Q8NC60	1	0.063226
Q96G25	Q6P2C8	1	0.10655
Q9NQT5	Q96SZ6	1	0.0076329
Q9UKR5	Q9H1D9	1	0.036015
Q07817	P99999	1	0.0024827
O43927	Q99731	1	0.0023988
P04183	Q7L5N1	1	0.073597
P20618	Q99436	1	0.074665
O60383	Q15102	1	0.011052
Q9UHQ9	P99999	1	0.0021547
O95372	Q9Y3C7	1	0.039855
Q96HA8	Q9UL45	1	0.029752
Q96BD8	Q9UL45	1	0.081381
P34741	P04141	1	0.032218
O95070	Q969M3	1	0.048858
O00161	P51116	1	0.11349
Q08257	P02489	1	0.098492
O94777	O60762	1	0.0090069
Q969D9	Q9HC73	1	0.028771
P49407	Q14749	1	0.060024
Q9H840	Q8WXD5	1	0.093541
O95721	Q96LR2	1	0.24208
Q9BUE0	Q9H944	1	8.3794e-05
P51116	Q9BQD3	1	0.17592
Q13573	Q9H1I8	1	0.064264
P62917	Q11203	1	8.1193e-05
P25208	Q14919	1	0.19665
Q9NRX3	Q9GZU0	1	0.00013733
Q16594	P38432	1	0.038585
Q92597	P51659	1	0.055058
Q9H081	Q96IY1	1	0.053749
Q86WX3	P39019	1	0.0023313
Q15102	Q9Y3C7	1	0.085579
O95059	O95707	1	0.043775
Q8TCJ0	P63208	1	0.011607
Q96H20	Q86VN1	1	0.02313
Q07820	Q13323	1	0.10407
Q13432	Q9H0Q3	1	0.21583
Q99627	Q9UBW8	1	0.0046092
O15297	P46777	1	9.0477e-05
P51946	P29084	1	0.047737
P07498	P05814	1	0.023108
Q15102	Q7L5N1	1	0.070794
P21246	Q9NXU5	1	0.00060924
P52434	O15514	1	0.019639
Q9NZJ7	P49768	1	0.059395
Q9UNL2	P51571	1	0.010626
P46777	P63241	1	0.00029553
Q11203	P02766	1	0.054316
O00253	Q9UBU3	1	0.09331
Q13432	P49903	1	0.12361
P21246	Q9HC16	1	0.012412
Q99627	Q9BT78	1	0.0079202
P03886	Q16762	1	0.013337
P38432	P61289	1	0.02947
Q13790	P02652	1	0.034629
P61218	P62487	1	0.03576
O60895	P01258	1	0.018982
P62917	Q9H6J7	1	0.00012476
P05060	Q16635	1	0.010105
P62424	P0CAP2	1	0.07715
P56589	P40855	1	0.044309
P32780	P29084	1	0.10386
Q9Y294	Q9UK41	1	0.10938
P55789	Q9H1I8	1	0.23108
P21246	Q9H5J8	1	0.017962
Q9BRG1	Q86VN1	1	0.0093163
P36542	P21246	1	0.017146
P49771	P21583	1	0.0028301
Q6P1Q9	P49768	1	0.13169
P62854	Q969E8	1	0.036782
O60443	P21246	1	0.0014277
P52434	P62487	1	0.0073216
O60238	Q07817	1	0.076752
P61289	P51116	1	0.075795
Q969H6	O95707	1	0.00075481
P36542	Q9HCC8	1	0.041433
P21673	Q9NPI5	1	0.0032293
P20382	P01303	1	0.038693
Q86YW7	Q96T91	1	0.00012275
Q9Y285	O43390	1	0.055223
Q9Y5X5	P01303	1	0.034562
Q96BI3	P49768	1	0.029202
Q9HB71	P63208	1	0.013225
P78345	O75817	1	0.062071
Q15573	O15446	1	0.016375
A0A5B6	P04437	1	0.0039369
P27824	O95990	1	0.072882
P21246	Q6IB77	1	0.0057474
O60256	Q8N8Q3	1	0.062922
P09693	P07766	1	0.12457
P46527	P24385	1	0.043449
P56537	Q02878	1	6.9413e-05
Q08722	Q02094	1	0.011488
P49721	P49720	1	0.00010555
O95870	P03897	1	0.038595
P21246	Q9H8M9	1	0.0083348
P22234	Q9Y3A3	1	0.0030745
O60383	Q99547	1	0.032954
Q15102	Q8WUX9	1	0.035197
Q07820	Q07817	1	0.10125
P51808	P06127	1	0.023099
O94777	Q92535	1	0.014831
Q8IU60	Q14181	1	0.09494
Q9Y535	O75575	1	0.0071037
P21246	Q96CQ1	1	0.00098934
Q9UBW8	Q9BT78	1	0.015749
P60896	Q5JVF3	1	0.03699
P62258	Q16635	1	0.010977
P03950	Q15904	1	0.0067182
Q9NQX5	Q9BQ66	1	0.075826
P21246	Q15388	1	0.0033615
Q07820	Q16611	1	0.1041
Q15102	Q5RL73	1	0.021276
P12004	P27695	1	0.015239
Q96CD2	Q96BT3	1	0.060131
O75528	O00422	1	0.09742
Q12981	Q07817	1	0.017451
P61626	P31025	1	0.0078917
Q02363	Q13432	1	0.15378
Q9UBU3	P41159	1	0.064266
Q9HCU8	P12004	1	0.095921
Q7L5N1	Q8IYL3	1	0.02037
Q9BW71	P62805	1	0.027116
P13984	P29084	1	0.065876
O60232	Q9NP79	1	0.052262
P67870	P55010	1	0.031913
Q03013	Q13432	1	0.079061
O15371	P55010	1	0.027712
P04437	A0A1B0GX56	1	0.0040625
Q99689	Q14919	1	0.19748
P62380	Q00403	1	0.0075139
P78417	Q5RL73	1	0.021006
Q9P298	P0CAP2	1	0.065627
P07738	P04406	1	0.026695
P02753	P02768	1	0.007815
O96007	P32969	1	0.0074755
O43808	P40855	1	0.033201
P49903	Q9UKR5	1	0.029641
Q96BI3	Q9NZ42	1	0.025892
Q9UHV9	Q9NQP4	1	0.10699
P11597	O15145	1	0.044285
P21246	P47756	1	0.014546
Q07820	Q96LC9	1	0.20794
P13686	O14737	1	0.038795
Q9NZD8	Q53H80	1	0.016322
Q9BT78	Q9UNS2	1	0.0084286
P15927	Q15011	1	0.074777
Q14442	P37287	1	0.039348
P58753	P20963	1	0.11066
P52815	Q9NW97	1	0.12819
P21246	Q6P1K2	1	0.0079556
Q9NXU5	P62917	1	0.0020945
Q96HR3	Q96G25	1	0.074156
P63241	Q9BU89	1	0.015022
P49366	P32969	1	0.0057284
Q7Z7C8	Q16594	1	0.18336
Q7L5N1	Q9BWC9	1	0.1489
Q99547	Q5RL73	1	0.03067
O43809	Q5RL73	1	0.066415
P05060	O15527	1	0.026127
Q05519	P26368	1	0.028655
Q9BQ66	Q08E93	1	0.0024965
P04437	P27824	1	0.057483
P21673	Q6PI98	1	0.0044523
Q6X4U4	P22004	1	0.044666
Q9BPX7	Q70Z53	1	0.0091646
P54852	Q99572	1	0.008908
O94811	P04406	1	0.045089
P21246	Q96EW2	1	0.023225
P49366	P63241	1	0.026877
Q5JR12	P47710	1	0.01967
Q8N668	Q9H0A8	1	0.0074721
P13686	P15927	1	0.058152
Q92597	P23396	1	0.013864
P04179	Q9H0R4	1	0.021967
P34913	Q9UFN0	1	0.00010113
P07737	Q13432	1	0.044106
P38484	P15260	1	0.0693
Q96EC8	Q9BWQ6	1	0.064719
P49356	P49354	1	0.0017496
Q5RKV6	Q13868	1	0.038991
Q9UNS2	P58340	1	0.04322
P26368	Q9UKJ5	1	0.0040458
O75381	Q96G25	1	0.10286
O75818	P78346	1	0.025033
Q6IB77	Q5RL73	1	0.037509
Q99436	Q9Y244	1	0.19491
P36542	Q14181	1	0.18029
Q16553	P20963	1	0.012229
Q7L5N1	Q9BXR0	1	0.054036
Q14181	Q9H1I8	1	0.18557
Q8NCW5	P02652	1	0.019861
P01579	P01375	1	0.11222
P12004	P13051	1	0.062684
Q06265	Q9NQT5	1	0.0026322
P56537	Q8TC92	1	0.0016601
P50616	O43541	1	0.075315
P15927	Q9Y3C7	1	0.12733
P23921	P31350	1	7.4075e-05
P20292	P09917	1	0.019164
Q9H228	Q03113	1	0.0061684
Q15388	Q8NEY8	1	0.070525
Q8N668	Q86X83	1	0.0045861
P07766	A0A5B6	1	0.021104
Q9BQ66	Q9BYD3	1	0.039071
P46098	P27824	1	0.021207
O76003	Q6FI81	1	0.050949
Q15181	Q13432	1	0.057541
Q07817	P49768	1	0.079775
Q86VN1	Q96FZ7	1	0.079753
P13727	Q5RL73	1	0.0091382
Q9UJW9	P15927	1	0.065879
Q9Y240	P21583	1	0.0047336
Q9UMX1	Q15274	1	0.023917
Q16570	P80075	1	0.0030322
Q8IYX3	Q9BQ66	1	0.015674
Q02094	P06028	1	0.058124
P61247	P04179	1	0.046528
P09012	P26599	1	0.033391
Q9BRA2	P01185	1	0.046555
Q8TA86	Q01081	1	0.041579
P36542	O43676	1	0.11683
Q9BVC3	P12004	1	0.025584
P20366	P29371	1	0.030812
O60383	Q6P1K2	1	0.016401
P00966	Q9H8T0	1	0.22046
O60383	Q9H0Q3	1	0.056234
P30519	Q9Y3C7	1	0.087038
P52797	O95084	1	0.0086126
O14893	P26368	1	0.034778
Q99689	P21246	1	0.023016
Q15102	Q13432	1	0.10261
Q13895	P38432	1	0.027542
Q9ULC0	Q9NPF4	1	0.054869
P50591	Q5RL73	1	0.097469
Q15049	P13693	1	0.091588
Q5RL73	Q16594	1	0.021385
Q9UKY0	P08865	1	0.069306
P07737	Q9UKR5	1	0.012142
P59998	Q9BPX5	1	0.1233
Q99627	Q9UNS2	1	0.0098384
Q9GZS1	O15160	1	0.0067907
O60383	Q9Y6M9	1	0.042036
Q6PIZ9	P04437	1	0.078691
O00161	P51809	1	0.019978
O14732	Q15011	1	0.01465
Q9Y2Q5	Q9UHA4	1	0.010093
Q15274	Q9BQ66	1	0.013323
O43541	Q15750	1	0.00020361
O43427	P67870	1	0.010367
P30793	P05026	1	0.080243
Q15102	Q9UKR5	1	0.015706
Q7LFX5	Q9NQL2	1	0.060135
O43633	O94818	1	0.078986
Q6P1K2	Q7L5N1	1	0.099005
Q9Y3A3	P15531	1	0.051145
P49842	Q99808	1	0.00083322
P04183	Q14919	1	0.10218
P51946	P32780	1	0.038169
Q6WBX8	O60671	1	0.083855
Q9UHF0	Q99689	1	0.10081
Q9H0Y0	Q9H1Y0	1	0.0016612
O15235	Q13432	1	0.036852
Q16594	Q9NP92	0	0.099209
P41002	Q16851	0	0.030985
P36954	P82914	0	0.04202
P62875	Q9Y2T2	0	0.0239
Q9BSH3	Q16540	0	0.05339
O75446	Q9UN86	0	0.092397
P36954	Q9NZD2	0	0.028
O43513	Q13795	0	0.014945
Q9Y675	P15104	0	0.0087837
Q9C002	Q8WUN7	0	0.17508
D3DTV9	O95848	0	0.024662
P27695	Q6PRD7	0	0.024872
Q07352	Q14914	0	0.078075
Q6P2C8	Q8TE02	0	0.051486
O43513	Q9H0U6	0	0.01371
P50897	P82933	0	0.0018789
Q8N9N5	P35754	0	0.015629
Q9Y5N6	Q9Y234	0	0.00060576
Q9UJC5	P62269	0	0.092219
O95551	Q08257	0	0.066951
Q9UJW9	Q9UJM3	0	0.032487
Q9Y675	O75879	0	0.0030959
B2CW77	Q9NZJ9	0	0.030105
Q9UBR2	Q16740	0	0.066307
P51946	Q8N427	0	0.019788
Q96JN0	Q08257	0	0.065689
Q99967	P15104	0	0.00048571
Q00577	Q9BYC8	0	0.03496
Q8TCJ0	P49753	0	0.023882
P29084	Q9BRJ2	0	0.003136
Q02363	Q9HCN4	0	0.1676
O95990	P82663	0	0.0054575
P36954	P35754	0	0.004111
Q9HAW0	Q9P2R7	0	0.070439
P61218	Q9Y399	0	0.056316
Q9UJC5	P49458	0	0.014449
Q9UDW3	P55084	0	0.0017397
Q01081	P51580	0	0.047376
Q13243	Q9Y2T2	0	0.030006
Q15573	Q9UN86	0	0.040336
P35244	Q9H0U6	0	0.019053
Q16594	Q9NPB1	0	0.074838
P04066	Q9UJM3	0	0.00012238
P54803	P07741	0	0.017122
Q9BSH3	Q8N6F7	0	0.05632
Q64ET8	P55084	0	0.00055042
P29084	Q7Z2X4	0	0.023863
P04554	Q9HCN4	0	0.011835
Q9NX01	P35754	0	0.071863
P13686	Q8N6F7	0	0.050262
O43513	P46783	0	0.069433
Q96JN0	Q13867	0	9.1115e-05
P12004	Q99819	0	0.087537
O43148	P14061	0	0.045776
O95411	Q9Y3D3	0	9.9614e-05
Q00403	Q9UD71	0	0.046804
O60671	Q9NZJ9	0	0.074607
Q9ULX3	Q8WWV3	0	0.088488
Q9NV56	Q14894	0	0.12721
O43325	P47874	0	0.030605
O75971	P28838	0	0.23613
Q13243	Q9Y234	0	0.0041581
O95551	P62269	0	0.084181
O15514	Q9Y3B7	0	0.019436
O43148	P31937	0	0.051337
Q53H80	Q9GZZ1	0	0.014853
Q64ET8	P15559	0	0.038845
Q01459	Q99819	0	0.1392
Q9H5J8	P30711	0	0.039814
Q9ULX3	Q02252	0	0.034342
Q05952	Q16719	0	0.008029
O75528	Q9BYG8	0	0.024534
O75506	Q9NRN7	0	0.15859
Q05952	Q9HCN4	0	0.0074376
O95551	P49458	0	0.031441
O15514	P82932	0	0.035078
Q9C002	P82930	0	8.6672e-05
Q9H5J8	P13995	0	0.048622
Q86WQ0	Q9BYC8	0	0.10023
Q9NWT8	P49675	0	0.04021
P12004	P10155	0	0.012342
Q96KF2	P09132	0	0.0020384
P62805	Q9Y676	0	0.14973
Q9H9Q4	P23921	0	0.10379
P32780	Q93088	0	0.037925
O95990	Q9BYD6	0	0.00018277
P05423	Q5EBM0	0	0.024003
Q8N9N8	Q16540	0	0.020998
Q00403	Q9BZL1	0	0.024108
P61218	Q8WWV3	0	0.080198
O43148	P07741	0	0.045895
O00287	Q14442	0	0.055851
Q8TCE9	P21673	0	0.0046113
P12004	Q03013	0	0.011904
O00115	Q6PRD7	0	0.02786
Q9H6T0	P08319	0	0.033668
Q9UJC5	Q14442	0	0.019183
O43325	Q13867	0	0.00010136
P20290	P54687	0	0.055418
Q16514	P14061	0	0.076401
Q9UFW8	P82921	0	0.029493
P12004	Q9H5Q4	0	0.045533
Q64ET8	P49753	0	0.037313
Q9Y294	Q9BRA2	0	0.058963
Q13243	P61970	0	0.045009
O00287	O14618	0	0.095232
P04554	Q14894	0	0.055212
Q9H6T0	P54687	0	0.040949
P51946	Q92837	0	0.050015
Q9NX01	P06132	0	0.16319
P61218	P78417	0	0.052623
O75971	Q9BRA2	0	0.24357
Q9GZP8	Q9Y3E5	0	8.4588e-05
Q8TCE9	Q6PRD7	0	0.006951
Q05952	P52815	0	0.012477
Q9C002	Q9UJM3	0	0.0090017
P35244	Q9BZL1	0	0.042141
P09430	P49753	0	7.7618e-05
P09012	Q9NZD4	0	0.020508
Q8N9N5	O75880	0	0.05508
P13984	P09132	0	0.012026
P04198	Q04837	0	0.04264
Q16533	P62917	0	9.0475e-05
P50897	P31937	0	0.0066261
Q8TCE9	Q16540	0	0.14102
Q8N9N5	Q6P1L8	0	0.00010446
P13984	Q7Z2X4	0	0.03037
Q9HAW0	Q9BZL1	0	0.023124
Q12824	Q13795	0	0.012065
P35244	Q6P1L8	0	0.00011067
Q9HAW0	Q9P2W6	0	0.054789
Q9NQ92	P47874	0	0.005601
Q9BQ83	Q8TE02	0	0.023089
P09012	Q9Y3B7	0	0.019639
Q9BWT1	P21695	0	0.0093395
P10412	P51580	0	0.13483
Q8TCE9	O60760	0	0.0073075
Q13243	Q16854	0	0.02989
O00115	Q14749	0	0.023333
Q8N9N5	P31937	0	0.013848
Q86WB0	P54687	0	0.059793
Q05952	Q9Y3D3	0	0.00014519
Q9P2W1	Q13162	0	0.035162
P62875	Q04837	0	0.018332
P36954	Q9HCN4	0	0.0087566
Q16656	Q9Y234	0	0.00011934
P36954	Q9P0R6	0	0.028357
Q9Y535	Q9BYD1	0	9.8322e-05
P36954	P46952	0	0.032218
Q96BP2	Q9H5Q4	0	0.12436
Q0VD86	Q9BYD1	0	0.00017261
Q9H6T0	P82921	0	0.035899
Q9UBX1	P49789	0	0.051608
P49005	P21695	0	0.072559
O95926	Q9BYC2	0	0.049832
P27695	P82650	0	0.014296
P05423	O60783	0	8.4865e-05
Q9P0K8	P49753	0	0.2895
P35244	P54687	0	0.037416
Q9P0K8	P10155	0	0.16198
Q9GZP8	Q8IVS2	0	7.9737e-05
Q9H0W9	P21673	0	0.045334
Q53HV7	Q9Y2Q9	0	0.039213
O15514	Q9H5Q4	0	0.016527
Q96JN0	Q8TE02	0	0.045518
P36954	Q9Y2Q9	0	0.064575
Q9H5F2	Q8N983	0	0.072959
B2CW77	Q9NP97	0	0.010933
Q9NWT8	P59103	0	0.33499
Q9BSH3	P53384	0	0.072085
P29084	P49675	0	0.0029883
Q8N9N8	Q16740	0	0.050701
Q9P0K8	Q9P2W6	0	0.23465
Q9H6T0	Q9BU02	0	0.053321
Q16514	P52815	0	0.07403
O60671	Q9BYC9	0	0.0044701
Q8N9N5	Q9Y3E5	0	0.082196
P78549	Q9P032	0	0.072558
P78549	Q96M11	0	0.029773
Q8N807	P49406	0	0.062248
Q9NV56	Q04837	0	0.10407
Q9BXL8	Q9NP97	0	0.023817
Q9NPI8	P53384	0	0.016025
Q9UBR2	Q9BYC2	0	0.019377
P17900	Q9BYC2	0	0.014114
Q9NV56	Q9UJM3	0	0.027629
P26368	Q9BYC2	0	0.052576
P41002	P30838	0	0.044031
Q8N807	Q8N427	0	0.029744
P49842	P49753	0	0.0001279
Q9UBR2	P63302	0	0.010665
Q9H0W9	P78417	0	8.902e-05
O43148	P82663	0	0.018087
P38571	O75897	0	0.0074617
Q9UDW3	P59103	0	0.053676
Q9UFW8	P08319	0	0.031387
Q9BWT1	P47874	0	0.042595
Q6P2C8	P13995	0	0.04091
Q86WQ0	Q99551	0	0.033533
Q8N9N8	Q9H5Q4	0	0.014215
Q9UJW9	Q8WXI4	0	0.096865
Q12824	P15104	0	0.0087561
Q5MJ70	Q8WWV3	0	0.12706
Q12824	Q14442	0	0.02526
Q8TCE9	P51970	0	0.063799
Q8WYA6	O60783	0	0.00010247
P54803	Q93088	0	7.6281e-05
Q15543	Q9BYC2	0	0.046269
P16455	P14324	0	0.069473
Q9P0K8	Q6P1L8	0	0.1254
Q9UHR5	Q9P2W6	0	0.025838
Q9Y5N6	P32929	0	0.00034891
Q9NWT8	P82909	0	0.21184
Q9UBX1	Q99819	0	0.039235
P62487	Q9H0U6	0	0.0018289
B2CW77	Q9P0M9	0	9.0073e-05
O75446	P24666	0	0.03336
Q00577	P35270	0	0.034454
Q96D98	Q9P0R6	0	0.0027577
O43543	Q8WXI4	0	0.094044
P51513	P82909	0	0.051962
O95990	P32929	0	0.00013758
P04066	Q13867	0	7.9733e-05
P51946	P35270	0	0.035843
Q9NV56	Q9BZL1	0	0.029392
P83369	Q99819	0	0.16769
Q9P2W1	Q16540	0	0.068523
Q86WB0	Q9P2R7	0	0.077511
Q9UBX1	O75936	0	0.035501
Q16533	Q08257	0	0.070226
Q9BXL8	P14324	0	0.056945
P04066	Q92844	0	0.010562
P29084	Q8IVS2	0	0.038534
Q8WX92	P24666	0	0.0013578
O75506	Q14894	0	0.056568
Q6P2C8	Q8N6F7	0	0.030913
Q8TCE9	Q8WUN7	0	0.058609
Q16514	P82675	0	0.039038
Q13569	P61970	0	0.080625
P49184	O75936	0	0.036108
O75503	Q15102	0	0.077006
Q13573	P54687	0	0.03889
Q96JN0	P49914	0	0.060424
Q9HAN9	Q9P032	0	0.05762
Q15573	Q9UJM3	0	0.0025196
Q16514	Q9UDX5	0	0.13177
Q9ULX3	Q15185	0	0.03916
Q86WQ0	Q15185	0	0.046316
Q9C002	P07741	0	0.025552
O95926	P0C7P0	0	0.0053626
P78549	P59103	0	0.037875
O75971	P21673	0	0.014888
P20290	Q99819	0	0.2597
O96020	P31350	0	7.6804e-05
Q16656	O60551	0	0.091685
Q9H5J8	P82930	0	6.8235e-05
P62487	Q92844	0	0.056921
Q86WB0	Q93088	0	0.044517
P41002	P40925	0	0.019799
P62805	P31350	0	0.0071727
Q9BTP7	P82675	0	0.043363
O43325	Q13162	0	0.051504
Q8N9N8	Q92844	0	0.099249
Q9H6T0	Q8N427	0	0.023974
Q15543	P49753	0	0.084269
Q05952	Q99551	0	0.0051762
P09012	P82914	0	0.026336
Q9NV56	P53384	0	0.049478
Q8TCJ0	P82933	0	0.00033392
Q9BTP7	P40925	0	0.0045925
Q16594	Q9H5Q4	0	0.034647
Q9NV56	Q9BYD2	0	0.053072
P13686	P14324	0	0.04866
O95411	P49914	0	0.024436
P36915	Q9UHR5	0	0.092595
O95990	Q07020	0	9.3925e-05
O00115	P82930	0	0.0017308
P35244	O60760	0	0.044293
Q9UDW3	Q93088	0	0.045018
P62875	P51970	0	0.14146
Q01081	P31350	0	0.0048147
Q9BSH3	Q9P0M9	0	9.4789e-05
O60583	Q7Z2X4	0	0.017715
P78549	Q9P2R7	0	0.048873
P05423	Q9NZE8	0	0.00018751
Q13573	P49458	0	0.014692
Q9Y675	O14618	0	0.018862
P54803	Q9H5Q4	0	9.4035e-05
P16455	P82932	0	0.058211
P51513	P15559	0	0.11633
Q9Y294	O60551	0	0.064565
B2CW77	P46952	0	0.047339
Q01459	Q16719	0	0.0012177
O95926	Q9BXI3	0	0.00014925
O60762	P49789	0	0.051206
P41002	P49406	0	0.010448
Q9Y294	O43776	0	0.13863
Q05952	O75880	0	0.015459
Q9UFW8	P49789	0	0.060314
Q5MJ70	P63302	0	0.082932
O60762	P83111	0	0.012048
Q9Y294	O75880	0	0.045514
Q86WQ0	P07741	0	0.041337
O43543	P51970	0	0.12218
P13686	P21673	0	0.0037148
Q0VD86	P07741	0	0.027576
Q8WYA6	P09132	0	0.043429
P51946	O60551	0	0.094031
P27695	P51580	0	0.026277
Q8TCE9	Q9BYD1	0	0.19199
O75503	O14618	0	0.066801
P49842	Q9BU02	0	0.053751
Q9Y535	P30838	0	0.005719
P13984	Q9UD71	0	0.059887
Q0VD86	P82912	0	0.050606
Q00403	P82933	0	0.0010901
P19532	P49458	0	0.029436
O43325	P32929	0	0.0001536
P49842	Q8WUN7	0	0.0041437
Q96KF2	Q6P1L8	0	8.2616e-05
P20290	Q6P1L8	0	0.00010347
P06280	Q9Y3B7	0	0.00040381
P19532	Q9BRA2	0	0.16638
Q9UHR5	Q9BU02	0	0.07505
Q9H0W9	P47874	0	7.1624e-05
Q01081	Q9UD71	0	0.06105
P41002	Q9NZJ9	0	0.052664
Q16514	Q99551	0	0.10686
P04066	Q9BYC2	0	0.034674
O43325	Q9Y2Q9	0	0.0031785
O60583	Q15102	0	0.054757
O43148	P53384	0	0.065642
P27695	Q5EBM0	0	0.024921
P05423	Q9BRA2	0	0.074044
O43148	O95379	0	0.007778
Q9GZP8	P63302	0	0.0030131
P25208	O75394	0	0.0011913
P54803	Q9BYD6	0	7.3374e-05
Q96KF2	O75880	0	0.035949
P62487	P54687	0	0.016505
Q9UDW3	Q16740	0	0.048628
P36954	Q92837	0	0.011607
Q9Y294	P51580	0	0.13856
Q9HAW0	P51580	0	0.040469
Q969F1	Q9BTM9	0	0.056343
P41002	Q9NPB1	0	0.0028202
Q01459	Q14749	0	0.011535
O95990	Q9BRJ2	0	9.2932e-05
P49184	Q9BY32	0	0.076783
P17900	Q9P0J6	0	0.10338
P83369	Q9BYC2	0	0.09217
P12004	P82932	0	0.02835
O75503	Q9NZD4	0	0.080424
Q53HV7	Q04837	0	0.11355
O96020	Q16719	0	0.00099629
Q9H5F2	O75879	0	0.037408
Q8TCJ0	Q8WXI4	0	0.034405
Q9Y5N6	Q93088	0	0.014881
Q9UJC5	Q9BRJ2	0	0.026469
P25208	P15374	0	0.00050488
Q13569	Q9GZZ1	0	0.045688
P25208	Q9BYD2	0	0.093001
Q9BWT1	O14618	0	0.029855
P06280	O60760	0	0.020842
Q9UHR5	P82675	0	0.0051075
Q15573	Q9P2R7	0	0.055415
Q05952	Q9NP92	0	0.00011915
Q969F1	Q99551	0	0.023059
Q53H80	Q13405	0	0.024978
O95411	Q8WWV3	0	0.038271
Q13568	Q9NZD2	0	0.085583
Q9H147	Q16851	0	0.012871
Q9UBX1	P59103	0	0.019271
P09012	Q04837	0	0.025991
O43543	P39023	0	9.1624e-05
Q96KF2	Q13162	0	0.033161
P06280	Q08257	0	0.032666
P10412	Q6P1L8	0	0.0021868
Q16656	Q9NRN7	0	0.00017664
Q96JN0	P13995	0	0.030578
Q8N9N8	Q8WWV3	0	0.080199
Q9Y535	Q9H9J2	0	0.025731
Q13243	Q9H0U6	0	0.020899
Q9BQ83	P09132	0	0.059235
P49005	P31937	0	0.074338
Q12824	Q9H9J2	0	0.049397
P04554	Q8IVS2	0	0.01111
O94864	P50135	0	0.2799
Q16594	Q9BU02	0	0.046077
Q53H80	P51398	0	0.049042
P50897	O14618	0	0.031078
P27695	Q9Y676	0	0.031022
P06280	P63302	0	0.019376
P13686	P47874	0	0.07202
Q9UJW9	Q9HCN4	0	0.054971
Q6P2C8	P82930	0	0.00012338
P04554	P13693	0	0.056757
O94864	P55084	0	0.00047007
O43513	P40925	0	0.071395
P12004	Q9P0J6	0	0.063442
P27695	Q16540	0	0.019412
P62805	Q9BYD2	0	0.03581
O75503	Q9HCN4	0	0.092457
Q8N807	P56277	0	0.0097276
P49184	P13693	0	0.01663
Q99967	P24666	0	0.070306
Q13568	Q99551	0	0.062576
P27695	P78540	0	0.035838
P06280	Q9UDX5	0	0.00075008
O60583	O14618	0	0.064608
Q9UFW8	Q99551	0	0.018368
Q6ZYL4	Q9BTM9	0	0.028341
P04554	P78417	0	0.01567
Q13868	Q9Y3B2	0	0.00040744
Q96KF2	P82912	0	0.011769
Q9UJW9	P47874	0	0.12741
P12004	Q13867	0	0.042261
Q9NQ92	P32929	0	0.0001018
Q13243	Q9NZE8	0	0.0051085
O95926	Q9H0U6	0	0.00037701
O60762	O15235	0	0.06431
P36915	Q9UHX1	0	0.063825
O60671	Q9Y3D3	0	0.00010561
Q8WX92	Q9BXI3	0	0.040528
Q9H5J8	P59103	0	0.0044545
Q9H5F2	Q16854	0	0.031963
O43148	Q16854	0	0.040626
Q9H5F2	P51970	0	0.094647
P35244	Q9BYD6	0	0.040897
P51513	P46783	0	0.030717
P32780	P46952	0	0.054579
Q9Y535	O75936	0	0.0080741
P49184	P40925	0	0.023726
Q16533	P06132	0	0.026479
Q53HV7	P14061	0	0.072941
Q9NV56	Q14749	0	0.05938
O43543	P46783	0	0.019218
O00115	P30711	0	0.027452
Q8N807	Q8WWV3	0	0.08706
Q8N9N8	Q9Y3B7	0	0.01671
Q9ULX3	P51970	0	0.11695
Q9BTP7	Q13867	0	0.011353
Q9Y5N6	Q9BZL1	0	0.020162
Q9UJW9	Q9BXI3	0	0.08714
Q9NWT8	Q9NZD2	0	0.093071
O95411	Q9BRJ2	0	8.5813e-05
Q16656	P82914	0	0.016768
P05423	P51398	0	0.034786
Q13569	P82914	0	0.14887
Q9NX01	P49789	0	0.18374
P04554	Q7Z2X4	0	0.027139
Q9BSH3	Q8WUN7	0	0.1305
Q9NQ92	Q16854	0	0.0014588
O75528	P49753	0	0.033913
P25208	P40925	0	0.16052
Q9GZP8	P55084	0	7.1053e-05
P26368	P55084	0	0.00051432
O95551	Q9UD71	0	0.06272
O60583	P50135	0	0.13361
Q9NQ92	Q14894	0	0.0096426
D3DTV9	Q16854	0	0.045293
Q9NQ92	P59103	0	0.00010055
Q6ZYL4	Q9P0J6	0	0.027657
Q9BTP7	Q8WXI4	0	0.10569
Q9P2W1	P35754	0	0.0087281
P62304	P82921	0	0.03191
Q16533	Q9H5Q4	0	0.012295
O75528	P82909	0	0.020434
Q8N9N5	Q9BTM9	0	0.050427
Q15543	Q13795	0	0.0067662
Q86WB0	Q8IVS2	0	0.027865
P13686	Q03013	0	0.020447
Q96KF2	Q6XE24	0	0.045607
O43513	P82933	0	0.0037208
P51513	P82932	0	0.06781
Q9UBR2	Q92837	0	0.013273
O60671	P49458	0	0.019319
P78549	P35270	0	0.025244
O60671	Q13795	0	0.016355
Q9UDW3	Q9UD71	0	0.089087
Q8N807	Q9UN86	0	0.066996
Q86WQ0	Q93088	0	0.019514
Q13569	O60760	0	0.16598
P41002	P83111	0	0.0040144
Q9Y657	P82914	0	0.065686
P29084	Q9BYC9	0	0.022123
Q9Y294	O75936	0	0.14244
P16455	Q8TE02	0	0.076745
P51946	P82663	0	0.01182
Q9GZP8	O95848	0	0.025859
O95990	P15374	0	8.6005e-05
Q9BQ83	Q16851	0	0.027088
Q9H6T0	P59103	0	0.016262
Q13568	P30711	0	0.027834
O75971	Q15102	0	0.24047
Q86WQ0	O14618	0	0.062991
O75506	P82921	0	0.032325
P62805	Q13867	0	0.013417
O43541	O60551	0	0.12368
Q96JN0	Q9H5Q4	0	0.017685
Q9UBX1	Q9NZJ9	0	0.017985
O95551	O14618	0	0.043942
Q13243	P31937	0	0.004627
Q9UJW9	Q8N183	0	0.050042
O43325	Q99551	0	0.0032851
O96020	Q9Y234	0	0.00011684
Q01081	Q9P0J6	0	0.020353
O95551	Q9Y399	0	0.062624
P09012	P21673	0	0.0018869
Q9NX01	O95848	0	0.096464
O75503	Q8N183	0	0.0010876
Q9Y5N6	P51398	0	0.032643
Q9UDW3	Q16719	0	0.0035435
P09012	Q9BU02	0	0.035159
Q9H5F2	Q13795	0	0.0011179
Q96BP2	O14561	0	0.053713
P13984	Q13867	0	0.0047027
P04198	P59103	0	0.0081853
Q15543	P61970	0	0.079172
O75506	Q9Y676	0	0.14595
D3DTV9	Q9P2R7	0	0.059065
Q07352	Q9BU02	0	0.062705
Q9H147	P31350	0	8.6783e-05
P62805	Q14914	0	0.092664
P61218	Q9P0J6	0	0.021867
Q01081	Q9UDX5	0	0.057598
O96020	Q9BYD1	0	0.0001283
P49005	Q9P0M9	0	8.0474e-05
Q01459	O60783	0	0.00013869
Q99967	P49914	0	0.011417
O95551	Q96M11	0	0.055656
O94864	Q9BY32	0	0.10805
P50897	Q9P0M9	0	9.2943e-05
Q53HV7	P78540	0	0.11129
Q13573	P07741	0	0.014883
Q9BXL8	P23921	0	0.06621
Q13573	P82921	0	0.032919
P32780	P35754	0	0.0098411
O94864	P07741	0	0.091831
Q5MJ70	Q8N4E7	0	0.091118
Q8N9N5	Q8TE02	0	0.063037
Q9Y294	Q7L0Y3	0	0.13323
Q9BWT1	Q8N427	0	0.020891
Q9H0W9	Q9BYG8	0	6.772e-05
Q9UHR5	P50135	0	0.010255
Q96JN0	Q9Y234	0	0.00011032
Q13568	Q08257	0	0.05354
P36954	P39023	0	0.00010044
Q86WQ0	Q9BYG8	0	0.03523
O43541	Q15102	0	0.080474
P09012	Q8N183	0	0.024493
P27695	P83111	0	0.03928
O60671	P82909	0	0.037779
P51946	Q9P032	0	0.0028493
Q01081	P35270	0	0.033117
P12004	Q04837	0	0.024014
Q9P0K8	P21673	0	0.0082813
P04198	Q8IVS2	0	0.0049194
O95926	Q9BYD2	0	0.00020276
P51513	Q9BYG8	0	0.051287
Q07352	O75897	0	0.039538
Q5MJ70	P51580	0	0.032429
Q16656	Q8WXI4	0	0.069947
P04066	Q9UN86	0	0.00026462
P38571	P39023	0	7.9835e-05
P04066	Q9BRJ2	0	7.9767e-05
P38571	P0C7P0	0	0.018353
P78549	Q16719	0	0.029037
P78549	Q9Y399	0	0.048912
B2CW77	Q96M11	0	0.0074077
P12004	P49753	0	0.072927
Q00577	Q9NZE8	0	0.00032534
Q9P0K8	Q9P0R6	0	0.17582
O60762	Q13867	0	0.0070273
Q07352	P13995	0	0.041583
Q9UJC5	P82909	0	0.012085
P09012	P28838	0	0.0604
P62805	P24666	0	0.013249
Q8WX92	P06132	0	0.043185
O75381	O96011	0	0.11552
Q9Y675	P06132	0	0.015214
Q9UJC5	O75897	0	0.04148
P86791	Q9UN86	0	0.016129
Q8WX92	P23921	0	0.012348
P50897	Q9Y3B7	0	0.024128
P19532	P82921	0	0.062777
Q9BXL8	P31937	0	0.011005
O00287	P0C7P0	0	0.091722
Q00403	P82932	0	0.029696
P16455	Q9NP97	0	0.058513
Q16533	Q6PRD7	0	0.059393
Q9UK76	P15559	0	0.027092
Q00403	O60760	0	0.018205
Q9P0K8	O60783	0	0.43764
O96011	P56589	0	0.066374
O60762	P49458	0	0.019384
Q00403	P47874	0	0.040986
Q9H147	P78417	0	0.032112
P29084	Q14442	0	0.097356
P62875	Q14442	0	0.027684
P17900	P51970	0	0.075634
O95411	P15559	0	0.028479
P62875	P0C7P0	0	0.056861
Q16594	P35270	0	0.020957
Q01459	Q9NP92	0	0.00015585
Q9Y675	Q03013	0	0.017641
Q9H0W9	Q9Y3D9	0	6.9259e-05
O75446	P49914	0	0.12233
Q8WX92	Q9H5Q4	0	0.02972
Q6ZYL4	Q92837	0	0.033492
Q13573	O60551	0	0.10038
P62487	Q9Y234	0	9.4866e-05
B2CW77	P51553	0	0.021098
Q00403	P82664	0	0.02783
Q53HV7	Q92837	0	0.11319
O75506	Q14749	0	0.040366
P38571	Q9BXI3	0	0.0054132
Q9NWT8	Q9Y3D9	0	0.23859
Q53HV7	Q9NZJ9	0	0.15416
P32780	Q04837	0	0.029974
Q13568	Q02252	0	0.049615
Q9UHR5	Q9BYC2	0	0.051356
Q96BP2	P31350	0	0.055037
Q8N9N5	Q9GZZ1	0	0.011956
P62487	P35270	0	0.022802
P49005	O60760	0	0.029398
B2CW77	P48735	0	0.024026
P32780	P06132	0	0.055037
P20290	Q92844	0	0.12465
P49842	P40925	0	0.050883
Q9BXL8	Q13405	0	0.04504
O43325	P49675	0	0.00027068
P10412	O14618	0	0.059324
O43541	P82664	0	0.024875
Q9UBR2	P21673	0	0.0048879
Q9BTP7	Q9NPB1	0	0.012428
B2CW77	P49914	0	0.049658
Q01459	P13995	0	0.022646
O75971	Q9BTM9	0	0.10263
Q86WB0	P82675	0	0.013904
Q8N9N8	Q99819	0	0.22313
Q9P2W1	P31350	0	0.055609
Q15573	P62917	0	9.0746e-05
P09430	Q9NZJ9	0	0.0012449
P09012	Q9NZJ9	0	0.025809
P50897	P08319	0	0.023351
P83369	P21673	0	0.004623
O43513	Q9NRN7	0	0.0016095
P43004	Q15050	0	0.01301
O60671	P30838	0	0.013868
P09430	P23921	0	6.9164e-05
Q8TCE9	P47874	0	0.060475
P41002	O75648	0	0.18355
O43513	Q5EBM0	0	0.074938
Q6ZYL4	Q03013	0	0.01604
Q8WYA6	Q9P0R6	0	0.023407
Q9H147	O75648	0	0.056239
Q9BTP7	Q9NT62	0	0.023413
Q05952	Q6P1L8	0	9.7982e-05
Q01081	Q9P0M9	0	0.00010746
Q9UDW3	Q9Y2T2	0	0.05267
Q96D98	Q9Y3E5	0	0.071684
P78549	Q9P0R6	0	0.051181
Q969F1	Q13795	0	0.012135
P49842	Q14749	0	0.0053473
P12004	P56277	0	0.0067781
O60671	Q16698	0	0.029272
Q9HB96	P21695	0	0.0046294
O60583	P78540	0	0.10224
Q9UK76	P61970	0	0.11389
O75503	Q9Y399	0	0.035419
Q9Y294	Q9Y3D9	0	0.16916
Q02363	Q16854	0	0.11158
Q9NQT5	Q9Y3B2	0	0.00024974
Q64ET8	Q9UDX5	0	0.020781
Q13568	Q9BYD6	0	0.094786
Q13568	Q93088	0	0.084506
P16455	Q9Y3B7	0	0.053683
P12004	P51398	0	0.03988
P54803	Q9UJM3	0	6.8435e-05
Q9BWT1	Q9P2W6	0	0.033523
Q9P0K8	Q9Y3B7	0	0.17816
P62304	Q9P032	0	0.02898
Q01081	Q9UBR1	0	0.055814
O43148	P82930	0	7.4131e-05
O75971	Q9NP97	0	0.18951
O75446	P59103	0	0.10251
Q9UK76	P14324	0	0.0033968
Q9HAN9	Q12849	0	0.057722
Q86WB0	O75936	0	0.072442
Q9HAW0	P56277	0	0.010235
Q9BTP7	Q14894	0	0.047894
P83369	P0C7P0	0	0.036438
Q96D98	Q16698	0	0.05302
Q9Y294	P51970	0	0.087401
Q9UBX1	Q9Y2R5	0	0.049377
P49005	Q9BZL1	0	0.034361
O94864	P35754	0	0.057828
O95990	P46952	0	0.056778
P62487	P0C7P0	0	0.010306
Q9Y535	Q9P2R7	0	0.01603
O15514	Q9Y3D9	0	0.014274
P16455	P46952	0	0.076609
P62805	O43776	0	0.03655
Q9H0W9	P13995	0	7.9859e-05
Q15573	P82921	0	0.020228
Q16533	Q9Y3D3	0	0.00011483
Q9BSH3	Q9P0R6	0	0.012532
Q05952	Q16854	0	0.00991
P09132	P49458	0	0.02075
Q9BSH3	Q8IVS2	0	0.014666
O94864	Q9BRJ2	0	9.9127e-05
P13686	Q9BU02	0	0.031778
P49842	P82932	0	0.012025
Q05952	P59103	0	0.006373
P61218	P15104	0	0.023218
P38571	Q13795	0	0.010477
Q8N807	P61970	0	0.070097
O75528	Q9H2W6	0	0.061816
Q9NX01	Q7Z2X4	0	0.10462
Q8WYA6	O75648	0	0.28212
Q0VD86	P14324	0	0.059566
Q9C002	P52815	0	0.069779
P26368	P82663	0	0.043075
Q13573	O14618	0	0.032497
P20290	Q9Y2R5	0	0.00010855
Q12824	P08319	0	0.051894
P78549	Q15102	0	0.020869
O43325	P21695	0	0.087964
P04198	Q92844	0	0.10289
P20290	Q8WWV3	0	0.15487
