P31785	P16871	1	0.076927
Q15761	P01303	1	0.34044
P40189	P08887	1	0.07557
Q92945	O95453	1	0.21951
P40189	Q16619	1	0.26356
Q9Y6X1	P61619	1	0.068093
P38484	P15260	1	0.089313
O60383	Q9BRR6	1	0.32734
Q8TAE8	P24522	1	0.22785
Q9GZS1	Q15572	1	0.23609
O60383	O43261	1	0.38302
Q9Y285	O43390	1	0.50351
P80108	P17900	1	0.30273
Q8NCR6	P04278	1	0.35037
Q9ULC0	Q9NPF4	1	0.45391
O95182	Q9BQ52	1	0.27939
P51003	P09012	1	0.69278
P27930	P01584	1	0.48396
Q13867	P47914	1	0.20164
Q14940	P49407	1	0.098069
P34981	P49407	1	0.14106
P21246	O94864	1	0.33103
P01589	P14784	1	0.10345
Q03167	P08476	1	0.35916
Q15185	P31948	1	0.08318
P48147	P20366	1	0.15055
Q9P0U1	Q9NS69	1	0.29683
Q9Y6W8	O75144	1	0.08747
Q9UHR5	Q9UHX1	1	0.15023
O60238	P17152	1	0.35603
Q05519	P26368	1	0.26249
O15235	Q13432	1	0.89417
P27701	P05556	1	0.12968
Q9NRX3	Q9GZU0	1	0.040389
Q9NY97	Q96EU7	1	0.5832
P13727	Q5RL73	1	0.4836
O43809	Q5RL73	1	0.21343
P01375	P19438	1	0.61155
Q15041	Q969H0	1	0.44087
Q5T3J3	P82932	1	0.34277
Q9Y3A3	P15531	1	0.39249
P51116	Q15041	1	0.32292
Q8N668	Q86VX2	1	0.32505
Q969E3	Q08334	1	0.081767
P02686	P54253	1	0.28311
Q13432	Q01344	1	0.74735
Q9BS86	Q05996	1	0.40892
O14788	P78536	1	0.9161
Q9UMX1	Q7Z412	1	0.066322
P02489	P02768	1	0.3353
O15144	P59998	1	0.39815
O95870	Q9H0R3	1	0.53213
P15018	P40189	1	0.5004
Q9UKR5	Q9H1D9	1	0.28539
O95059	P78345	1	0.25068
P27930	P01583	1	0.45774
Q99547	Q9UKR5	1	0.51787
Q99665	P29460	1	0.15937
Q6X4U4	P22004	1	0.77651
Q5RKV6	Q13868	1	0.3775
P21246	Q9H5J8	1	0.46924
P38432	P51116	1	0.24764
P78345	O95707	1	0.31094
P26368	Q01081	1	0.24653
P31785	P60568	1	0.6434
Q9H1D9	Q9UKN8	1	0.32633
Q9NRG1	Q96G04	1	0.12869
Q9UKR5	Q96M11	1	0.26277
Q969H0	P63208	1	0.36426
P04437	P27824	1	0.63574
Q13867	P05067	1	0.2925
Q8TAA9	P27701	1	0.13393
O60383	Q9H0Q3	1	0.22629
P01589	P60568	1	0.61681
Q03167	P05111	1	0.0080228
P26368	Q9UHX1	1	0.181
O95059	Q96ID5	1	0.22976
Q96BI3	Q92542	1	0.19959
Q15762	P15151	1	0.18474
Q9UHQ9	P99999	1	0.027672
Q13228	Q5T3J3	1	0.23361
Q9Y275	Q02223	1	0.42838
Q8N668	Q9NX08	1	0.29963
P55259	P04746	1	0.052016
Q8TBR7	Q9UJ14	1	0.42402
Q9GZX9	Q9H2X0	1	0.11501
Q9NQS3	P15151	1	0.20551
Q9UMX1	Q06330	1	0.19474
O75530	O15379	1	0.21263
P52272	P06731	1	0.35504
O60232	Q9BVV2	1	0.25181
Q15465	P18509	1	0.2239
Q9UGL9	Q5T3J3	1	0.6064
Q15049	P13693	1	0.019905
P49755	Q96BI3	1	0.1286
Q9NX08	Q9NRX3	1	0.048908
Q06495	O95070	1	0.16606
P30519	Q9Y3C7	1	0.40518
Q8N6Q3	P04278	1	0.237
Q5RKV6	Q13347	1	0.19363
Q9H633	P78346	1	0.22927
P27169	P02768	1	0.25509
Q13432	P84090	1	0.62032
P16410	P33681	1	0.18905
O95059	O75818	1	0.13325
Q03431	P49407	1	0.41163
Q14019	P09917	1	0.1852
Q15274	Q9BQ66	1	0.087224
P21246	Q9Y3C0	1	0.20005
P20382	P16870	1	0.20053
Q9NZ42	Q92542	1	0.45479
Q9NQX5	Q9BQ66	1	0.026687
Q9Y3C7	O43261	1	0.47445
Q9Y6X1	P27824	1	0.17355
P04437	A0A1B0GX56	1	0.7726
O15455	Q99836	1	0.16336
O75381	O00628	1	0.12939
Q9GZS1	O15160	1	0.1385
P36542	Q9NRX1	1	0.78728
P14866	P26599	1	0.26827
P02775	Q8WVM8	1	0.19311
P02753	P02766	1	0.39195
Q13895	P38432	1	0.32455
Q8N668	Q9GZQ3	1	0.29826
P49247	Q96HA8	1	0.46113
P63241	Q9BU89	1	0.15296
P21246	Q9UGL9	1	0.75533
P04406	P05067	1	0.40445
P09693	P04437	1	0.5194
P09466	Q96ID5	1	0.31841
P21246	Q9H8M9	1	0.20268
P61247	O00422	1	0.49904
Q8WY41	Q05586	1	0.49993
Q96MU7	Q07666	1	0.45914
P03886	Q16762	1	0.074141
Q6UX01	P31025	1	0.30498
P46977	Q9NQX7	1	0.40822
P20382	P01303	1	0.35001
P61604	Q5T3J3	1	0.084714
Q92828	O60907	1	0.11772
Q9Y5Q9	Q8WXF8	1	0.22869
P36542	Q9HCC8	1	0.4576
O60383	Q9UN74	1	0.23661
P09012	P26599	1	0.5372
P04406	Q9UN74	1	0.3387
O43657	Q5T3J3	1	0.17276
P61812	P05067	1	0.5189
O75354	P54253	1	0.6274
Q9BQ66	Q08E93	1	0.099795
Q9Y2Q5	Q9UHA4	1	0.074844
P40189	P05231	1	0.57444
Q9BPZ3	P11940	1	0.099628
P27701	P28067	1	0.094541
Q9H633	P78345	1	0.24262
P18428	P49913	1	0.31186
Q03135	P05067	1	0.47681
Q9NZD8	Q53H80	1	0.17404
O15297	P46777	1	0.16063
P22234	Q9Y3A3	1	0.3917
P02489	O75390	1	0.50365
Q96ME1	Q9BQ66	1	0.01111
Q9UKR5	Q9NRX3	1	0.12757
Q9Y5X5	O43612	1	0.49344
Q9GZY0	P27695	1	0.23096
P13984	P29084	1	0.27219
P48147	P01042	1	0.15085
Q9UKN8	Q8WUA4	1	0.41864
P20963	Q9BZW8	1	0.18732
O15503	P04035	1	0.40514
P05067	P49768	1	0.41753
Q969H0	P49768	1	0.51079
P30519	Q5T3J3	1	0.23551
Q13042	Q9UJX2	1	0.22939
Q16518	P02753	1	0.26775
Q5BKT4	O95259	1	0.027943
Q03167	P61812	1	0.25886
P99999	P10109	1	0.18261
P09466	Q5T3J3	1	0.31944
O00198	Q92934	1	0.11225
P05060	Q13724	1	0.69466
O75446	Q16576	1	0.123
Q9UGL9	Q96ID5	1	0.69176
Q8N1I8	O00453	1	0.24474
P52434	P62487	1	0.26149
P62857	Q9BQ66	1	0.17354
Q92844	Q5D1E8	1	0.068766
Q15102	P43034	1	0.25743
P58753	P20963	1	0.62912
P10515	Q15118	1	0.12442
Q16553	P20963	1	0.23276
O00220	P50591	1	0.90838
P25101	P14138	1	0.38672
Q8WUH2	P09917	1	0.26948
O95059	O95707	1	0.31615
Q5JSS6	Q8N0X2	1	0.10715
P60568	P14784	1	0.502
Q9GZZ8	P04004	1	0.49005
Q96BI3	Q9NZ42	1	0.27491
Q9UNE0	Q92838	1	0.66053
Q92945	Q13868	1	0.24236
Q9Y2H0	Q9UD71	1	0.13485
Q9Y3F4	Q9H840	1	0.2518
Q9GZS1	O15446	1	0.25304
Q15102	Q13432	1	0.82211
Q9Y3F4	Q9P0P8	1	0.38625
Q99836	P14778	1	0.23504
Q9NZD8	Q9NTM9	1	0.20277
Q8N668	Q86X83	1	0.27228
O95273	P82933	1	0.24294
P31785	P05112	1	0.5114
Q13216	O14949	1	0.33576
P46977	Q8NCD3	1	0.26387
Q12972	Q9UKR5	1	0.087196
P27701	Q9P2B2	1	0.11732
Q9UBU3	P01303	1	0.37583
Q9UKJ5	Q9BQ66	1	0.26022
P63208	Q9UK99	1	0.32034
P13798	Q0P6H9	1	0.37719
P52434	P53803	1	0.23442
Q9BVK8	O95870	1	0.3702
O94811	P04406	1	0.67841
Q03135	Q10588	1	0.54882
O95059	Q969H6	1	0.21254
P13727	P04141	1	0.83641
Q5VWK5	Q9NPF7	1	0.24035
O76061	Q9H1D9	1	0.27628
P30990	P16870	1	0.23882
Q86XR7	P14778	1	0.41621
P54368	P11926	1	0.34275
P15907	P20273	1	0.44841
P51808	P06127	1	0.32374
P38432	Q96HA8	1	0.34561
Q9H1D9	Q5T3J3	1	0.21547
Q9NP99	O43914	1	0.29639
P54253	Q9NRX4	1	0.61121
P32970	P26842	1	0.36083
P48147	P30990	1	0.316
P16473	P27824	1	0.19712
P13686	P10451	1	0.20546
P04004	P15151	1	0.38044
Q9UI46	P43034	1	0.41468
Q9BUN8	P08582	1	0.27699
P15509	P08865	1	0.1384
P23921	Q5T3J3	1	0.15691
P37268	Q15041	1	0.21407
Q9UHX1	Q05519	1	0.16883
Q14627	P05112	1	0.47608
O76003	Q9BQ66	1	0.04719
P07766	O15446	1	0.17115
P04004	P61812	1	0.36102
P01042	P04004	1	0.2203
Q01780	Q99547	1	0.51029
P01148	P30968	1	0.64489
Q13432	Q9BXR0	1	0.84334
Q9Y3A3	Q5T3J3	1	0.41086
P13798	P04278	1	0.41748
Q9NTM9	Q6IA69	1	0.33539
Q9Y2H0	Q05586	1	0.33504
P60033	Q9P2B2	1	0.16147
A0A5B6	P04437	1	0.76063
Q8NEV9	Q6UWB1	1	0.26634
P19438	Q06643	1	0.59934
Q13432	O14569	1	0.83687
Q86XR7	P58753	1	0.73228
P09693	A0A5B6	1	0.3996
Q8NBJ7	Q969H0	1	0.091749
A0A5B6	P20963	1	0.48247
Q9HC73	P16871	1	0.037247
Q9BZW8	O43561	1	0.10966
Q96MU8	O94907	1	0.073327
P36542	P19823	1	0.63495
Q92542	P49768	1	0.40258
P21246	Q15388	1	0.25192
P78346	O95707	1	0.3075
P34913	Q9UFN0	1	0.37181
P05556	P15529	1	0.14444
Q9BX74	P05067	1	0.54031
P50542	Q8WTV0	1	0.11332
P47901	P01185	1	0.090181
Q9UMF0	P49768	1	0.36142
O75947	Q7L5D6	1	0.12746
Q96QD9	P04278	1	0.51644
P61254	O43390	1	0.14579
P62917	Q11203	1	0.32424
Q9Y3A3	Q9BTT4	1	0.59652
Q16558	P00395	1	0.28256
Q9NZ42	P49768	1	0.5309
Q13432	P07766	1	0.7681
P29122	P20382	1	0.25384
Q96BI3	P49768	1	0.15126
O43914	Q9NY25	1	0.5951
Q9UNL2	P51571	1	0.38281
P11597	O15145	1	0.46702
P78345	P78346	1	0.24738
Q96A83	P50454	1	0.38438
Q8NB91	P13726	1	0.21892
Q6IA17	P14778	1	0.13452
P58753	Q15629	1	0.52978
P63208	O60907	1	0.36063
P16870	P06307	1	0.5109
Q9UKX7	P46527	1	0.11261
P15509	P32927	1	0.15788
Q01344	P32927	1	0.097021
P04179	Q7L5D6	1	0.17925
O43927	Q99731	1	0.031907
P09669	P21246	1	0.64116
Q9UKR5	Q9BTE0	1	0.40121
Q02878	P47914	1	0.47642
P84090	Q9Y3C7	1	0.33453
Q9Y3F4	Q8WXD5	1	0.040313
P35613	Q03135	1	0.26053
P30519	P05067	1	0.42441
Q9Y294	P50502	1	0.20184
Q9UJX3	Q13042	1	0.18189
Q5JR12	P47710	1	0.40872
O00116	O15228	1	0.19074
Q12889	P02808	1	0.46872
Q96KJ9	P99999	1	0.13866
Q08722	Q02094	1	0.022727
O77932	Q01780	1	0.49101
Q9UHR5	O75446	1	0.14208
Q9BYT8	P30990	1	0.3205
Q9UJX3	Q12834	1	0.22609
P07766	A0A5B6	1	0.36499
P28300	Q07507	1	0.23051
Q9NS69	Q15388	1	0.36394
O95807	Q8WVR3	1	0.47488
Q8N668	Q9H0A8	1	0.18707
P17540	Q13432	1	0.81415
P11684	Q6UX01	1	0.33163
Q8NEC5	Q9UKJ5	1	0.67974
P78324	Q08722	1	0.040051
Q12788	Q9BTM9	1	0.39482
P49755	Q92542	1	0.3877
Q99836	Q9BXR5	1	0.12902
P26368	Q9UKJ5	1	0.24552
P36542	O43676	1	0.8568
Q86XR7	O15455	1	0.34442
Q01113	P15248	1	0.127
Q6X4U4	Q12834	1	0.39405
P24588	P31323	1	0.48572
Q99665	P42701	1	0.15198
Q9H0Q3	Q5RL73	1	0.11034
Q13432	Q9UN74	1	0.7017
Q9UN74	Q96ID5	1	0.15386
P10451	P16070	1	0.32232
O75352	P04278	1	0.41454
Q12972	Q5RL73	1	0.033444
Q01780	Q5RKV6	1	0.60303
P57739	Q9BQ66	1	0.06677
Q12972	O76061	1	0.072825
Q15102	Q9Y3C7	1	0.4657
O60383	Q99547	1	0.41567
Q11203	P02766	1	0.26286
O95994	Q9Y3C7	1	0.37422
Q9BRA2	P01185	1	0.1149
Q99705	P20382	1	0.38529
P42081	P16410	1	0.13034
O75818	P78346	1	0.13245
P78536	P01375	1	0.76491
Q9Y5X5	P01303	1	0.7094
P01042	P05067	1	0.35319
Q9UMX1	Q15274	1	0.16915
O60383	Q9Y3C0	1	0.14298
P21246	O76061	1	0.39201
Q9BUE0	Q9Y3C7	1	0.36302
Q9UMX1	Q9UHA4	1	0.13516
O95870	P03905	1	0.34949
P03950	Q15904	1	0.35961
O75381	P50542	1	0.23526
P54253	O43809	1	0.47643
P51116	O60232	1	0.19932
Q9NP62	O15379	1	0.11595
P20674	P00395	1	0.22546
Q5VWK5	P42701	1	0.085958
O14732	Q15011	1	0.16742
Q9UKR5	Q9UN74	1	0.27679
P35520	P51116	1	0.28112
P01583	P14778	1	0.32986
P84090	Q96ID5	1	0.2323
Q92979	Q07666	1	0.59694
P14778	P01584	1	0.31042
Q9Y3A3	Q9Y3C7	1	0.45273
Q15078	P61764	1	0.75026
P05556	P27824	1	0.22399
P02753	P02768	1	0.40891
Q15102	Q96ID5	1	0.33895
P16581	P16070	1	0.12745
Q92542	P05067	1	0.47072
P32971	P03950	1	0.48045
O15514	P53803	1	0.20213
P04278	Q5D1E8	1	0.21976
P50591	Q5RL73	1	0.83176
P04437	P20963	1	0.57087
Q9UJX3	P30260	1	0.26723
Q86X55	P11940	1	0.083285
P54253	Q86UW1	1	0.38216
P37268	Q9BTV4	1	0.30811
P17181	P48551	1	0.072029
Q7Z7C8	Q15542	1	0.32103
O43561	P12318	1	0.17409
P61247	P04179	1	0.52743
O60383	Q9Y3A3	1	0.49861
P27635	P62380	1	0.14534
O60443	P21246	1	0.41001
Q9UN74	Q5T3J3	1	0.14802
Q9NRX3	Q9BXR0	1	0.055167
O00165	Q13563	1	0.22926
Q9H633	O75818	1	0.17365
Q5D1E8	Q9NZD4	1	0.29139
O95059	P78346	1	0.22793
P46777	P63241	1	0.32679
P04278	P57057	1	0.12495
Q99547	Q9NP97	1	0.0022479
Q96CD0	P63208	1	0.19856
P04062	P07602	1	0.0968
O15143	O15144	1	0.064862
P54253	Q8TE02	1	0.73974
Q99547	P60866	1	0.48967
Q9NPF7	P42701	1	0.38919
P84090	Q5RL73	1	0.1579
Q15800	P54253	1	0.29419
Q13442	P01127	1	0.31562
P62380	Q96EY7	1	0.11897
P15509	P04141	1	0.66359
P16870	Q9Y3C7	1	0.38488
Q9H0Y0	Q9H1Y0	1	0.42545
O95084	Q8NB37	1	0.50256
P04155	Q86XP6	1	0.57345
Q9UKA2	P63208	1	0.19704
P52434	O15514	1	0.43011
P38432	Q15020	1	0.23447
P07498	P05814	1	0.1778
O00628	P50542	1	0.1073
P49407	Q14749	1	0.39971
P31785	P14784	1	0.046099
P04406	Q15102	1	0.49298
P61604	Q9UKR5	1	0.17665
O60383	Q9Y6M9	1	0.31052
Q13651	Q08334	1	0.03431
Q01780	Q96AT9	1	0.28565
Q92611	P27824	1	0.28429
P59998	Q9BPX5	1	0.53447
P46736	O75971	1	0.058562
Q6P1Q9	P49768	1	0.20537
Q9BXW7	P04278	1	0.1909
Q01780	Q7L2H7	1	0.25127
Q9UMX1	O00422	1	0.24346
Q5RKV6	O43809	1	0.6597
Q969N2	Q92643	1	0.26394
P34741	Q03167	1	0.39041
P19320	P05556	1	0.15585
Q8TDV0	P22466	1	0.14117
Q8NEC5	Q9BQ66	1	0.31714
P08700	P32927	1	0.35542
Q9Y535	O75575	1	0.32733
Q13432	Q9H0Q3	1	0.68793
P02766	Q7L5D6	1	0.10965
Q9GZX6	Q08334	1	0.51761
Q6VY07	Q13563	1	0.21276
P34741	P04141	1	0.61242
Q15388	Q8NEY8	1	0.26047
P04278	Q00796	1	0.38803
Q15102	Q5T3J3	1	0.29183
P05060	Q16635	1	0.22894
P23352	P34741	1	0.48528
P10912	P01242	1	0.40683
P54253	P04406	1	0.41094
Q9Y3C7	Q9H6R7	1	0.34949
P01275	P16870	1	0.46242
P46098	P27824	1	0.1955
O94777	O60762	1	0.29739
Q8NFH4	Q8NFH3	1	0.14914
P54253	P38432	1	0.34361
O15235	Q5T3J3	1	0.60931
O94777	Q92535	1	0.2947
Q86UN6	P31323	1	0.67598
P51003	Q9UKF6	1	0.098723
P04733	P04278	1	0.57982
Q15102	Q5RL73	1	0.19175
Q12834	Q13042	1	0.27418
P10451	Q8WYA6	1	0.19335
P05556	Q9UKP3	1	0.12856
P00480	Q15388	1	0.14045
Q15542	P13984	1	0.34469
O95372	Q9Y3C7	1	0.34577
P13686	P50591	1	0.88767
P16870	Q5T3J3	1	0.21984
Q9Y240	P21583	1	0.36038
Q9Y296	P34741	1	0.39348
Q13432	P20963	1	0.75144
Q969D9	P16871	1	0.37092
Q9Y294	Q13112	1	0.033553
Q96RJ3	Q9Y275	1	0.61855
Q96HA8	Q9H773	1	0.36771
P08887	P05231	1	0.54231
Q9H840	Q8WXD5	1	0.29263
O95084	Q9Y296	1	0.33028
Q969H6	O95707	1	0.28158
P06748	P24522	1	0.173
P10451	P05556	1	0.20946
O76003	Q6FI81	1	0.12677
O00165	P01583	1	0.35309
P21583	P04141	1	0.63045
O76003	O95544	1	0.23663
P38432	Q4J6C6	1	0.3488
P31785	Q01113	1	0.06718
P09693	A0A1B0GX56	1	0.45364
Q05586	P27824	1	0.40908
P52961	P01127	1	0.16695
Q9HCB6	P05067	1	0.26481
O95084	Q9H0R3	1	0.50054
P32971	P28908	1	0.17244
Q15397	Q86YV9	1	0.3217
P61604	Q13432	1	0.72328
Q15102	Q9UKR5	1	0.46321
O96008	Q9P0U1	1	0.57542
P18428	P08571	1	0.20026
P60981	P04278	1	0.34682
P27701	P27824	1	0.18513
P40200	P15151	1	0.14812
Q15011	P49768	1	0.28307
O15514	P62487	1	0.35012
P02768	P50502	1	0.43368
P20292	P09917	1	0.28245
P52797	O95084	1	0.42064
P54253	O00154	1	0.17464
Q9NQT5	Q92945	1	0.29499
Q13432	Q99547	1	0.8737
P09693	P07766	1	0.10079
Q9UN74	Q5RL73	1	0.12469
Q9HBE4	Q9HBE5	1	0.20911
P54253	Q969X2	1	0.56779
O15235	Q9UKR5	1	0.64931
Q6WBX8	O60921	1	0.25879
Q86UU9	P29371	1	0.22026
P49247	P51116	1	0.3838
P54253	P26368	1	0.37605
P54368	P54253	1	0.70253
O15379	O60907	1	0.32613
Q96CJ1	P0C1Z6	1	0.22455
P06127	P21854	1	0.28745
Q13432	Q96GX8	1	0.65388
Q9NYV6	Q15572	1	0.16871
Q9NP84	O43508	1	0.90241
Q9Y3C7	Q9GZM7	1	0.48062
P20916	P02686	1	0.16936
Q03135	Q9Y6H8	1	0.18748
Q96EC8	Q9BWQ6	1	0.8253
O75530	Q12972	1	0.060141
Q16570	P80075	1	0.23966
P42701	P29460	1	0.21521
P59998	O15145	1	0.59463
Q12834	P30260	1	0.34561
P02774	Q5T3J3	1	0.26051
P19256	Q15011	1	0.20508
P42081	P33681	1	0.12672
Q13042	P30260	1	0.29298
Q9H1D9	Q96FK6	1	0.11351
Q9UKT7	P63208	1	0.24504
P17540	Q5T3J3	1	0.19413
Q96JB2	Q8WTW3	1	0.06433
P32927	P04141	1	0.51892
P49771	P21583	1	0.18738
Q99547	Q5RL73	1	0.24691
O60383	Q15102	1	0.34256
P08571	O15455	1	0.11721
P58753	Q99836	1	0.57801
P49902	P51116	1	0.11141
P17342	P01160	1	0.53635
P61626	P31025	1	0.45897
P27824	P15260	1	0.12796
P36542	P21246	1	0.72524
Q969D9	Q9HC73	1	0.34825
P14866	P27695	1	0.30324
Q9UKY0	P08865	1	0.1298
P52815	Q9NW97	1	0.012786
P20366	P29371	1	0.38347
O15379	Q92828	1	0.054379
P20963	P06127	1	0.23254
P05111	P08476	1	0.031374
Q99547	Q5T3J3	1	0.3619
P32780	P29084	1	0.271
P54253	P61421	1	0.29315
Q13951	P05060	1	0.30068
Q13228	Q9Y3C7	1	0.42825
P51808	P15151	1	0.43311
O75818	P78345	1	0.1557
P49755	Q9NZ42	1	0.50303
Q8NHZ8	P30260	1	0.28613
Q08257	P02489	1	0.29256
P22234	P51116	1	0.18993
A0A5B6	A0A1B0GX56	1	0.72226
Q99547	O95453	1	0.36825
O15143	P59998	1	0.1685
Q53HV7	Q9BYG8	0	0.365
Q9H611	O75897	0	0.22848
Q9H2F5	P51970	0	0.28482
P13686	Q9Y3D3	0	0.17698
Q99967	P15104	0	0.030858
Q13610	P51970	0	0.55935
Q9H611	Q16854	0	0.32768
Q9H5J8	Q6UB35	0	0.054283
P04066	Q9BRJ2	0	0.1518
Q9H0W9	Q9Y3D9	0	0.19954
Q8TAE8	P50135	0	0.030081
Q05048	P09132	0	0.30953
Q9UHR5	P26639	0	0.21034
Q9Y535	Q9BYD1	0	0.14237
O95411	Q9UBR1	0	0.45582
Q05952	Q9Y3D3	0	0.10585
Q9H2F5	P61970	0	0.10535
Q8WX92	Q9NZE8	0	0.015997
Q9UHR5	O60477	0	0.18729
Q8N9N8	Q92844	0	0.064697
Q9UJC5	Q9NP92	0	0.23556
Q6UXN9	Q9NT62	0	0.089445
Q8WX92	P08319	0	0.17733
O95411	Q9Y3D3	0	0.32819
P09012	Q9NZD4	0	0.73772
Q9UJC5	Q6PRD7	0	0.00118
O96011	P56589	0	0.076842
O00628	O96011	0	0.031611
O75971	Q9BTM9	0	0.34214
Q9UHR5	P82675	0	0.039677
Q9P0K8	P10155	0	0.020211
Q9C002	Q9UJM3	0	0.024217
Q01081	Q9UBR1	0	0.21659
Q9BSF8	Q9Y676	0	0.082535
Q9UKF6	Q14442	0	0.19148
O60508	P82650	0	0.10836
P32780	Q9Y2Q9	0	0.10654
Q01081	Q9UD71	0	0.211
P05423	O75879	0	0.046147
Q9H2F5	P48147	0	0.15828
D3DTV9	Q16851	0	0.0028781
Q8N807	P49915	0	0.17817
Q8WUA4	P15104	0	0.13797
Q58WW2	P31937	0	0.035113
P13984	Q9UD71	0	0.12307
O60762	P83111	0	0.01712
Q8TE85	Q15102	0	0.38579
Q9BSF8	Q9Y3D9	0	0.22781
Q58WW2	Q9Y3D3	0	0.050329
P35244	P28838	0	0.034349
O60508	Q9P0M9	0	0.082565
Q13868	Q9NQT5	0	0.30678
Q96JN0	Q8TE02	0	0.30893
O75503	Q15102	0	0.32288
O15379	Q8N427	0	0.41454
Q9UJC5	O75897	0	0.21138
Q9H5F2	O75879	0	0.0074583
Q8NB91	Q04837	0	0.028287
Q15291	P28838	0	0.031666
P04554	Q8IVS2	0	0.0067003
P51513	P46783	0	0.087557
Q9BSF8	Q13867	0	0.2558
Q9Y535	P26639	0	0.26241
Q8WYA6	Q9UBR1	0	0.12803
Q96BP2	P82675	0	0.54641
Q86WQ0	P07741	0	0.057844
O60508	O60477	0	0.11322
Q8TE85	P49914	0	0.13818
P05423	O60783	0	0.059908
Q8TE85	O14618	0	0.11882
O75446	Q9BPZ3	0	0.1045
P13686	Q9BU02	0	0.31082
O60762	P82663	0	0.013583
P62487	Q9Y2Q9	0	0.15879
Q96JN0	Q9Y239	0	0.33059
O43543	P51970	0	0.49624
Q9Y5Q9	P15559	0	0.042953
P16455	P82650	0	0.15816
P32780	Q9BYC2	0	0.018747
Q13243	Q9H0U6	0	0.012131
Q9ULX3	P51970	0	0.35225
Q5MJ70	P49406	0	0.084094
O00115	P82912	0	0.10158
Q53HV7	P49902	0	0.20533
Q9H5J8	P82930	0	0.19678
Q8N9N8	Q8WWV3	0	0.251
Q05952	Q16719	0	0.12882
Q01459	P13995	0	0.0090865
Q9NX01	Q8TE02	0	0.09416
O95411	P49914	0	0.0049488
Q8NB91	O75394	0	0.01888
Q8N9N8	Q12849	0	0.30693
P51513	Q9BYG8	0	0.11796
P62487	O75394	0	0.028721
Q01459	Q9NP92	0	0.057274
O15379	Q12849	0	0.43794
P04066	Q9BYC2	0	0.0034157
O15379	Q9Y2Q9	0	0.14918
Q99967	P24666	0	0.83839
Q9H0W9	P49915	0	0.13463
O95411	Q9BU02	0	0.67487
Q9UJC5	Q14442	0	0.34985
P62487	Q9H0U6	0	0.094394
O75503	Q8N183	0	0.3088
Q15542	O95848	0	0.10176
O75503	O14618	0	0.16134
P35244	Q8WUN7	0	0.040325
P49005	Q8N1V2	0	0.35159
P05112	P78552	0	0.49102
O94864	P35754	0	0.20714
O75971	P28838	0	0.037348
Q86WQ0	P31937	0	0.015662
Q96JN0	P49914	0	0.51442
P29084	Q9NP97	0	0.0021375
Q9BTP7	Q9Y2J8	0	0.097879
Q9UHR5	Q9BU02	0	0.3588
P27695	Q6PRD7	0	0.0053145
Q9H5F2	P51970	0	0.45147
Q9Y5N6	O60783	0	0.07091
P27695	P78540	0	0.038834
Q15543	P49753	0	0.46635
Q9NX01	P35754	0	0.12045
Q9H9Q4	Q13867	0	0.10506
P04066	Q9UN86	0	0.014511
Q8N807	Q9UN86	0	0.20551
Q96JN0	Q08257	0	0.46641
P06280	Q08257	0	0.022449
Q9NX01	P48147	0	0.20411
O00115	P48147	0	0.34282
P04066	Q92844	0	0.046144
Q9BTP7	Q13867	0	0.070455
Q13243	Q16854	0	0.14908
P29084	Q9BRJ2	0	0.24479
Q9UK76	P61970	0	0.38382
Q9BTP7	Q9NT62	0	0.039465
P54803	Q93088	0	0.042232
O75446	O60477	0	0.095643
Q9BTP7	Q9UJM3	0	0.032845
Q9UBX1	P52815	0	0.0012587
Q8TE85	Q6UB35	0	0.070361
Q13243	P07741	0	0.033704
Q05048	P35754	0	0.25116
Q05048	O95379	0	0.29852
P54803	Q6WQI6	0	0.00059985
P62487	P0C7P0	0	0.30834
Q96T37	P49753	0	0.33542
Q58WW2	Q16719	0	0.10085
O15379	Q6PRD7	0	0.036828
P09012	Q8N183	0	0.32533
P05423	Q9NZE8	0	0.016275
Q9UHR5	Q9BYC2	0	0.012368
P62487	Q92844	0	0.13236
Q8TE85	O75648	0	0.29512
Q05952	P52815	0	0.00020867
Q9UHR5	O15235	0	0.57568
P86791	O75880	0	0.079492
Q969F1	Q8WUN7	0	0.014982
Q58WW2	O60783	0	0.045388
Q969F1	Q9Y676	0	0.044552
Q9BWT1	Q8N427	0	0.30561
P27695	P83111	0	0.22616
Q8TE85	Q6PRD7	0	0.0030881
P86791	Q9BRJ2	0	0.18322
Q9H6T0	P08319	0	0.20388
Q9BWT1	O14618	0	0.083664
P09012	Q04837	0	0.006778
Q9UBX1	Q9H7D7	0	0.46562
Q9ULX3	Q15185	0	0.07792
Q9H6T0	Q9BU02	0	0.32268
O43148	O95379	0	0.36368
Q53H80	Q9Y239	0	0.045275
O00287	O14618	0	0.11624
Q969F1	Q13867	0	0.074374
Q53HV7	Q8TE02	0	0.17954
Q9BSH3	Q8WUN7	0	0.040324
Q9P0K8	Q6UB35	0	0.014905
Q8WX92	P06132	0	0.18711
P35244	P26639	0	0.23259
P32780	P35754	0	0.27822
Q9NQT5	Q9Y3B2	0	0.38833
O94864	Q9NP92	0	0.29523
Q16576	P82932	0	0.43635
P17900	P51970	0	0.40478
Q13243	Q9HD33	0	0.14593
Q8WUA4	Q92844	0	0.20868
Q96KF2	P09132	0	0.11087
O75503	P78540	0	0.028318
Q16656	O60477	0	0.21769
Q9Y5N6	O60477	0	0.099916
Q13243	P31937	0	0.012742
Q01081	Q9P0M9	0	0.044221
Q9C002	P82930	0	0.020892
O94864	Q9BUE6	0	0.0076339
Q9UK76	Q14749	0	0.35051
D3DTV9	Q9P0M9	0	0.0039562
P38571	P0C7P0	0	0.26766
O94864	P50135	0	0.073916
P38571	O75897	0	0.10177
Q05952	Q15102	0	0.068019
Q58WW2	P15559	0	0.026501
Q96KF2	Q9H7D7	0	0.05775
Q05048	Q9Y2J8	0	0.51066
Q969F1	Q9BTM9	0	0.21396
Q9BTP7	P40925	0	0.037418
O60762	Q13867	0	0.058418
Q16576	Q8N427	0	0.34872
P54803	Q92844	0	0.017924
Q9BSF8	P82675	0	0.094308
Q6ZYL4	Q9NP97	0	0.0014339
Q8WYA6	O75648	0	0.37676
P38571	Q9BZL1	0	0.17329
Q13610	Q9Y239	0	0.21622
P26368	Q9BYC2	0	0.011282
P13686	Q9Y239	0	0.27057
Q8WYA6	P09132	0	0.1428
Q15291	Q08257	0	0.41074
Q9H611	Q8WUN7	0	0.062813
Q01780	Q9NQT5	0	0.48622
Q8NB91	P15104	0	0.10994
Q9UBR2	P63302	0	0.047423
D3DTV9	Q8N1V2	0	0.00203
P09132	P49458	0	0.30826
Q6UXN9	P26639	0	0.17138
Q01459	O60783	0	0.041867
O75446	P49914	0	0.019258
P49005	Q9P0M9	0	0.20863
Q01459	Q6V1X1	0	0.14235
O94864	P07741	0	0.061706
P09012	O15235	0	0.66154
Q6ZYL4	P61970	0	0.3129
P51513	P15559	0	0.019013
Q58WW2	O60477	0	0.058182
O60762	P82930	0	0.011739
Q16576	P61970	0	0.31416
Q96BP2	P34897	0	0.70552
Q16656	Q9NRN7	0	0.17899
O00115	P82930	0	0.36606
P26368	P82664	0	0.32074
Q9GZP8	P63302	0	0.00032895
P13984	P09132	0	0.24847
Q9Y5Q9	O15235	0	0.63418
Q9BSH3	Q8N6F7	0	0.031338
Q9Y294	P51970	0	0.19858
Q9ULX3	Q8WWV3	0	0.3071
Q96T37	Q9Y3E5	0	0.54235
Q96T37	P09132	0	0.35161
Q96KF2	Q6XE24	0	0.042402
Q05952	O75880	0	0.0015659
Q15291	O75394	0	0.012539
Q16576	P49914	0	0.43996
P27695	P49902	0	0.089579
Q5U623	P49406	0	0.070993
P54803	P13798	0	0.086547
Q9H0W9	Q9BYG8	0	0.14204
O43543	P46783	0	0.016147
Q9P0K8	Q9BYG8	0	0.039258
Q16656	P51970	0	0.64712
P51513	P82932	0	0.49231
O00287	Q07617	0	0.28594
Q8TE85	Q9BUE6	0	0.0051346
Q86WQ0	P49406	0	0.12212
O95411	Q8WWV3	0	0.19236
P26368	P82663	0	0.14293
O60508	Q14442	0	0.18275
P54803	Q9UJM3	0	0.030519
P21246	Q5T3J3	0	0.23497
Q9H611	Q9NRN7	0	0.24103
O95411	Q9BRJ2	0	0.11854
Q9H9Q4	P23921	0	0.094349
P16455	P50135	0	0.07521
P86791	Q9UN86	0	0.21637
Q9UKF6	P06132	0	0.16557
Q15542	P13995	0	0.25762
Q9H5F2	Q8N427	0	0.062789
Q86WQ0	Q15185	0	0.1053
Q6UXN9	Q9BRJ2	0	0.15811
P29084	P83111	0	0.36995
P04066	P07741	0	0.021279
P06280	Q9UDX5	0	0.023051
O00287	P0C7P0	0	0.17988
Q5U623	Q8TE02	0	0.06162
Q5U623	P82930	0	0.11273
Q9H0W9	Q93088	0	0.16107
O94864	P31937	0	0.026704
Q9UK76	Q6XE24	0	0.37045
Q96KF2	Q13162	0	0.029172
Q01459	P49902	0	0.042661
Q9BWT1	Q9BZL1	0	0.13267
P35244	Q07617	0	0.24183
P29084	Q14442	0	0.29486
O75446	P24666	0	0.49329
Q8NB91	Q9BYC2	0	0.013497
Q9BSH3	Q9P0R6	0	0.19789
Q13868	Q9Y3B2	0	0.19767
Q9BSF8	P10155	0	0.69286
O60508	Q9H9J2	0	0.25468
Q13243	P49902	0	0.10955
Q96JN0	P13995	0	0.19402
Q5U623	O75879	0	0.033649
O43543	Q6WQI6	0	0.00046548
Q9GZP8	Q9BU02	0	0.019656
Q9NX01	P06132	0	0.11332
Q9UJC5	Q9Y3D3	0	0.075561
Q13610	P07741	0	0.068787
Q8NB91	Q16854	0	0.51177
O75446	Q9UN86	0	0.058367
O15514	Q9Y3D9	0	0.29325
Q05952	Q9NP92	0	0.0073607
O00115	Q9Y291	0	0.59179
O60762	P49458	0	0.017547
Q15291	Q9NRN7	0	0.072619
P29084	O75880	0	0.12184
Q05952	Q16854	0	0.00075245
P32780	P07741	0	0.080953
Q15542	O75897	0	0.26353
Q96JN0	P24666	0	0.2872
Q969F1	O60477	0	0.031382
P27695	Q16540	0	0.14403
O60762	Q9BPZ3	0	0.0069282
O00115	Q14749	0	0.19645
P04066	Q13867	0	0.087773
Q96D98	P49915	0	0.075586
Q15543	Q9NP97	0	0.22029
P13984	Q9BZL1	0	0.15738
O00462	P49753	0	0.33558
Q9H0W9	P13995	0	0.11552
Q9ULX3	Q6UB35	0	0.053772
Q86WQ0	Q9Y239	0	0.058247
Q9Y5N6	Q93088	0	0.15041
Q58WW2	Q96M11	0	0.067053
P04066	Q9UJM3	0	0.055326
O43543	Q9Y291	0	0.25248
P32780	P82932	0	0.25546
O00287	Q14442	0	0.30168
Q6UXN9	Q9Y3E5	0	0.45349
Q8WX92	P13798	0	0.43539
P13984	Q6V1X1	0	0.63136
Q9H1Z4	O95848	0	0.1202
O43148	P82663	0	0.23134
Q9UBR2	P49406	0	0.30049
Q96D98	Q9Y3E5	0	0.42075
Q6UXN9	Q9NZE8	0	0.023025
Q5RKV6	Q9NQT5	0	0.69914
Q9H6T0	Q8N427	0	0.19005
Q9UHR5	P50135	0	0.041614
Q96D98	Q9P0R6	0	0.27788
Q5U623	P49914	0	0.15943
Q96BP2	O14561	0	0.51327
O75446	Q92844	0	0.084522
Q9BTP7	P49406	0	0.031066
Q9Y5Q9	O95379	0	0.26618
P27695	Q9Y676	0	0.06683
Q8TAE8	P49914	0	0.022026
Q5MJ70	Q8WWV3	0	0.28213
Q6ZYL4	P52815	0	0.0020982
P04554	P13693	0	0.0006602
Q9H1Z4	P52815	0	0.0053884
O43148	Q9H9J2	0	0.37181
Q9BSH3	Q16540	0	0.28675
P32780	P06132	0	0.18669
Q6UXN9	P0C7P0	0	0.46229
Q86WQ0	O14618	0	0.19545
Q9ULX3	P0C7P0	0	0.47551
O43543	P34897	0	0.022011
Q9BTP7	P82675	0	0.012145
Q05048	O14561	0	0.037863
Q96KF2	Q9NYK5	0	0.075016
P06280	Q9NYK5	0	0.19126
Q86WQ0	Q93088	0	0.17551
Q9C002	P52815	0	0.00022631
Q96BP2	P49902	0	0.63849
Q9H1Z4	Q92844	0	0.19243
Q01459	P31937	0	0.019514
P16455	Q8TE02	0	0.28518
Q5U623	P49915	0	0.12575
O75503	Q9NZD4	0	0.40517
Q15543	P61970	0	0.4551
Q9UK76	P50135	0	0.1536
Q96KF2	Q9NZD4	0	0.24506
O75971	Q9NP97	0	0.0028574
Q58WW2	Q07617	0	0.13417
Q8N9N8	Q16540	0	0.20283
Q01459	Q8IVS2	0	0.21379
Q9NX01	O95848	0	0.06314
Q9H2F5	Q9UDX5	0	0.31793
Q9H5F2	Q8N983	0	0.025749
Q8WUA4	Q9NZD4	0	0.63165
O43543	Q9Y2J8	0	0.035214
O43543	Q9H7D7	0	0.01585
Q96T37	Q9Y239	0	0.17411
D3DTV9	O95848	0	0.00162
O94864	P49902	0	0.069838
Q15542	O75879	0	0.030457
Q96T37	Q93088	0	0.23521
P05423	Q9BRA2	0	0.06625
Q9BSH3	P51970	0	0.39889
Q13610	Q6V1X1	0	0.37672
Q8WUA4	P31937	0	0.017712
Q9Y535	Q9H7D7	0	0.368
P04066	Q16851	0	0.031543
O15379	Q13867	0	0.1311
Q9BSH3	Q8IVS2	0	0.12176
Q969F1	Q9Y239	0	0.032298
Q9P0K8	P49753	0	0.10175
P26368	Q9NZD4	0	0.50712
P54803	P07741	0	0.024122
Q9Y535	Q9H9J2	0	0.37502
O75971	Q8WWV3	0	0.27452
Q13243	Q8N183	0	0.1558
O43543	P13798	0	0.01862
O75381	P56589	0	0.29529
Q9Y5N6	Q9BZL1	0	0.16264
P32780	Q04837	0	0.034015
O43194	Q9UBU3	0	0.15497
Q9UK76	P15559	0	0.04382
Q5U623	Q14914	0	0.5578
Q96JN0	Q13867	0	0.10979
Q8WX92	P24666	0	0.29756
Q9UJC5	O60477	0	0.42621
Q6UXN9	Q9H7D7	0	0.36296
Q9H1Z4	Q9UDX5	0	0.52956
Q99967	P49914	0	0.001028
Q16576	O75880	0	0.14098
Q9GZP8	Q8IVS2	0	0.0012584
Q96JN0	Q9HD33	0	0.18255
Q15291	P13995	0	0.20236
Q86WQ0	Q9NYK5	0	0.24031
Q01780	Q9Y3B2	0	0.369
Q9Y294	Q9BRA2	0	0.053075
P13984	P07741	0	0.070581
O60762	Q8N427	0	0.024847
Q53HV7	Q04837	0	0.020779
Q13243	P61970	0	0.095956
P35244	Q9H0U6	0	0.10918
Q01459	Q16719	0	0.10558
Q96D98	P10155	0	0.38437
P27695	Q5EBM0	0	0.23271
Q58WW2	Q92844	0	0.064542
P06280	P63302	0	0.013529
Q15291	P78540	0	0.033497
Q9BSF8	Q9BRA2	0	0.080754
Q53HV7	Q9Y2Q9	0	0.087168
Q8TAE8	Q6XE24	0	0.11463
Q9UKF6	Q9Y239	0	0.30471
P86791	Q16540	0	0.24854
O00462	P49406	0	0.11668
Q9GZP8	Q9Y3E5	0	0.0020151
O60508	P07741	0	0.055402
Q96T37	Q6UB35	0	0.05401
Q15291	Q6UB35	0	0.05264
P49005	Q9Y2J8	0	0.6106
Q16576	P35754	0	0.27094
Q01780	Q13868	0	0.27607
Q9H1Z4	Q6V1X1	0	0.5188
Q01081	Q9UDX5	0	0.39285
Q9Y294	P82663	0	0.060833
O43148	Q16854	0	0.26942
Q9H611	P15104	0	0.11995
Q96KF2	P82912	0	0.16318
P29084	Q8IVS2	0	0.10893
Q13243	Q9NZE8	0	0.0062681
Q9Y294	O75880	0	0.16926
O15514	P82932	0	0.55361
O60508	Q9Y3D3	0	0.10669
Q8TE85	Q9BPZ3	0	0.19403
O43148	P07741	0	0.072828
Q969F1	P82650	0	0.049628
Q9NX01	Q9Y239	0	0.10945
Q9BSF8	P40925	0	0.16003
O15379	P82933	0	0.13676
P32780	P49406	0	0.080934
P38571	P82912	0	0.14056
Q8TAE8	P83111	0	0.576
P49005	Q9BZL1	0	0.1665
P27695	P82650	0	0.13673
O00462	P82932	0	0.19902
Q01459	Q14749	0	0.03058
Q16656	Q07020	0	0.27097
Q9UBR2	Q14914	0	0.29477
O60508	Q8N1V2	0	0.23286
Q05952	P15559	0	0.0018331
O00462	Q15102	0	0.044905
Q96T37	O75897	0	0.24725
P13984	Q13867	0	0.13976
P09012	Q9BRA2	0	0.082699
Q05048	P06132	0	0.20517
Q8N807	P49406	0	0.081535
Q9H2F5	Q9BYD1	0	0.114
D3DTV9	Q9H0U6	0	0.00087875
Q13610	Q9BYD1	0	0.15334
Q5U623	Q15102	0	0.2583
O75381	O96011	0	0.068046
O00628	P56589	0	0.16615
Q01459	P52815	0	0.0012824
Q9P0K8	Q9P0R6	0	0.05268
Q01459	Q6UB35	0	0.0085555
Q9H6T0	Q9BZL1	0	0.12579
O75446	Q9Y2J8	0	0.1979
Q53HV7	P78540	0	0.01893
Q86WQ0	Q9BYG8	0	0.10747
O75971	Q9NYK5	0	0.093231
Q9UJC5	Q9Y291	0	0.33487
Q9H1Z4	P13693	0	0.022474
O60762	O15235	0	0.69152
Q9Y5Q9	P63302	0	0.032374
Q53HV7	P0C7P0	0	0.54157
Q8NB91	Q8N1V2	0	0.22644
D3DTV9	Q16854	0	0.00036415
Q8WYA6	O60783	0	0.059892
O43148	P31937	0	0.022467
Q9UBR2	Q9NYK5	0	0.42179
O94864	Q9BRJ2	0	0.16294
Q13610	Q9NP97	0	0.0014945
Q9BSH3	Q9BYC2	0	0.012127
Q9GZP8	O95848	0	0.0017611
O95411	P15559	0	0.0097623
Q9H2F5	P82932	0	0.28556
Q15542	Q15185	0	0.25957
P16455	Q9NP97	0	0.0023077
Q5MJ70	P63302	0	0.026975
Q9BSH3	Q9P0M9	0	0.094678
P13686	Q16540	0	0.23315
Q9C002	Q8WUN7	0	0.010013
P17900	Q9BYC2	0	0.031524
Q9UJC5	Q9BRJ2	0	0.16217
Q9UJC5	Q9Y2Q9	0	0.045878
P16455	P82932	0	0.28732
P35244	Q9BZL1	0	0.16591
O00115	Q9NYK5	0	0.40093
Q9H5F2	Q16854	0	0.0020881
Q8TAE8	Q9BUE6	0	0.0037306
Q9H5J8	P13995	0	0.18941
P01589	P31785	0	0.21408
O00115	Q6UB35	0	0.074883
Q9H9Q4	Q13162	0	0.40635
Q9C002	P07741	0	0.0047776
Q9BWT1	O60783	0	0.057087
Q969F1	O75880	0	0.01736
Q8WYA6	Q9P0R6	0	0.22977
Q01081	Q9NZD4	0	0.45408
Q8WX92	Q8N6F7	0	0.047424
P09012	P28838	0	0.027424
O00115	Q6PRD7	0	0.0030001
Q8N807	P61970	0	0.2624
A0A5B6	P24390	0	0.55485
Q96MU8	P51811	0	0.041713
Q9Y4P8	P04278	0	0.25081
Q92902	P28300	0	0.12479
P57739	Q64LD2	0	0.40683
P03886	Q13033	0	0.11106
Q9UK99	P05019	0	0.30534
Q06643	Q9NQS3	0	0.58095
O43194	P21589	0	0.12462
O43194	P62241	0	0.21312
P24588	Q96RK4	0	0.057448
O95411	Q9NQS3	0	0.82807
Q9NYK5	Q9NQX7	0	0.38331
Q9NXE8	P01375	0	0.60313
Q8WXF8	Q9H9C1	0	0.29892
Q14814	P62888	0	0.19802
Q9UKR5	Q9Y275	0	0.68596
P50591	P40189	0	0.81154
O14618	Q16635	0	0.094562
Q969E8	O95544	0	0.25368
Q12849	Q9UJC5	0	0.49247
P08700	Q9BPX5	0	0.55343
Q05940	Q9BYC2	0	0.13634
Q96MU8	O75419	0	0.071933
Q15800	P05423	0	0.22835
Q9NQT5	Q15257	0	0.55452
Q92838	O96008	0	0.70427
P50542	P24522	0	0.19948
P09012	Q9UK99	0	0.54252
Q96T37	Q9UI46	0	0.44921
Q9BQ70	Q08257	0	0.43972
O94907	Q9UKP3	0	0.21351
P05114	Q99062	0	0.67574
Q9NP62	P49913	0	0.17501
Q9BSF8	Q9BRR6	0	0.39669
Q16864	O96007	0	0.68863
Q9UK99	P14778	0	0.27387
P02818	Q9P0P8	0	0.8601
Q13042	P00751	0	0.23646
P30041	P00395	0	0.43055
Q14990	Q96KJ9	0	0.11551
P62380	P05112	0	0.5829
Q9ULX3	Q9UJM3	0	0.081002
Q86X55	O95273	0	0.11
P19320	P04180	0	0.20937
P18509	Q96KF2	0	0.058359
Q9UN86	P09669	0	0.56539
Q08E93	Q13216	0	0.2139
Q8WUN7	Q8N6F7	0	0.0088434
Q92535	P29084	0	0.32056
Q6NSW5	P02686	0	0.17357
