P15509	O14920	1	0.038027
O43325	Q13162	0	0.0189
Q99828	P49768	1	0.0040354
Q9UIF7	P27694	1	0.029707
Q9BSF8	Q8IUQ0	0	0.024162
Q16891	Q9H8T0	1	0.0033409
Q15583	Q9Y3B7	0	0.023204
P01589	P14784	1	0.060342
Q9UIF7	P78417	0	0.0032103
Q01081	Q9P0M9	0	0.0098904
Q8TAE8	P49789	0	0.0081765
Q15029	Q8NBJ4	1	0.0074375
P30533	Q14181	1	0.013239
Q9NQB0	P35222	1	0.0020054
P09430	Q01581	0	0.042159
Q96SZ6	Q15078	1	0.01087
Q9Y6W3	Q14CX7	0	0.0040987
Q9C002	Q9NY33	0	0.0032054
Q13243	Q9Y234	0	0.011529
Q64ET8	Q96IV0	0	0.018704
P12272	Q03431	1	0.023023
Q8IYF3	Q7Z6G3	1	0.0046061
Q9H5Q4	P00491	1	0.0019221
Q7Z7C8	Q15542	1	0.022687
Q92759	O75534	0	0.022133
Q9UDW3	Q8NEL9	0	0.012036
Q9Y294	O75880	0	0.007846
Q9H2F5	Q8NFG4	0	0.014494
P56537	Q92665	1	0.0041773
P27695	P82650	0	0.0050414
Q12874	Q01081	1	0.016511
P49755	Q9NZ42	1	0.017534
Q6ZYL4	Q13888	1	0.043921
P24522	Q13561	1	0.003426
P36954	Q9H6S1	0	0.011528
P54803	Q93088	0	0.0026608
P61218	P21673	0	0.033037
Q13416	P27694	1	0.024471
O43929	Q08257	0	0.011005
P13984	Q7Z2X4	0	0.025867
Q13113	Q7L5N1	1	0.010397
Q9HCU9	Q16576	1	0.0081654
Q9Y657	O14920	0	0.016601
P36542	P60002	1	0.0017193
P15927	Q8NBJ4	1	0.013753
Q9ULC0	Q9NPF4	1	0.04138
Q96T37	Q9Y3E5	0	0.027432
Q5RL73	Q16594	1	0.013516
Q9UM13	Q12834	1	0.0038987
Q9GZP8	Q9HCN4	0	0.017358
P12956	P49406	0	0.022335
P54253	Q9H4I2	1	0.0051003
P52630	P17181	1	0.035432
Q13503	P10827	1	0.0061636
Q13432	Q9NXU5	1	0.0090751
Q96SB4	P02686	1	0.01168
Q64ET8	Q9NY33	0	0.013105
P04406	Q9UN74	1	0.0042896
P10451	P16070	1	0.014164
P32780	O75570	0	0.0077856
P16383	P09132	0	0.056338
P27694	Q03013	0	0.0051319
O95990	P46952	0	0.011628
Q9BRA2	Q16881	1	0.02363
O96019	P82664	0	0.014631
Q9Y5X5	O15130	1	0.051301
Q8N5C8	Q15750	1	0.009752
Q9UBU7	Q9NX18	0	0.02735
Q13416	Q13794	0	0.022406
Q5XKR4	P48147	0	0.055895
P06400	Q8N6F7	0	0.0079277
P26639	P12081	1	0.00080013
Q96G25	Q6P2C8	1	0.0046515
Q96BP2	Q9BYN0	0	0.029503
O60383	P04183	1	0.01264
Q96BN2	Q9Y676	0	0.022344
Q9BSH3	Q8IVS2	0	0.01515
Q9UJX4	P11940	1	0.0040637
Q9NX01	O95848	0	0.22059
Q9NXB0	Q9GZR7	1	0.01166
Q9Y5Q9	P63302	0	0.0030879
Q9NY26	Q14722	1	0.008493
Q8TCE9	Q8IUQ0	0	0.013065
Q92759	P20807	0	0.020292
P29084	P19447	1	0.032466
P29083	Q9UHD2	0	0.013421
Q9H2F5	P40925	0	0.022562
Q9Y5Q9	P15559	0	0.0038276
Q9Y294	P34897	0	0.0066231
Q8N9N5	Q9Y3E5	0	0.017583
P20290	P06132	0	0.0090293
Q0VG06	O76031	0	0.015354
Q06495	O14745	1	0.015368
Q9Y2U9	Q8TE02	0	0.0057115
Q9UPV9	Q8NEL9	0	0.016397
Q6ZYL4	Q9NP97	0	0.0059106
Q8NB91	P48735	0	0.0051974
Q9UMS4	P04053	1	0.0061989
Q9BXW7	P04278	1	0.015153
Q9UHD2	Q7Z434	1	0.019599
Q12824	P06400	1	0.012309
Q9BTP7	P82675	0	0.028403
Q07352	P13693	0	0.017483
Q9H8M7	O75891	0	0.0091777
P36542	Q9NY33	1	0.0012368
Q9NRG1	Q96G04	1	0.0057784
O15514	P54687	0	0.019623
Q13243	P07741	0	0.011786
Q9UHQ9	P99999	1	0.0049848
Q99665	P42701	1	0.058853
P19838	O15519	1	0.0093935
P56589	P40855	1	0.0061335
O95926	Q9BYD2	0	0.012409
Q14919	Q16594	1	0.019146
P16383	Q6P1L8	0	0.013496
P78549	Q9P032	0	0.039324
P16870	Q14181	1	0.027914
Q6PJT7	Q9HD40	0	0.012223
Q96CW5	P23258	1	0.0058657
Q13569	Q9GZZ1	0	0.049722
P54253	Q969X2	1	0.0057242
Q8TE85	O14618	0	0.012948
Q86WB0	P54687	0	0.015525
Q99741	P49736	1	0.0084439
Q8N612	Q96HR9	1	0.0078007
Q9NTM9	Q6IA69	1	0.0022783
Q9UBU7	P28838	0	0.012122
Q86WQ0	P31937	0	0.0041321
P20618	Q99436	1	0.00072008
P61604	Q5T3J3	1	0.0053336
Q9UQ84	P54278	1	0.017459
Q9UHR5	P26639	0	0.044017
P21673	Q9H8M9	1	0.1404
Q13077	P21580	1	0.0082259
P62875	Q04837	0	0.0012084
Q53GS9	Q9H6S1	0	0.0084711
Q96KF2	P51553	0	0.0055315
Q8IXF0	P82909	0	0.014672
O60921	O60671	1	0.0092049
P06746	Q9UN86	0	0.016501
O00214	P05556	1	0.0066619
Q92624	Q15050	1	0.0021553
Q9NXR7	Q9NWV8	1	0.017608
O15235	Q9UKR5	1	0.010138
Q9BWT1	Q9HCN2	0	0.0052844
Q9UBU7	Q9BYC2	0	0.0095212
P26368	Q01081	1	0.03146
P21673	Q9HBL7	1	0.095565
Q9UIF7	P51970	0	0.021684
P17480	Q9Y291	0	0.065909
P25208	P40925	0	0.027797
O96019	O95848	0	0.026287
P03372	P51843	1	0.01289
Q9NYH9	Q9BQD3	1	0.0026564
P36543	O75348	1	0.003123
Q9Y2X7	Q96RU7	1	0.013672
P15927	Q9Y3C7	1	0.008834
P03372	Q6PML9	1	0.010004
Q03828	P48147	0	0.028059
P07686	Q9H9J2	0	0.022806
Q96T60	Q9BQ66	1	0.0063325
Q9NRI5	O15372	1	0.0078164
P05112	P78552	0	0.091073
Q8NHZ8	P30260	1	0.010629
Q8IXF0	P50135	0	0.0067826
Q16891	Q9H8K7	1	0.0028901
Q7Z5Q5	Q9BU02	0	0.017711
Q9NX01	O94906	1	0.10933
Q8TF76	P82914	0	0.043236
Q8N2H9	P51617	1	0.013997
Q6P1J9	P82930	0	0.017963
P98082	O15169	1	0.0031753
Q8TDV0	P22466	1	0.043887
Q8N336	Q9NWX6	1	0.014487
P27694	Q9H8T0	1	0.015996
Q92667	Q03135	1	0.011044
P17480	O15446	1	0.0367
O43365	Q07617	0	0.033172
P23759	P31350	0	0.022756
O00311	Q01581	0	0.025578
P61604	P10809	1	0.0070097
Q15078	P61764	1	0.0085999
P13807	P46976	1	0.0083443
A0A5B6	P04437	1	0.084618
P36915	Q9UHR5	0	0.0095754
O75528	Q8N183	0	0.03555
Q9Y6W3	Q07617	0	0.0062382
Q9H9Q4	Q13867	0	0.018988
Q9UKF6	Q9BYD6	0	0.0095072
P16383	Q9NY74	0	0.0055212
Q15583	Q9Y399	0	0.012724
O15169	P35222	1	0.0023014
Q9NZL9	P31153	1	0.0042334
Q8N9N5	Q9BTM9	0	0.0059453
Q99741	Q13416	1	0.013714
Q92597	P62854	1	0.023669
Q96BN2	Q8N142	0	0.01812
P29084	Q7Z2X4	0	0.029745
D3DTV9	O76031	0	0.0072212
P02774	Q6P1J9	1	0.004288
Q9NP79	Q7Z6G3	1	0.017634
O94864	P07741	0	0.017604
P30291	O95379	0	0.01994
Q9NQ92	Q9NYK5	0	0.0083461
Q8WX92	Q8NFG4	0	0.011887
Q15562	Q7L3B6	0	0.021393
P52434	O15514	1	0.014507
P30291	P82650	0	0.016833
O14717	Q9GZR7	1	0.0092384
P01375	P19438	1	0.011372
Q9NYK6	Q15834	1	0.0063374
Q9Y3M2	P35222	1	0.0027236
P24588	P31323	1	0.010201
Q9HAW0	P56277	0	0.020378
Q6PJT7	Q9Y399	0	0.011328
Q9Y535	Q9H7D7	0	0.019626
O00716	P62269	0	0.019328
P42081	P33681	1	0.047557
Q12824	Q13795	0	0.017532
Q9Y5Q9	P54577	0	0.0081735
O00623	P40855	1	0.012867
Q99836	Q9BXR5	1	0.0078556
Q15542	P13984	1	0.01912
Q9NSA3	P35222	1	0.0048567
Q8IU60	Q8IZD4	1	0.020232
Q92844	Q5D1E8	1	0.013751
Q8TCJ0	Q9NZE8	0	0.0020105
P29084	P07195	0	0.015268
Q9UKF6	P06132	0	0.0033096
Q13042	P30260	1	0.0023372
Q16594	Q15542	1	0.023973
Q13901	Q99598	1	0.011701
P60033	Q9P2B2	1	0.024163
Q9H1Z4	O95848	0	0.018246
P04183	Q5RL73	1	0.028966
O14744	P54105	1	0.020186
Q99726	Q92572	1	0.018209
Q15465	P18509	1	0.022507
Q8NB91	P13726	1	0.12599
Q03167	P61812	1	0.010962
Q9H211	Q99741	1	0.012085
P10515	Q15118	1	0.0044708
O95926	P0C7P0	0	0.0090264
Q9UL45	Q96EV8	1	0.0069978
P25208	Q9BYD2	0	0.037396
Q8N9N8	Q9H5Q4	0	0.021786
O15130	P01303	1	0.22628
P12956	P82663	0	0.030749
P83369	Q07020	0	0.0098166
Q9Y6W8	O75144	1	0.099327
Q8IZD4	Q5RKV6	1	0.008232
Q96T37	O75897	0	0.02186
O43513	Q5EBM0	0	0.021079
P23510	P43489	1	0.054709
Q9UBU7	P07741	0	0.011734
P21246	Q969Z0	1	0.013125
O95926	Q6P1L8	0	0.0088111
Q5BKT4	O95259	1	0.011642
P04406	P05067	1	0.0047337
O60508	Q9Y3D3	0	0.01113
O94782	Q9H0U6	0	0.046501
P20618	P49720	1	0.0014749
O15379	Q6NUP7	0	0.011527
Q9UI36	P13798	0	0.0059609
P43351	P19447	1	0.030295
Q14134	Q8NHQ1	1	0.0054102
Q8TCE9	P21673	0	0.018227
Q03013	Q8IXH7	1	0.013271
Q8TCJ0	P63208	1	0.0094625
Q9NXU5	P62917	1	0.013271
Q9GZT8	P61201	1	0.0028639
Q8NBJ7	Q969H0	1	0.37852
Q9NXU5	Q9GZT6	1	0.0027609
Q9C002	Q9UJM3	0	0.0034316
Q05952	Q16719	0	0.0082856
Q9BQ66	Q14781	1	0.0020949
Q9Y5A7	Q9NZN9	1	0.009821
O43543	P51970	0	0.018851
Q96E40	P49903	1	0.0050848
P84090	Q5RL73	1	0.022537
Q96JN0	Q8TE02	0	0.006207
Q9H1Z4	Q9NP74	0	0.015582
Q9UL45	Q6QNY1	1	0.0023523
P19438	O14920	1	0.019172
P10412	P51580	0	0.017219
O60583	P50135	0	0.0089667
P61218	O60239	0	0.042374
Q8IYF3	Q96GY3	1	0.0074873
Q9UN74	Q5RL73	1	0.010129
Q9UIF7	Q9BXI3	0	0.014987
Q92597	P41091	1	0.015754
Q9BSF8	O43776	0	0.055006
Q5RKV6	Q13347	1	0.0022876
P09430	P23921	0	0.0043889
Q49AR2	P60002	1	0.064845
O95391	Q15834	1	0.0060965
O43572	P31323	1	0.019464
O95926	P54136	0	0.015586
O75528	Q9Y2T2	0	0.010599
P20290	Q6P1L8	0	0.017106
Q9P0K8	P10155	0	0.01972
Q9NVU0	Q9UD71	0	0.0046944
P27701	P27824	1	0.026602
O00623	P50542	1	0.0037243
P68400	P18858	1	0.017067
O95411	Q9UBR1	0	0.009929
P55060	Q0P6H9	1	0.0064541
Q99081	O95084	1	0.01483
P36954	Q14914	0	0.0092583
Q9Y5Q8	Q9Y5Q9	1	0.0058166
P55789	Q9H1I8	1	0.016164
P29083	Q6WQI6	0	0.0052466
P03372	Q16698	0	0.022434
Q9Y6W3	P82663	0	0.015561
Q12889	P02808	1	0.11283
P06280	Q9NY74	0	0.033122
P49842	P82932	0	0.0071836
Q00403	Q9BY32	0	0.0039556
Q13432	Q9UN74	1	0.0058949
P06127	P21854	1	0.029002
Q13432	Q13200	1	0.0049781
P04004	P15151	1	0.027176
P07686	P30711	0	0.024299
Q07817	Q96LC9	1	0.006672
P40855	P33897	1	0.0035765
Q12981	Q9P2W9	1	0.0025282
P40429	Q8NBJ4	1	0.012804
P40200	P15151	1	0.013068
Q14696	Q9BYG8	0	0.017595
Q86WB0	P13995	0	0.0094044
Q01459	Q14749	0	0.052052
Q9H5J8	O43182	0	0.0015291
O14579	P53618	1	0.0019944
O75330	Q9ULW0	1	0.0016884
Q15562	O14920	0	0.018476
Q8WUA4	O15091	0	0.010847
P01589	P60568	1	0.060657
Q9UFW8	P13798	0	0.0035774
P49959	P12956	1	0.017301
P09012	Q9NP74	0	0.050515
Q8IYX3	Q9BQ66	1	0.0020489
P78549	P78417	0	0.055196
Q6PIZ9	P20963	1	0.0088105
P81172	Q9NP59	1	0.07175
Q969G3	P03372	1	0.01464
P62495	Q8IYD1	1	0.0066318
P40189	P05231	1	0.045505
Q969J3	Q9UHX1	1	0.041324
Q9H1Z4	P12081	0	0.008901
P16383	Q9BY32	0	0.0060939
Q9BVJ6	Q9H8T0	1	0.0048531
P31785	P16871	1	0.058545
Q8NB12	Q13765	1	0.0051794
Q6PJT7	Q9NZD2	0	0.020611
Q03013	Q5T3J3	1	0.0030278
Q8N3L3	Q12846	1	0.0073447
Q92844	Q9BYM8	0	0.015066
Q99689	Q14596	1	0.006824
P06280	Q9UDX5	0	0.25792
P30039	Q9Y3F4	1	0.00283
O43752	O14662	1	0.0057167
Q7Z7C8	Q16514	1	0.039163
O95926	Q2VPK5	0	0.010661
Q14140	Q14186	1	0.0026923
P32780	Q9Y2Q9	0	0.054988
P35475	P54136	0	0.079614
P61218	P62487	1	0.043546
Q70SY1	Q9UHR5	0	0.0058992
Q15464	Q12929	1	0.0093646
O96020	Q6P1L8	0	0.011582
Q9UBR2	Q13794	0	0.030757
Q9UNI6	Q8N427	0	0.018222
Q5XKR4	P39023	0	0.088358
Q07817	P49768	1	0.0046694
O43365	Q8NFG4	0	0.019496
Q03181	Q6PRD7	0	0.017297
Q13888	Q9UBR1	0	0.00677
Q15562	Q9H9J2	0	0.031865
O43929	Q2VPK5	0	0.016906
P19447	P82675	0	0.029149
P13686	P15927	1	0.0292
Q9UQB8	Q12929	1	0.019225
Q16576	O76031	0	0.010993
Q9NX01	P06132	0	0.069951
Q05048	Q96IV0	0	0.011988
Q86XR7	P51617	1	0.016692
B2CW77	P49914	0	0.0061424
Q16594	Q9NPB1	0	0.022296
P46527	O15131	1	0.0022815
Q9UJW3	Q9NRX4	1	0.015168
Q9H633	P78346	1	0.0037207
P54253	O43809	1	0.01128
Q7Z5Q5	P54136	0	0.025218
Q13432	O14569	1	0.0035971
Q96BN2	Q9UDX5	0	0.0030116
P35222	P35221	1	0.0024559
O43513	Q14749	0	0.0046232
Q6P1K2	Q9Y3C7	1	0.0041627
Q5JR12	P47710	1	0.010227
Q96SB4	Q8IYB3	1	0.0095255
Q15645	Q9GZT8	1	0.0044753
P12956	Q9BXJ9	1	0.0077733
O95411	P49914	0	0.0081446
O43493	O00189	1	0.005832
Q8NCW5	P02647	1	0.0055991
O94906	P03372	1	0.010707
Q9NV56	O75880	0	0.019362
Q9ULX3	P33402	0	0.015467
P32780	P49736	1	0.013436
Q9BQ83	P07741	0	0.012708
P17509	Q14749	0	0.091377
Q15102	Q9GZT6	1	0.0019796
A0A5B6	P20963	1	0.08897
Q13480	Q8WU20	1	0.0048557
O75381	O00628	1	0.0042716
Q99967	Q7L3B6	0	0.01184
Q96BP2	P31350	0	0.0085075
Q96KN1	P35221	1	0.0056065
Q9H6T0	Q9BZL1	0	0.0058067
Q9BQ83	Q8TE02	0	0.018522
O15273	O14793	1	0.0072812
Q969G3	P46952	0	0.031579
Q8NFW8	Q9BYC8	0	0.019915
P30519	Q9Y3C7	1	0.006545
Q9UMS0	Q8NC60	1	0.01327
Q9Y5N6	Q9Y234	0	0.011781
P35244	Q9Y6K8	0	0.025321
P05423	Q16822	0	0.023975
Q00403	Q13285	1	0.01948
P12956	P16284	1	0.013831
P37268	Q9BTV4	1	0.0056784
Q9Y2X7	Q9H7E9	1	0.008267
O15143	O15144	1	0.0060214
Q9NX01	P62495	0	0.14529
O14717	Q7L5N1	1	0.0021817
Q9UI36	Q92844	0	0.0096217
O60508	O95786	0	0.016116
P49736	O14775	1	0.004453
Q9UKX7	Q14974	1	0.0032809
O43365	Q9BYG8	0	0.0060261
Q13573	P82921	0	0.016004
P16870	P06307	1	0.099241
Q5RKV6	O43809	1	0.0069547
P28328	P56589	0	0.0062909
O15145	Q86YJ6	1	0.0086817
Q969F1	Q2VPK5	0	0.0088011
Q16891	Q9UFN0	1	0.0024059
Q0VG06	Q9UJM3	0	0.0090414
Q5D1E8	Q9NZD4	1	0.02615
P20382	P16870	1	0.063473
P00367	P00505	1	0.0028835
O75528	Q9H2W6	0	0.027249
P29084	O75880	0	0.017772
O95551	Q9UD71	0	0.044011
O15503	P04035	1	0.0043597
Q9UEE9	P68400	1	0.019577
P68400	Q12972	1	0.02205
O75925	Q9UPW6	1	0.010407
P12004	Q9P0J6	0	0.0062453
Q15562	P49915	0	0.018533
Q13285	P35222	1	0.0055708
Q96BD8	Q8WVK7	1	0.017629
Q92908	P26639	0	0.079986
P01579	P38484	1	0.090879
Q9HAN9	P51857	0	0.012435
Q12857	Q9Y3B7	0	0.0259
O00115	O00471	0	0.0031831
Q16533	P62917	0	0.020391
Q92902	Q9NQG7	1	0.020661
Q9UDW3	Q16719	0	0.014106
P17540	Q5T3J3	1	0.0071928
Q99967	P24666	0	0.013207
O00165	P01583	1	0.0062294
Q8NFW8	P51857	0	0.014649
P41227	P11245	1	0.023506
P68400	Q9Y624	1	0.018005
Q9HAN9	Q12849	0	0.019213
Q5XKR4	P51970	0	0.089961
Q9UHI6	P62304	1	0.0058457
O95990	Q7L3B6	0	0.0099588
Q7L590	P24385	1	0.0061924
Q99689	Q5MIZ7	1	0.006229
Q9P2W1	Q9NP97	0	0.0040003
Q96FX7	Q9UJA5	1	0.011658
Q96JB5	Q15078	1	0.0054801
Q9BTP7	Q13867	0	0.021101
Q7Z6G3	Q9BU64	1	0.0072747
Q9UI36	P21695	0	0.014532
Q9NWT8	Q9H9J2	0	0.021556
O75460	P19438	1	0.027824
Q6ZYL4	O75534	0	0.07702
P35244	P54687	0	0.012602
Q15562	P15104	0	0.0097623
Q9Y675	P54577	0	0.021965
Q9H611	P15104	0	0.013495
O43823	P24385	1	0.0059502
P62304	P48200	0	0.0057883
Q13416	Q9BRA2	0	0.029614
Q8TCE9	P47874	0	0.011286
P51946	O75534	0	0.020461
Q96AV8	P20807	0	0.049782
Q969H0	P63208	1	0.013498
P12956	P54687	0	0.016348
Q15583	Q16740	0	0.019823
Q9UMX1	O00422	1	0.015367
Q9Y3A3	Q15834	1	0.0051114
Q15388	Q6P1J9	1	0.0045129
Q14186	Q9P2R7	0	0.030683
Q9UJW9	P15927	1	0.0108
Q9H2F5	P82932	0	0.019856
Q13568	Q9NZD4	0	0.019134
P62875	Q14914	0	0.0089135
O00161	P51809	1	0.0020358
Q9NV56	Q14749	0	0.013627
P12956	Q15102	1	0.011843
Q8N9N8	P83881	0	0.035014
Q969G3	Q9BUE6	0	0.042609
O43927	Q99731	1	0.080202
Q9UMF0	P49768	1	0.011158
P06746	P51580	0	0.010517
Q99627	Q7L5N1	1	0.0023255
P49917	P63302	0	0.00074606
Q9Y3U8	Q02543	1	0.031494
O95219	Q53H12	1	0.0023166
P63272	P49675	0	0.0064716
O15116	O43776	1	0.011538
P02753	P02766	1	0.02817
P38571	O60783	0	0.052482
Q9H773	Q8NC60	1	0.0082059
P29122	P20382	1	0.032084
Q6ZYL4	O60239	0	0.045283
P59998	Q9BPX5	1	0.0065845
Q92989	O43809	1	0.016644
Q00403	P29084	1	0.020621
Q15834	Q8NE31	1	0.0097813
Q9BRT9	Q9Y248	1	0.0080896
P01579	P01375	1	0.014936
Q9NV56	Q9NPF5	1	0.011
Q9BSH3	Q16540	0	0.011007
Q07352	Q8TDY4	0	0.024814
Q9BWG6	Q15834	1	0.015162
P17480	Q14894	0	0.011616
Q53HV7	P35270	0	0.013376
Q96SB4	Q14739	1	0.012882
O14920	Q9UHD2	1	0.0064337
Q99933	Q07817	1	0.0023494
Q8NCR6	P04278	1	0.04399
P62304	P34897	0	0.0047703
P68400	P27695	1	0.0081659
Q9P086	Q15528	1	0.0024872
Q9UPT5	Q96A65	1	0.0082907
P11597	O15145	1	0.0051491
Q9H147	P31350	0	0.011268
P34897	P67870	1	0.010113
P61218	P78417	0	0.028506
Q9UBU7	P06132	0	0.0079469
P09466	Q5T3J3	1	0.011022
Q96BN2	Q9UHN1	0	0.019746
P26368	Q9UHX1	1	0.069285
Q9H9Q4	Q9BZQ8	0	0.031746
Q96JB2	Q14746	1	0.0073676
Q9Y535	O75575	1	0.0085881
O94906	Q9Y2J8	0	0.0054072
Q9BSF8	Q13867	0	0.01748
P03372	Q99623	1	0.006021
Q13610	Q8NFG4	0	0.015359
Q9UHF0	Q99689	1	0.018692
Q53HV7	Q04837	0	0.0023634
Q16656	P62269	0	0.015786
Q92934	Q07817	1	0.010466
P51946	Q9P032	0	0.013844
P49755	Q96BI3	1	0.01621
O75971	P28838	0	0.0096372
Q6UXN9	Q9BRJ2	0	0.0035858
Q01459	Q92837	0	0.043729
P04062	P07602	1	0.0031284
Q92994	P68400	1	0.017753
P13798	P04278	1	0.056599
Q96AV8	Q9P2W6	0	0.0052983
O60895	P01258	1	0.099982
Q0VD86	P62917	0	0.012038
Q9H6T0	P82909	0	0.029811
Q9H5F2	Q9Y2T2	0	0.0074991
P22674	P15927	1	0.012628
Q9H267	Q9H9C1	1	0.0063134
Q96BI3	P49768	1	0.0159
Q9H0Q3	Q9GZT6	1	0.063068
O95551	P49902	0	0.047052
Q8NE01	Q9BQ66	1	0.0035758
P12272	P05231	1	0.022557
Q9GZR7	Q9Y2X7	1	0.010581
P23759	Q9HCN4	0	0.054383
Q8IZJ0	Q08334	1	0.050309
P28799	P52790	1	0.003593
Q16891	Q9BQD7	1	0.0030428
P78549	Q9Y399	0	0.021771
Q01344	P05113	1	0.064862
Q6P2C8	P13995	0	0.0059697
Q13888	Q7L0Y3	0	0.017541
P08865	P63220	1	0.0033511
Q15645	Q96HA8	1	0.010569
P21673	Q96BY9	1	0.16228
Q9NQT5	Q9Y3B2	0	0.02804
O14744	P02686	1	0.010817
P16989	P25208	1	0.018151
Q9UDW3	Q8N1V2	0	0.0059228
Q9Y657	Q99558	0	0.044028
O43929	P49736	1	0.010252
Q969E3	Q08334	1	0.06018
Q86WB0	O95786	0	0.017468
P51946	P82930	0	0.014869
P86791	P54136	0	0.012048
Q96SB4	Q13243	1	0.030736
Q6P2C8	Q15528	1	0.0038428
Q9Y535	Q9BYD1	0	0.0076776
O00462	P82932	0	0.0064557
O94818	O75971	1	0.01329
Q9BWC9	Q5RL73	1	0.012315
P60228	O43292	1	0.0034376
P36543	P04075	1	0.0020033
Q6PIZ9	P07766	1	0.021695
Q13569	Q6P1L8	0	0.018299
Q15543	Q9NP97	0	0.0085574
Q7Z5Q5	Q6V1X1	0	0.0027174
Q13200	P19438	1	0.0063867
Q8N668	Q9NX08	1	0.0079929
Q13889	Q9UHN1	0	0.016794
Q9Y6W3	Q9P0M9	0	0.0013693
O75925	P03372	1	0.0094463
Q96BI3	Q92542	1	0.028734
P12956	Q9H910	1	0.0035394
P17480	Q9BPZ3	0	0.02559
P27695	Q5EBM0	0	0.0045481
O75381	P56589	0	0.0067994
Q86WB0	Q93088	0	0.018723
O14737	Q5T3J3	1	0.0023117
O43194	Q9UBU3	0	0.021179
Q92989	Q92844	0	0.014357
P17480	Q14442	0	0.0038612
P16383	P12081	0	0.028168
Q9UBX1	Q99819	0	0.014886
Q12857	Q9NX18	0	0.041809
Q9H9Q4	P23921	0	0.020189
P07686	P82664	0	0.019914
P38571	Q13795	0	0.058772
Q96KF2	Q9H7D7	0	0.0097947
O43929	Q9UBD5	1	0.01207
P63272	O75897	0	0.0026391
O75352	P04278	1	0.025713
P62805	Q01581	0	0.04811
Q9UHR5	O75446	1	0.0055193
Q9UIF7	P63302	0	0.00095495
Q9NX08	Q9NRX3	1	0.0013455
P15848	P47874	0	0.014702
Q15102	Q9GZR7	1	0.010539
Q16576	P82932	0	0.0058831
P30291	P62917	0	0.013225
P52657	Q9NX20	0	0.0056407
Q9UBR2	Q9BYC2	0	0.020882
P51513	Q9NX20	0	0.019462
Q16533	Q92966	1	0.009575
Q13352	P19838	1	0.0057599
P68400	P30519	1	0.0061745
Q13573	Q13405	0	0.015152
Q9Y6W3	P50135	0	0.0010327
Q9NX01	O75534	0	0.14695
Q01780	Q5RKV6	1	0.007817
O00287	Q9GZT8	0	0.0067414
Q99547	P60866	1	0.010097
Q9Y3B2	Q06265	1	0.020517
Q13432	O14717	1	0.006774
P38435	P02818	1	0.055567
P05111	P08476	1	0.0049506
P50616	O43541	1	0.017112
Q13571	P21580	1	0.0070079
P21246	Q9NXU5	1	0.01381
O00257	P15104	0	0.028619
Q53HV7	Q8TE02	0	0.01867
O60921	P12004	1	0.0040637
P62875	P30838	0	0.02087
P12956	P49914	0	0.010546
P02775	Q8WVM8	1	0.025669
Q9ULX3	Q9BXI3	0	0.011382
O00311	P55084	0	0.049533
P61247	P04179	1	0.0064764
O75381	P50542	1	0.0033638
Q9P0K8	P49753	0	0.018717
P04406	P04183	1	0.0040037
Q16533	O76031	0	0.01934
Q9UM82	Q9BYD1	0	0.007571
Q8N6Q3	P04278	1	0.033092
Q9Y6W3	Q9NZJ9	0	0.0074052
Q8TCJ0	Q9Y3D3	0	0.0092687
Q9Y2H0	Q96A65	1	0.010084
O60760	P52790	1	0.0051212
P41002	Q8IXM3	0	0.0082627
O15514	P62487	1	0.055119
O00311	P21695	0	0.011593
Q12996	P53384	0	0.023398
O96020	Q9Y234	0	0.0098615
O00257	Q01581	0	0.026031
Q8WUA4	Q9NY33	0	0.0062525
Q8WUA4	P31937	0	0.0052122
O00462	P54577	0	0.0085758
O43148	P31937	0	0.0023568
Q9BYT8	P30990	1	0.093474
P62304	Q9Y2Q9	0	0.0088875
Q96KF2	Q6P1L8	0	0.011131
Q9H5F2	O43776	0	0.0066866
P36954	Q16822	0	0.017828
P20290	P47874	0	0.017163
P63208	O60907	1	0.0083177
Q92624	Q4U2R8	1	0.0041814
Q8N715	Q15834	1	0.0026733
Q8TF76	P62917	0	0.0092
P40926	P00505	1	0.0024174
Q8N807	P49915	0	0.029152
P29083	P82933	0	0.022933
O75884	P06400	1	0.0044739
Q8IYF3	Q6ZU52	1	0.0047029
P10827	Q96RP9	0	0.011104
O60583	O75570	0	0.0091416
P19532	P39023	0	0.041432
Q9Y3C7	Q9H6R7	1	0.0067385
P06400	P02545	1	0.0068259
P27824	P15260	1	0.02561
P19838	P01589	1	0.018143
Q969G3	Q9UD71	0	0.0033673
P10827	O60477	0	0.016825
Q96BP2	P34897	0	0.0091367
P35244	Q9H0U6	0	0.019235
P27694	Q9H1I8	1	0.021017
Q9H633	P78345	1	0.0072695
P54253	P04406	1	0.0049598
P51843	Q13573	1	0.0064381
Q12996	P82650	0	0.014857
Q14781	Q6V1X1	0	0.0059352
P26368	P49789	0	0.016242
O75947	Q7L5D6	1	0.0022828
Q9HCB6	P05067	1	0.010228
Q9H467	P03372	1	0.010294
Q92560	O60783	0	0.014365
P09012	P82914	0	0.10315
O43513	Q03013	0	0.0054074
Q9H4I2	Q9BYG8	0	0.012171
O60232	Q53TS8	1	0.0055787
P12956	P27695	1	0.010338
Q9UGL9	Q96ID5	1	0.0058155
O95551	O76031	0	0.030021
P17509	Q13162	0	0.092269
Q9UBX1	P49789	0	0.029112
O60496	Q96EK5	1	0.015723
P27694	Q15102	0	0.010419
Q13200	Q16401	1	0.002895
Q14181	O00471	0	0.013619
Q99547	Q9NP97	1	0.0065577
Q96SB4	Q01081	1	0.026787
O94864	P35754	0	0.029757
P43034	P68400	1	0.0052998
Q9BSF8	Q9Y3D9	0	0.019225
O43913	Q13416	1	0.017271
Q86WQ0	P07741	0	0.009733
P58753	Q15629	1	0.0050701
Q9UBR2	Q7Z2X4	0	0.063694
Q5FBB7	P13010	1	0.016188
Q9BRG1	Q86VN1	1	0.015448
Q9UKV8	Q9UHI6	1	0.011835
P68400	P41236	1	0.018457
Q9UIF7	Q8NEL9	0	0.02607
Q96CD2	Q96BT3	1	0.0083746
Q99623	O15379	1	0.0034765
Q9BTX1	Q8N1F7	1	0.013475
O43365	P08319	0	0.022021
Q8IXF0	Q16698	0	0.022687
Q8N668	Q9GZQ3	1	0.005327
Q12996	Q9BPZ3	0	0.019952
P19447	P18074	1	0.015912
P35244	Q6P1L8	0	0.012958
Q9BXY8	Q9BQ66	1	0.0024334
Q8TAE8	P48735	0	0.0079732
Q9UKI8	O00161	1	0.0043648
Q7L5D6	Q8N2U0	1	0.001975
O75943	O60921	1	0.0070212
Q07820	Q9UMX3	1	0.0022484
P56537	Q9NWY4	1	0.0020438
Q16611	P10809	1	0.0037948
P13686	P14324	0	0.10378
P68400	P35222	1	0.0061819
Q12929	Q9UL45	1	0.0049569
P62487	Q9Y2Q9	0	0.079444
D3DTV9	Q9H0U6	0	0.0049478
P19438	Q06643	1	0.0084111
Q9UBS8	P03372	1	0.012241
Q9BV90	Q9NY33	0	0.0051129
Q7L5N1	Q8N2I9	1	0.0036283
Q8N9N8	O60239	0	0.054194
O43541	O75891	0	0.010032
P21246	Q9NPJ1	1	0.013097
P49366	P63241	1	0.0047487
P20290	Q16740	0	0.022618
P47224	Q6YP21	1	0.0035171
O00628	P28328	0	0.0033256
Q99967	P82914	0	0.042845
Q01081	P35270	0	0.01774
Q9UI36	O60551	0	0.099876
P61970	P37198	1	0.0016873
Q01831	P19447	1	0.035361
Q6ZYL4	P17987	0	0.017665
Q15645	Q8IVS8	1	0.004609
Q8N668	Q86X83	1	0.0045706
Q8WXE9	Q9UBC2	1	0.0082667
P35475	Q14914	0	0.039839
P15509	P04141	1	0.063304
P13686	Q8N6F7	0	0.051186
Q9Y285	O43390	1	0.017349
Q5TB30	Q9UHD2	0	0.012087
Q15583	Q14CX7	0	0.01095
O94906	Q8N1V2	0	0.002499
P60981	P04278	1	0.022718
O95551	Q9UI17	0	0.027703
P03372	O15514	1	0.019694
Q9Y262	O15371	1	0.0066799
Q969F1	O00764	0	0.028955
P19429	Q13563	1	0.0072582
P07766	A0A5B6	1	0.12908
O94864	Q9BY32	0	0.0089067
Q01780	Q96AT9	1	0.003837
Q8TF76	P82663	0	0.043365
Q9UL03	Q9BZL1	0	0.0092336
Q5FBB7	P62906	1	0.0054217
Q16518	P02753	1	0.0036008
P54278	O60760	0	0.012854
Q9UBR2	P82675	0	0.041725
P04198	Q92844	0	0.0082421
O43747	P08247	1	0.012789
P19447	Q9Y3D9	0	0.029515
O76039	Q07020	0	0.011157
O95990	Q9UI17	0	0.0084988
Q9HAW0	Q9P032	0	0.017249
Q03181	Q9NP92	0	0.015399
Q14974	P12272	1	0.0037682
Q9Y3C7	Q9BTY7	1	0.0047672
P54253	Q9P2G9	1	0.006584
P04053	P12004	1	0.0047894
P51116	Q9BQD3	1	0.012537
Q8TF76	O43776	0	0.055868
Q13191	P36888	1	0.012785
Q8TDR0	Q9NRI5	1	0.0082761
O96020	P31350	0	0.0095503
P51116	Q15041	1	0.0054286
P49842	P49753	0	0.0066563
Q8TCE9	Q9UHN1	0	0.0070259
P27695	Q9GZT8	0	0.0033742
O60671	Q9Y3D3	0	0.01291
O43776	P54253	1	0.045527
P48147	P20366	1	0.5703
P21246	Q5T3J3	0	0.0094036
P26368	Q96LR2	1	0.020524
Q9Y421	Q9UNZ2	1	0.020231
O95721	O43752	1	0.0041295
P05423	Q9NZE8	0	0.008604
Q8NFW8	O75880	0	0.01325
O43541	Q8TCS8	0	0.021567
Q14186	Q92837	0	0.0043344
P07686	Q99551	0	0.0090896
Q96KF2	Q9NZJ9	0	0.046331
P62805	Q16612	0	0.035621
Q8N9N8	Q9Y234	0	0.020499
Q9H2F5	P48147	0	0.0018167
Q9H1D9	Q96FK6	1	0.0051483
Q9UMX1	Q06330	1	0.013589
P04553	P17987	0	0.0033304
O00311	Q9Y5N6	1	0.019258
Q86XR7	P58753	1	0.010853
Q9H9Q4	P31350	0	0.012399
Q14183	P61764	1	0.0062401
Q96BN2	Q8N1V2	0	0.0057459
P17509	O95379	0	0.01614
O15379	Q12849	0	0.014553
P27930	P01583	1	0.0082367
O15379	P24385	1	0.011265
Q8WUA4	Q92837	0	0.017304
P63208	Q9UK99	1	0.01531
O00311	P50135	0	0.0035871
Q14181	Q9H1I8	1	0.0083031
Q9H8M7	P49753	0	0.0096499
Q9UBR2	Q9NVV4	0	0.064675
Q15750	Q9BYM8	0	0.017656
P04066	Q9NY74	0	0.03791
Q9NR56	Q7L3B6	0	0.014646
Q9H8M7	Q2VPK5	0	0.013742
Q9GZR7	Q14181	1	0.010126
P32780	Q9BYC2	0	0.012617
Q92908	Q9Y3D9	0	0.013811
Q0VD86	P14324	0	0.01589
Q5U623	Q14914	0	0.01329
P23759	P30711	0	0.046309
P49005	Q9Y2J8	0	0.011861
Q12929	Q13155	1	0.0091107
Q9Y6H5	Q8N5H7	1	0.0061542
Q7L775	Q8WUN7	0	0.018482
Q8N2H9	Q99558	1	0.0088347
P21246	P47756	1	0.0099011
O43543	Q8WXI4	0	0.020317
Q9UKT7	P63208	1	0.01105
O43561	Q13094	1	0.0046653
Q9UJW9	Q9HCN4	0	0.025225
O96019	P82650	0	0.013884
P62424	Q96A33	1	0.013228
P12956	P49753	0	0.012557
P62875	P51857	0	0.0024548
O95551	Q8IXM3	0	0.021091
O00566	Q96G21	1	0.006415
Q15573	O15446	1	0.010172
P12004	Q13867	0	0.0040481
P19532	P82921	0	0.026459
P06280	P63302	0	0.16886
Q13573	Q9UDX5	0	0.0054332
Q15291	P21695	0	0.0097929
Q9BSH3	O00764	0	0.020249
P61254	O43390	1	0.023725
Q99627	Q9BT78	1	0.0027215
P05026	Q5T3J3	1	0.0030529
Q12857	O95848	0	0.049105
Q05952	Q99551	0	0.0035118
Q5JTD0	Q12959	1	0.01602
P52815	Q9NW97	1	0.017472
O43543	Q9Y291	0	0.032399
P08571	O15455	1	0.018037
Q8WUA4	P21673	0	0.016028
P35221	Q12959	1	0.0090437
Q9Y3F4	P62304	1	0.0034997
Q92597	Q92499	1	0.024685
Q9Y657	Q16540	0	0.019594
Q96E40	Q9GZR7	1	0.010444
Q9P2W1	O75534	0	0.040359
Q13323	Q07817	1	0.0022023
P78345	O75817	1	0.012908
P38432	Q9NRM2	1	0.0095091
P20396	P16870	1	0.054886
Q8N807	P49406	0	0.053449
Q9BVV2	Q15834	1	0.0053883
Q13371	P17987	1	0.010805
Q9GZS1	P17480	1	0.037116
P61247	Q8IVM0	1	0.0062098
Q9Y3F4	Q8WXD5	1	0.0044056
Q96HR3	Q96G25	1	0.0067035
Q9P299	P48444	1	0.014018
P16455	Q9Y3B7	0	0.019336
P12956	Q9BZQ8	0	0.024144
Q9UM82	Q9NYK5	0	0.011189
Q6P1J9	Q14914	0	0.011638
Q14186	Q03013	0	0.015605
Q9Y535	Q9P2R7	0	0.025824
Q8TDC0	P16298	1	0.022272
P21246	Q13200	1	0.008897
Q16656	P82914	0	0.026371
O15381	P46777	1	0.0093051
P35869	P03372	1	0.013439
Q00577	Q9NZE8	0	0.0059982
Q13895	P38432	1	0.0056961
Q969F1	P82650	0	0.014391
Q0VD86	P82912	0	0.046999
O95059	P78345	1	0.0060044
P32780	P49406	0	0.033516
Q9UJW9	Q9NYK5	0	0.0097408
Q13889	Q9P0J6	0	0.043389
Q16576	Q8N427	0	0.011261
O15235	Q5T3J3	1	0.016026
P35244	O60760	0	0.013425
Q15572	Q15573	1	0.0048965
Q15562	Q8NFG4	0	0.026376
Q53HV7	Q92837	0	0.021376
P04843	Q9NYS7	1	0.0073323
Q15542	Q9NX18	0	0.022163
Q5FBB7	P12956	1	0.010581
O15514	Q9BYN0	0	0.049096
Q53GS9	Q9P032	0	0.01533
Q16891	Q9H9J2	1	0.0041223
O15297	P46777	1	0.014849
Q03181	Q9NZJ9	0	0.060476
P61218	Q8WWV3	0	0.015702
P12956	O60760	0	0.012569
Q53GS9	Q6WQI6	0	0.0040572
P09012	P21673	0	0.060095
Q15542	P48200	0	0.010507
Q9NZD8	Q9NTM9	1	0.0018006
P49005	Q9P0M9	0	0.012395
P62854	Q969E8	1	0.009009
P62487	O75394	0	0.01195
Q5RKV6	P20618	1	0.0030713
P53618	P24390	1	0.0027207
O15143	P59998	1	0.0048155
Q9UBQ5	O15372	1	0.0061199
Q03135	P05067	1	0.017093
Q9UMX1	Q7Z412	1	0.0081517
P38571	Q9BXI3	0	0.037503
O75446	Q9BYC9	0	0.0054673
P51513	P46783	0	0.018086
P29084	Q9BYC8	0	0.027265
Q9UJX3	Q9UJX6	1	0.0034219
P00374	P10809	1	0.0060453
Q9NVR2	P13798	0	0.0023048
Q969H6	O95707	1	0.01245
Q9UJC5	P47874	0	0.0051562
P68400	Q03135	1	0.0095145
P51946	P32780	1	0.019937
Q9H4Z3	Q9Y6K8	0	0.039332
Q9NQX5	Q14186	1	0.0068458
Q5TB30	Q9NRN7	0	0.015755
Q13888	P18074	1	0.014447
Q7L590	O00311	1	0.016387
Q9Y262	Q9NYV6	1	0.0087875
O00115	P30711	0	0.048684
Q9HBM1	O14777	1	0.0014239
P06280	P62495	0	0.058636
Q6UXN9	P40939	0	0.008336
Q9BSH3	P53384	0	0.027078
O95551	Q9Y399	0	0.01462
Q9H1Z4	Q92844	0	0.014737
Q9UGJ1	Q96GA7	1	0.0036878
P49768	P31150	1	0.01462
P68400	Q9UD71	1	0.0201
Q13867	P47914	1	0.01579
P25101	P14138	1	0.024314
Q14061	Q5RL73	1	0.020721
P68400	P06744	1	0.0077162
Q96BN2	O43776	0	0.037918
P05423	O60783	0	0.018092
P62380	Q00403	1	0.0087386
P54852	Q99572	1	0.035691
O43325	P48200	0	0.010722
Q92908	O60477	0	0.031881
O14788	P78536	1	0.011675
P27694	Q13228	1	0.0031303
Q15562	Q9BYG8	0	0.01232
O60762	Q9P0J6	0	0.0017099
Q6P2C8	Q8TE02	0	0.011281
Q16658	P35222	1	0.0032502
Q16594	P32929	0	0.025227
Q9BSF8	O75936	0	0.019913
Q01629	Q96EY7	1	0.009277
O75503	Q8N142	0	0.12328
Q15583	P23921	0	0.020936
Q6ZS82	O75916	1	0.00725
Q9Y675	Q9HCN2	0	0.0041705
Q96G25	Q15528	1	0.0044632
Q9NP84	O43508	1	0.035355
O14920	P19838	1	0.010437
O60762	O15235	0	0.0026308
Q96RU7	Q7L5N1	1	0.0044126
Q9NQB0	P49768	1	0.022938
Q9BXL8	Q9Y2Q9	0	0.032361
Q99607	Q9Y3I1	1	0.0038337
Q9H5J8	P06746	1	0.0068567
Q9UL45	Q9NUP1	1	0.0020683
P05000	P17181	1	0.03427
O43365	Q9BYD1	0	0.014698
Q9UNM6	O00232	1	0.0026949
P19256	Q15011	1	0.019281
Q8IXH7	Q8N8Q3	1	0.0098824
Q15102	Q9Y3C7	1	0.0047097
P56537	Q5T3J3	1	0.0033658
P10827	P82675	0	0.034624
Q8N9N5	Q9Y2T2	0	0.0097995
P22304	P49914	0	0.0048974
P10827	O75534	0	0.037825
Q9NPI8	Q8IUQ0	0	0.012461
P04554	Q9HCN4	0	0.0042766
Q16533	Q9NVV4	0	0.018053
Q9UK76	P50135	0	0.017307
B2CW77	Q9UDX5	0	0.0017193
Q9UJX6	P30260	1	0.0092407
O43541	O60551	0	0.10028
P21549	P50542	1	0.002176
Q9GZT8	Q15555	1	0.0064712
Q969G3	O43776	0	0.040978
P32780	O43182	0	0.014005
Q8TAE8	P83111	0	0.017111
Q8NCW5	P02652	1	0.026022
P17900	P51970	0	0.038378
P51946	O60551	0	0.058887
P68400	Q9UNN5	1	0.013536
Q9Y275	Q02223	1	0.0080538
Q96D98	P48200	0	0.0081576
P41227	Q16665	1	0.072709
Q9BWT1	O95361	0	0.061616
Q9NV56	P51580	0	0.020955
Q9H0Y0	O95352	1	0.0070874
P23759	O14713	0	0.054402
P0DPI2	Q70Z53	1	0.0050566
P04183	Q7L5N1	1	0.0042312
O95741	Q9Y6K8	1	0.02566
O75446	Q9NZJ9	0	0.13306
P02775	Q14061	1	0.015861
Q9Y5Q9	Q9Y2R5	0	0.0074791
P61587	Q8WU20	0	0.04761
Q9HB96	Q9Y399	0	0.011409
Q9Y5N6	P49736	1	0.0077371
P62875	O15091	0	0.0019449
Q8TCE9	O60760	0	0.0092388
P49005	Q7L3B6	0	0.013216
Q9H4I2	P51970	0	0.060553
Q56P03	Q9Y312	1	0.0083614
P12004	P27695	1	0.0043297
Q9UBU3	P41159	1	0.045322
Q9UFW8	P82675	0	0.023487
Q8NFW8	Q04837	0	0.0047032
Q9HCU9	Q969G3	1	0.017609
Q9C002	O95786	0	0.0038891
P54278	Q07617	0	0.020929
O75419	O43913	1	0.017534
P46527	P24385	1	0.0060961
O75940	Q14974	1	0.003823
O95059	Q969H6	1	0.0099516
P12004	P24522	1	0.0035014
P54803	Q9UJM3	0	0.010628
Q9HB96	O75879	0	0.020263
P35244	P49736	1	0.014546
P09430	Q9NX20	0	0.018275
Q14746	Q9Y2V7	0	0.0060511
Q16576	Q9NY74	0	0.010592
Q9UBW8	Q6P1K2	1	0.003146
Q9UBD9	O75462	1	0.036044
Q8NFW8	O14920	0	0.011571
Q8IU60	P20618	1	0.0054234
P30519	Q5T3J3	1	0.0056025
Q96FZ7	Q96H20	1	0.0036209
Q9BVJ6	Q9BWC9	1	0.0035722
Q9Y5N6	Q9UBD5	1	0.011427
Q9UGL9	Q5T3J3	1	0.001035
O14732	Q15011	1	0.0031851
P49005	Q8N1V2	0	0.0060832
P67870	P55010	1	0.0046529
P61218	Q9Y399	0	0.022308
O94777	O60762	1	0.017317
P21673	O95251	1	0.094262
Q00577	P06400	1	0.021158
P16383	Q9NVV4	0	0.017966
Q5XKR4	Q9H5Q4	0	0.044728
Q16576	Q16822	0	0.011346
P32970	P26842	1	0.075526
O00462	P49753	0	0.0023159
Q15562	Q8N4E7	0	0.0057829
P40926	O75390	1	0.0039484
Q15293	P54253	1	0.017424
O60583	P78540	0	0.015507
Q9UKX7	P46527	1	0.0059965
O43292	Q9H490	1	0.011279
Q9Y3A3	Q5T3J3	1	0.0029487
Q07820	Q96LC9	1	0.0065646
Q07666	Q13702	1	0.0046064
O60671	Q9NPB1	0	0.016619
Q02363	P40261	0	0.0067521
O75528	O95361	0	0.052353
P21549	Q9Y6H5	1	0.0075821
Q8TDC0	O15273	1	0.0052979
Q13573	Q06330	1	0.0054248
P68400	Q9UNN4	1	0.021104
D3DTV9	Q6P1L8	0	0.0067297
P15848	Q2VPK5	0	0.029062
Q969F1	Q9Y239	0	0.0085708
P62917	Q11203	1	0.0038962
Q8WXF8	O15519	1	0.0092984
O75506	Q9Y676	0	0.0057638
P46783	O95251	1	0.020862
B2CW77	P49915	0	0.0077939
P04406	P15927	1	0.0036622
P62805	Q9Y2T2	0	0.047656
P18074	Q9Y3D9	0	0.016308
O60268	Q96HW7	1	0.01272
Q14186	Q9BY32	0	0.0093397
Q14186	Q9NZD4	0	0.027155
Q00577	P56277	0	0.02803
Q9H5J8	Q7L3B6	0	0.013531
P15927	Q9BVJ6	1	0.0082199
P14866	P27695	1	0.015056
O75354	P54253	1	0.01167
P21246	Q9UGL9	1	0.0069185
Q13571	O95208	1	0.0046033
O43257	P67870	1	0.0023181
Q03431	P49407	1	0.0093448
Q99547	O95453	1	0.0081581
O60383	Q6P1K2	1	0.006031
P49842	Q14749	0	0.0034077
P42701	P29460	1	0.064577
Q9H1Z4	Q6V1X1	0	0.0022407
O95990	P82663	0	0.016975
Q969F1	Q13867	0	0.017089
Q9UIF7	Q7L0Y3	0	0.020823
O43365	P20807	0	0.080794
P17900	Q14894	0	0.021883
Q14696	Q9NP92	0	0.031034
P17900	Q14CX7	0	0.020526
Q96BP2	Q2VPK5	0	0.018517
P52961	P01127	1	0.026077
P22304	O75534	0	0.012292
Q13432	O43252	1	0.009932
O15126	O00161	1	0.0026106
Q13573	P49458	0	0.041517
Q8IXF0	P30711	0	0.011093
Q9UJX3	Q12834	1	0.0023677
P14778	P01584	1	0.0038084
O94777	Q92535	1	0.010962
P38571	Q9NVV4	0	0.056341
P04004	P61812	1	0.026917
P06280	Q92598	0	0.10665
O96006	Q9Y4P9	1	0.0088926
P03372	P10827	1	0.026634
P26368	P82664	0	0.024073
O75818	P78346	1	0.0035998
Q6IB77	Q5RL73	1	0.029626
Q05952	Q16854	0	0.005503
Q9H4I2	Q9BZQ8	0	0.039981
O76003	Q9BQ66	1	0.0047555
O60508	O75936	0	0.019955
O94864	P49902	0	0.03764
Q7L5N1	Q9BXR0	1	0.0014819
Q8N9N5	P82909	0	0.0092938
Q96JN0	Q9NZD4	0	0.03565
Q99967	Q8TDY4	0	0.020173
Q9BW71	P62805	1	0.038122
Q5FBB7	P30154	1	0.0031349
Q9NWQ8	Q13094	1	0.0036494
Q96BP2	O14561	0	0.0076248
P19532	P31937	0	0.014361
P34741	Q03167	1	0.015183
Q9NQ92	O14713	0	0.019876
P08700	P32927	1	0.035212
P10912	P01242	1	0.065939
P12956	P54577	0	0.029153
O75925	O15169	1	0.0043472
O95721	P51809	1	0.002574
Q9Y2H0	Q05586	1	0.011641
Q13610	Q6V1X1	0	0.0028244
Q16478	P58340	1	0.017055
O15514	P00558	0	0.028743
Q7L775	P26639	0	0.0022
O96019	Q15102	0	0.0088149
O96020	Q12849	0	0.032665
Q13216	O14949	1	0.0050348
P18428	P63220	1	0.004707
Q13094	Q15464	1	0.0069619
P53618	P48444	1	0.0098916
O00716	Q9P0R6	0	0.02913
P21246	Q9BTY7	1	0.0095259
Q13077	P19438	1	0.011826
Q9UBR2	P46952	0	0.067909
Q03113	P16473	1	0.012244
Q6P1J9	Q9BYG8	0	0.0099241
Q9HBE4	Q9HBE5	1	0.042775
Q8N1I8	O00453	1	0.015109
Q96BD8	Q9UL45	1	0.0061733
Q09161	O95793	1	0.010797
Q9Y2H0	Q9UD71	1	0.00069936
Q9UL40	Q12906	1	0.0056707
O75330	P16070	1	0.0054321
Q9H0W9	Q9Y3D9	0	0.012553
Q9NWT8	P59103	0	0.01066
Q9NWT8	O15169	0	0.021096
O75506	Q9BPZ3	0	0.0040734
Q8TAE8	Q9GZZ1	0	0.0131
O60583	P39023	0	0.035212
Q03181	Q9NP74	0	0.021946
O60583	P33402	0	0.017606
P16455	P82650	0	0.014136
Q99558	Q13077	1	0.0095401
Q13416	P51970	0	0.025171
Q01459	Q9NP92	0	0.040075
P07602	O96006	1	0.003864
P13010	P82930	0	0.018764
P10827	P61201	1	0.0095177
Q13432	Q99547	1	0.0033483
Q8WY41	Q05586	1	0.013514
Q9H1D9	Q92994	1	0.016737
Q9UM13	Q13042	1	0.0021897
Q8TDH9	Q96EV8	1	0.0052956
P22087	Q99558	1	0.01854
P23759	O00764	0	0.050341
Q9Y294	O75936	0	0.012493
P10124	P16070	1	0.03227
Q6P1J9	Q9P2W6	0	0.0063669
Q5T0L3	Q15834	1	0.006435
O15379	P82933	0	0.010678
Q92908	Q9BYD6	0	0.017327
O00115	P51553	0	0.0039881
O43325	Q15102	0	0.0089172
Q6PIZ9	A0A5B6	1	0.091643
Q16656	O95786	0	0.013845
O00198	Q07021	1	0.0030625
Q9ULX3	P51970	0	0.033125
P18858	Q8N4X5	0	0.026546
O77932	Q14254	1	0.0017045
P62487	Q9Y234	0	0.006471
Q07820	P12004	1	0.0039785
Q05048	O14920	0	0.0066859
Q9UK76	Q6XE24	0	0.0061221
Q8TCJ0	P82933	0	0.012368
Q9UGJ1	P23258	1	0.0050926
Q8TCE9	Q6PRD7	0	0.017824
Q9H211	P12004	1	0.0060537
Q9NTK5	Q9H1I8	1	0.020051
Q6X4U4	Q12834	1	0.017003
O00287	O14618	0	0.014138
P62380	O60664	1	0.0009529
Q14019	P09917	1	0.0080687
Q9BUI4	Q9UKN8	1	0.0104
P27169	P02768	1	0.0017219
Q9Y2T2	P55087	1	0.011268
O43395	Q969Y2	1	0.0073926
P25208	Q9Y2J8	0	0.025225
Q9Y2T2	O43493	1	0.0087976
Q9NWT8	P82909	0	0.021556
Q8WV28	Q96MX0	1	0.026529
Q16656	Q07020	0	0.0068784
Q96HR3	Q15528	1	0.0043615
Q92966	Q9BUE6	0	0.046916
Q6UXN9	Q9H7D7	0	0.0035203
O60508	P49675	0	0.0096768
Q9Y3F4	Q9H840	1	0.002775
P22234	P51116	1	0.0077315
P13984	P32929	0	0.016897
Q9Y3C7	Q96G25	1	0.0057546
Q15645	P30039	1	0.0030546
Q99933	P03372	1	0.004495
P32971	P28908	1	0.028137
O95926	Q16612	0	0.007533
Q92973	P09132	1	0.0059825
Q9UMS4	Q9UPT5	1	0.0043465
P16455	P82932	0	0.012393
P20290	Q6V1X1	0	0.0036252
Q16514	Q15542	1	0.031134
Q92908	Q07617	0	0.030809
Q9BSH3	Q8N6F7	0	0.0061886
P50897	P82933	0	0.049691
O95273	P82933	1	0.010622
P12004	P35249	1	0.0033427
Q53GS9	Q9NZD2	0	0.012162
Q6ZYL4	Q9BTM9	0	0.0044041
Q16594	P35270	0	0.033741
Q7L5N1	Q9Y4P8	1	0.0027439
Q9UBU8	P82650	0	0.018746
Q96AV8	Q07617	0	0.026243
P26368	P54577	0	0.051948
P03372	P51946	1	0.014221
Q6P1J9	Q9UBR1	0	0.0056806
Q9UKA2	P63208	1	0.0093211
Q9BVJ6	O14737	1	0.0039307
P05060	O15527	1	0.0044506
Q16589	Q15257	1	0.015751
P37268	Q15041	1	0.0039523
P30519	P05067	1	0.006645
P48147	P01042	1	0.12739
Q9H2F5	P15374	0	0.071396
Q15185	P35869	1	0.014272
Q9BYH8	P19838	1	0.0063295
O60925	Q9Y2X7	1	0.0053593
Q9NP85	Q9Y5K6	1	0.012145
Q5U623	Q92598	0	0.028082
P50150	O14775	1	0.0043636
Q02363	Q9HCN4	0	0.022424
O60583	P28799	0	0.0078847
O96020	P46527	1	0.00581
Q9GZX6	Q08334	1	0.057758
O43325	P21695	0	0.0079443
Q92597	Q13200	1	0.02089
P49184	Q9BY32	0	0.014518
Q5MJ70	Q2VPK5	0	0.01792
P04198	Q8WXI4	0	0.016156
Q9NX01	P30711	0	0.2214
P18858	Q13405	0	0.018708
Q58WW2	Q8TDY4	0	0.023699
P03372	P19838	1	0.010494
Q13285	Q14894	0	0.011311
Q8NB91	Q9BYC2	0	0.0061549
Q8TDC3	P30291	1	0.040615
Q9BT78	Q9UNS2	1	0.0022422
O60907	P35222	1	0.0050318
Q9UBX1	Q9H7D7	0	0.022175
Q5TB30	P82909	0	0.013613
P17480	Q03188	1	0.032271
P18858	Q8N142	0	0.024226
O43913	Q9UD71	0	0.012075
O94776	Q16576	1	0.012807
P12004	P12956	1	0.0057154
P03372	Q9H2W6	0	0.022938
Q00403	P47874	0	0.012888
Q92597	P51659	1	0.041376
P22735	Q02383	1	0.0024987
Q92989	O75648	0	0.010284
Q53H80	Q15834	1	0.0031623
P13010	P12956	1	0.015977
P21673	P49903	1	0.006426
O14745	Q03431	1	0.025737
P51116	Q14134	1	0.016842
Q6PJT7	O75880	0	0.014192
Q12929	Q9BYC9	1	0.0064845
P83369	Q6UB35	0	0.022663
D3DTV9	Q8N1V2	0	0.0019994
P62805	Q9UI17	0	0.034424
Q5U623	P49915	0	0.017093
P14209	Q14974	1	0.0051738
Q9HB96	Q00597	1	0.0090719
Q9BSH3	Q8WUN7	0	0.026355
Q92597	P26639	1	0.076626
Q9HAN9	Q04837	0	0.0060466
Q8NB91	Q04837	0	0.0036157
P49736	O95848	0	0.019338
Q9BWT1	O60783	0	0.020344
Q53GS9	Q8WWY3	0	0.0088107
O43261	Q9GZT6	1	0.0017354
O95081	Q9UBC2	1	0.0081327
Q00403	P29083	1	0.021234
Q06265	Q9Y2L1	1	0.014051
Q07820	Q16611	1	0.0053107
P49736	O14618	0	0.0097625
Q16514	Q99551	0	0.011548
P13984	Q9NY74	0	0.010349
P01579	P15260	1	0.057201
P25208	P15374	0	0.067148
Q8NFZ5	P19838	1	0.0029793
P04155	Q86XP6	1	0.34378
P21673	Q5RL73	1	0.011634
Q96N16	Q9UBS5	1	0.0065555
P21673	Q9BQ70	1	0.02513
O00198	Q07817	1	0.0018003
Q96SB4	P26368	1	0.049388
Q96D98	Q16698	0	0.016425
Q8TCE9	P61970	0	0.0026531
Q16665	P27695	1	0.010933
Q15029	O15145	1	0.0093304
P02774	Q5T3J3	1	0.0045508
P15586	Q6XE24	0	0.0068946
Q14974	P55060	1	0.0022321
P35869	P06400	1	0.013806
Q9NP62	O15379	1	0.011962
P15848	Q92844	0	0.032006
Q8N9N5	Q16822	0	0.018615
O43929	Q13416	1	0.01544
Q07352	P13995	0	0.013104
Q7Z5Q5	Q9GZZ1	0	0.027453
Q9UHR5	O60477	0	0.016638
Q9BWT1	P47874	0	0.013297
Q96CG3	Q9GZT8	1	0.0064651
Q00403	P13984	1	0.018003
Q8WVB6	P35249	1	0.0073484
O14544	Q15370	1	0.022722
Q99547	Q8N392	1	0.0022654
P08949	O14773	1	0.11805
P49903	Q9UKR5	1	0.0016392
Q96D98	P78417	0	0.021074
O00716	Q03013	0	0.015572
Q5RKV6	Q07021	1	0.0045277
Q9H2F5	Q7L3B6	0	0.013861
P52657	P29083	1	0.010575
Q9H2F5	P61970	0	0.0025531
Q9HCU9	Q5T3J3	1	0.0050712
Q86WB0	Q99558	0	0.011193
Q03181	Q9BPZ3	0	0.018138
Q8NBJ4	Q9BQ52	1	0.015481
Q9Y678	P48444	1	0.011636
Q8TF76	Q9HD33	0	0.026043
P46098	P27824	1	0.021875
P29084	Q9BRJ2	0	0.020298
O00462	P55084	0	0.29395
P05060	P17480	1	0.0074195
Q9UBX1	P59103	0	0.01999
P59998	Q8IXH7	1	0.010482
P46977	Q8NCD3	1	0.0086004
Q9H1D9	Q5T3J3	1	0.0060342
Q9BRA2	P01185	1	0.307
Q9NWT8	Q9Y3D9	0	0.024772
Q14781	O15091	0	0.017921
Q9NX01	P35754	0	0.21633
O95793	P05388	1	0.0087607
Q92990	Q9UNZ2	1	0.013099
P49917	Q6UB35	0	0.016114
O15304	P26842	1	0.030512
P62258	P46527	1	0.0032213
O95994	Q9GZT6	1	0.023397
O14777	O95229	1	0.0013428
Q6WBX8	O60921	1	0.0059072
Q9NQ92	P59103	0	0.0055835
P07498	P05814	1	0.030879
O43913	P63302	0	0.0024005
O94782	Q9BYD6	0	0.011978
P86791	Q96RP9	0	0.0076185
P13010	P51398	0	0.012813
Q96H20	Q86VN1	1	0.010824
P62888	Q99558	1	0.017538
Q15762	P15151	1	0.031926
Q96RL1	Q9C086	1	0.0012904
Q16656	Q9Y234	0	0.0093208
O00161	Q12846	1	0.0031212
P27701	Q99567	1	0.035605
O60508	Q13794	0	0.015374
Q92542	P49768	1	0.020611
Q15562	Q8IVS2	0	0.022945
Q9HAW0	Q92598	0	0.022963
P50897	Q9GZT8	0	0.018982
Q9H5J8	P59103	0	0.006657
Q13347	P03372	1	0.005102
O00311	O43913	1	0.02081
Q9BPX7	Q70Z53	1	0.0090157
P18074	P82650	0	0.01012
O60671	Q96IV0	0	0.02712
Q07352	P54136	0	0.03289
P35268	Q9UNZ2	1	0.029467
O43913	P49736	1	0.011379
P49842	Q9BXI3	0	0.0062522
Q9H4Z3	O60760	0	0.0072023
P60228	Q59EK9	1	0.0058327
P49917	P48147	0	0.0005618
Q9UBU7	O00311	1	0.013823
Q13889	P31937	0	0.0034877
Q7L590	Q15834	1	0.010827
D3DTV9	O95848	0	0.005587
B2CW77	P51553	0	0.0046037
P36915	Q70SY1	0	0.01359
P35613	Q03135	1	0.045487
O43541	P82909	0	0.014452
Q13573	O60551	0	0.081457
Q9NPI8	O14713	0	0.022914
P60174	Q9Y234	1	0.0094622
Q9UDW3	O43776	0	0.034238
Q8WTW3	Q96MW5	0	0.008226
P12956	Q86X76	1	0.0051786
Q8NB91	O75534	0	0.017284
P54253	P16383	1	0.0057574
Q99828	Q14596	1	0.0094375
P16455	P68400	1	0.012244
P55060	P35268	1	0.009064
Q6UXN9	Q9NZE8	0	0.0015783
P35244	P28838	0	0.014931
Q5VVH5	P51617	1	0.018103
O95059	O95707	1	0.0086282
O43513	Q9NRN7	0	0.016404
Q9UKF6	O75534	0	0.027222
Q9H5J8	P30711	0	0.031659
Q8NB91	P62269	0	0.0090448
O95251	P49736	1	0.012769
P62875	Q9BU02	0	0.0013283
P53602	O14775	1	0.002053
Q9P021	Q12959	1	0.013397
O95990	Q9Y291	0	0.014323
Q14186	Q9UHD2	0	0.016078
Q9ULX3	Q8WWV3	0	0.011873
Q14186	P82912	0	0.072539
P99999	P10109	1	0.0048041
Q16594	P78417	0	0.055465
O15514	P82932	0	0.015007
O43513	P40925	0	0.022499
O43913	P07741	0	0.01097
Q9H4I2	O15235	0	0.096805
Q7Z5Q5	Q9P2R7	0	0.023373
Q53GS9	Q9NP97	0	0.0042736
O95059	P78346	1	0.0044825
P10827	Q13569	1	0.042975
Q92908	Q13405	0	0.03043
O95926	Q9H0U6	0	0.022316
Q9UNL2	P51571	1	0.027449
Q6ZYL4	P52815	0	0.024697
Q9P2W1	P33402	0	0.01454
Q9NWT8	P49406	0	0.032993
O15372	Q15834	1	0.0047105
Q15583	Q9Y3D9	0	0.011711
Q9P2W1	P00558	0	0.020221
Q9GZT8	Q9H773	1	0.0043248
Q9NQ92	P49902	0	0.025781
P51116	Q5VSY0	1	0.013579
P13984	Q6NUP7	0	0.013695
Q03013	Q96ID5	1	0.020443
P84090	Q96ID5	1	0.018188
Q9Y294	P82663	0	0.017252
Q9UDW3	P21695	0	0.01029
Q5FBB7	P18124	1	0.011476
P38432	Q9Y4C2	1	0.012355
Q13790	P02652	1	0.033949
P06401	Q9H467	1	0.0076478
Q8NBJ4	Q9GZP1	1	0.0055697
P78536	P01375	1	0.011676
Q9HAN9	Q9P032	0	0.025013
Q9H147	P78540	0	0.01937
Q02878	P47914	1	0.0077963
Q9BVP2	Q9H1I8	1	0.0098239
Q03828	P82663	0	0.030193
P09669	P21246	1	0.013074
O43929	Q9NZD4	0	0.011071
O43929	Q9UJM3	0	0.011273
O95551	Q96EK5	0	0.011506
Q9NVR2	P13693	0	0.0047691
P56537	Q9Y2X7	1	0.0026636
P13686	O14737	1	0.018889
O60583	Q9BYD1	0	0.0088494
P29084	O75891	0	0.015661
P36542	Q9HCC8	1	0.0013479
Q15542	Q14CX7	0	0.00866
P17480	P48147	0	0.00070185
Q9UHX1	Q05519	1	0.014474
Q92560	P21695	0	0.011613
Q03113	Q15283	1	0.019847
O15287	Q00597	1	0.0034422
Q9UNI6	Q04837	0	0.010662
P04066	Q9BRJ2	0	0.05303
P13010	P12004	1	0.0054599
Q13888	O15091	0	0.012051
O60583	Q7Z2X4	0	0.021479
P09132	P49458	0	0.05855
P37198	Q14974	1	0.0026719
Q96A72	Q9Y2J4	1	0.0081979
Q9Y678	O14579	1	0.0018638
Q9UHR5	Q9BYC2	0	0.01192
P49721	P49720	1	0.001385
P16383	O60551	0	0.1005
O00716	O60760	0	0.019936
Q92966	P06400	1	0.009337
P18858	Q16854	0	0.015106
Q12929	Q15834	1	0.0063335
P21246	Q9HC16	1	0.015307
Q9H5J8	Q8TDY4	0	0.02191
P63208	Q9UKT4	1	0.010639
P21246	Q96CQ1	1	0.0073822
Q9Y2U9	Q9BYD6	0	0.0030874
Q9Y657	Q9NRN7	0	0.023097
Q9HCU8	P12004	1	0.0056627
P38484	P15260	1	0.057172
Q92979	Q07666	1	0.0038729
P04066	Q9UN86	0	0.015532
Q9Y5Q9	O15235	0	0.005704
P21673	Q9BWH2	1	0.071021
Q9Y3C0	Q9UL45	1	0.0051585
O00623	O96011	0	0.0052216
O15533	P53618	1	0.011851
Q9Y6X1	P60468	1	0.0047948
Q00403	P82933	0	0.014541
Q9H147	Q9H7D7	0	0.019041
Q9UBR2	P49406	0	0.066502
P32780	P21673	0	0.01438
Q9UJC5	Q9BRJ2	0	0.0044713
Q13573	Q96IV0	0	0.016195
P54253	Q9NRA8	1	0.00047989
P37108	P49458	1	0.01308
P67870	P35222	1	0.0013908
Q12996	P21695	0	0.0039534
Q8WYA6	Q9UBR1	0	0.010694
Q16533	P39023	0	0.034594
P29083	P61970	0	0.0025955
Q9UHD2	Q92844	1	0.010463
Q99689	Q14919	1	0.011214
Q15650	P19838	1	0.0097809
O00116	O15228	1	0.0076198
Q9NZJ7	P49768	1	0.011369
P30519	Q9Y2X7	1	0.0074167
P61218	P15104	0	0.022417
Q92759	Q8IVS2	0	0.014312
Q9NX01	Q7Z2X4	0	0.17513
Q96AV8	P13995	0	0.012327
O60508	Q8NFG4	0	0.018195
Q15583	Q5T3J3	1	0.0012062
Q9NS69	Q15388	1	0.0066248
Q9H6T0	Q92598	0	0.035169
P11940	Q8IYD1	1	0.0097937
Q7L590	Q13416	1	0.00965
P62304	Q13162	0	0.010023
Q92759	Q15185	0	0.012044
O75716	P19419	1	0.026681
P50897	P31937	0	0.048172
Q5JVS0	Q70Z53	1	0.0042212
O60762	Q9BPZ3	0	0.0058925
Q13416	Q8N4X5	0	0.027762
Q9H081	O14777	1	0.0013248
O95990	Q9BRJ2	0	0.0085915
O43541	Q9BZL1	0	0.010498
Q02363	P49753	0	0.0066491
Q99627	Q9UNS2	1	0.0031213
Q01459	Q16719	0	0.044678
Q92560	Q9H0U6	0	0.047181
Q96QK1	Q13596	1	0.0068749
Q53H80	Q9Y239	0	0.0061136
Q16594	P15559	0	0.026557
Q14134	P49773	1	0.0091107
Q6QNY1	Q8TDH9	1	0.0028557
P24385	P49736	0	0.0067902
P37198	P29084	1	0.012839
P03372	P35222	1	0.0039058
O75934	P06401	1	0.0095453
P21673	Q9NPI5	1	0.04407
P03886	Q16762	1	0.012874
Q99081	Q02363	1	0.0059592
Q96BP2	P49902	0	0.017272
Q8N715	Q9BQ66	1	0.0022663
Q9UK76	Q14749	0	0.030928
O94864	O00471	0	0.020406
Q96KF2	Q9NZD4	0	0.012309
O43365	Q92598	0	0.055741
O75503	Q9NZD4	0	0.0059031
Q8TCJ0	Q8WWV3	0	0.010718
Q8IXF0	P30838	0	0.020668
P80108	P17900	1	0.018459
P60228	Q9HC44	1	0.0053666
Q7Z434	O95786	1	0.019687
Q8WUH2	P09917	1	0.0058222
O43148	Q9H6S1	0	0.011774
Q96KF2	P09132	0	0.03296
Q07820	P61803	1	0.0022136
P35475	Q9HCN4	0	0.048966
Q9UI46	P43034	1	0.0053094
O00257	O43182	0	0.0024252
O43365	Q16719	0	0.034191
Q9Y262	P60228	1	0.003524
Q9BWT1	Q8N427	0	0.018569
P61201	P55789	1	0.0059471
O75503	P51553	0	0.0080303
Q13568	Q08257	0	0.014517
Q05048	Q9HCN2	0	0.0046674
Q9H147	P00558	0	0.029826
O43395	Q15834	1	0.011135
O15379	O75081	1	0.013411
P41002	O95786	0	0.015659
P18074	O14920	0	0.0085467
Q9UBD5	Q99741	1	0.012486
Q9NQ92	P32929	0	0.022994
Q9HB96	P49902	0	0.021474
Q9Y5N6	Q99741	1	0.010903
Q6ULP2	Q9NZ52	1	0.0026172
P09012	Q9NZJ9	0	0.19006
Q9H944	Q96G25	1	0.0071081
O15455	Q99836	1	0.011781
P54803	P07741	0	0.014143
Q9BSF8	P82675	0	0.026364
Q9BV38	Q8NC60	1	0.012964
Q00403	P10827	1	0.023736
P04066	Q16851	0	0.029457
Q9Y294	P51580	0	0.0080393
Q13610	P32929	0	0.010478
Q07352	O75897	0	0.022501
P17900	P82914	0	0.04181
Q8IW19	P78411	1	0.0048493
O76039	P82930	0	0.018711
P83369	Q01581	0	0.028513
Q9H1D9	Q9UKN8	1	0.0125
Q15562	Q9BYD6	0	0.016861
P16871	P13232	1	0.050105
P67870	P38432	1	0.0024717
Q9HAW0	Q9P2R7	0	0.022663
Q9H6Z9	Q9BRX9	1	0.0053739
O75528	Q8N142	0	0.020907
Q9UI12	P36543	1	0.0022701
P62805	P07195	0	0.018534
Q8NBJ4	Q9H8U3	1	0.012275
Q7L775	O60477	0	0.0051766
P09466	Q96ID5	1	0.015455
Q13480	Q9GZY6	1	0.0065907
Q64ET8	Q9UDX5	0	0.0068776
P09430	P49753	0	0.0043839
Q0VD86	P00558	0	0.022981
Q7L4P6	Q9NSA3	1	0.011885
Q9UKR5	Q96M11	1	0.0023133
O43543	Q9H7D7	0	0.014943
O00716	P06400	1	0.012811
Q15388	Q99689	1	0.0049298
Q8WX92	P06132	0	0.0062297
P62875	P51970	0	0.0026067
P23759	P26639	0	0.074542
Q9Y5Q9	Q92994	1	0.0084815
Q9BWC9	Q5T3J3	1	0.0021262
P18858	O75570	0	0.0090573
Q96EC8	Q9BWQ6	1	0.0081562
P18858	Q9Y234	0	0.012632
Q92597	P60866	1	0.013924
Q92597	P36578	1	0.036467
O00257	Q9Y676	0	0.03007
P23921	P31350	1	0.0039276
Q9UJC5	Q9Y6K8	0	0.0088584
P52434	P36954	1	0.007529
P16383	Q96RP9	0	0.0093508
Q9BTY7	Q8N2U0	1	0.0012072
Q9HAW0	P51580	0	0.0085453
P07737	Q5T3J3	1	0.0013569
P30291	Q04837	0	0.011634
P38571	P39023	0	0.049647
O43929	P55084	0	0.040337
O96011	P56589	0	0.0029636
P17480	P68400	1	0.015999
P04843	Q6IA17	1	0.012289
Q9NRX3	Q9GZU0	1	0.001585
O00311	Q9BRA2	0	0.032974
O43513	Q9BYC8	0	0.023996
Q15291	Q8N983	0	0.041921
Q92908	Q16540	0	0.021688
P29083	P51398	0	0.015829
Q9GZT8	Q9NRG1	1	0.0031089
P09430	Q9NZJ9	0	0.073939
Q15542	P32929	0	0.014187
Q9NPI8	Q01581	0	0.012961
P21246	Q9H8G2	1	0.014127
Q16478	O43292	1	0.020286
P07737	Q9UKR5	1	0.0041978
Q9UI36	P49458	0	0.054981
Q9HAN9	Q16698	0	0.014472
Q99933	P06400	1	0.0042449
P51513	P82909	0	0.016602
P43004	Q15050	0	0.008055
Q96BP2	Q9BZQ8	0	0.021757
P32780	P29084	1	0.029412
O75631	O75841	1	0.060441
Q9H1I8	Q15650	1	0.010374
Q8TF76	Q9P2W6	0	0.0072734
Q9BYD3	Q9GZR7	1	0.011489
Q6WBX8	O75943	1	0.0081019
P0C870	P04278	1	0.0082724
P15848	Q9Y239	0	0.014902
Q9BQ83	P15374	0	0.03305
Q8N5M1	P25705	1	0.0047579
Q16594	Q00403	1	0.017555
Q9H8T0	Q14181	1	0.010237
P51003	Q9UKF6	1	0.025245
Q9UHR5	Q9NVV4	0	0.010009
O94906	Q9HCN2	0	0.0039598
Q96T60	P12081	0	0.0056235
P09327	Q8IYF3	1	0.0055849
Q15761	P01303	1	0.036768
P26368	Q92598	0	0.037655
Q9UM82	Q9HCY8	0	0.0098317
Q15388	P00374	1	0.0021205
Q6IAA8	Q9GZT6	1	0.0022704
Q9H5F2	P51970	0	0.0056623
Q9H147	Q96HU1	0	0.014004
P15586	Q14749	0	0.0024088
Q9UKJ5	Q9BQ66	1	0.0034625
Q99967	Q9Y2R5	0	0.044077
P21246	Q96EW2	1	0.017214
Q58WW2	Q9Y3D3	0	0.013624
P21673	Q9BVJ6	1	0.021915
Q92560	Q9BU02	0	0.021302
Q9NQX3	P07737	1	0.0018535
Q15642	P18545	1	0.020101
P09693	P04437	1	0.093256
Q9NYG5	Q9UJX6	1	0.016006
Q9UMX1	Q9NPA3	1	0.0096275
P21246	Q9NQZ2	1	0.014598
Q9NWT8	Q8N142	0	0.020237
Q92597	P21397	1	0.065388
Q9P0K8	O00471	0	0.021789
O00716	P15374	0	0.057551
Q8WYA6	Q14CX7	0	0.0079716
Q15543	P20807	0	0.075829
P50897	Q9P0M9	0	0.0615
P41002	P48147	0	0.0010699
Q6P1J9	Q9P0R6	0	0.022016
Q9NR56	P55084	0	0.034855
O75503	P78540	0	0.031363
Q9UHF0	P29371	1	0.0206
P20290	Q99819	0	0.0096588
Q92597	P39023	1	0.063864
Q9NX18	Q9GZT6	1	0.0029917
Q92598	P43034	1	0.0068682
P32780	P12081	0	0.023776
O43633	O94818	1	0.0052737
Q969H0	P49768	1	0.012406
P56537	Q14181	1	0.003915
Q9UDW3	Q9BZQ8	0	0.016967
P07686	P09132	0	0.040499
Q5MJ70	P63302	0	0.0029214
Q9UIF7	Q9H6S1	0	0.011582
P04066	Q14CX7	0	0.034092
Q8NFW8	P33402	0	0.014495
Q9NVR2	O15235	0	0.018555
Q9NR56	Q9H2W6	0	0.018819
O75460	P49768	1	0.01483
Q15011	P49768	1	0.014813
P15927	P49736	1	0.010798
Q9Y6D9	P17480	1	0.004332
Q8TA86	Q01081	1	0.015411
Q8TAP6	Q96EK5	1	0.0077173
Q9Y262	Q9UBQ5	1	0.0042013
P51116	Q15834	1	0.010035
P62304	O60239	0	0.0076944
P56537	Q9BZI7	1	0.0056968
Q8TAE8	P50135	0	0.0064587
P68400	P55087	1	0.0097338
P10124	P02768	1	0.015037
Q86UN6	P31323	1	0.030366
P84090	Q7L5N1	1	0.0036928
P30793	P05026	1	0.003951
P18074	P40925	0	0.013265
P54253	Q9NRX4	1	0.044516
Q9HCC8	Q70Z53	1	0.0058217
O95990	Q15834	1	0.00426
O15514	P62875	1	0.012876
Q8WTV0	P02649	1	0.0016471
Q9UDY8	O95999	1	0.014799
P59998	O15145	1	0.011602
P36954	Q9HD40	0	0.013501
Q9Y294	Q13112	1	0.011035
Q06265	Q9NQT5	1	0.013477
Q9H8M7	P40261	0	0.0072812
Q99558	Q9UNE0	1	0.02256
O60238	P17152	1	0.024297
Q9C002	P82930	0	0.0017692
O60508	Q92598	0	0.018265
P68400	P04198	1	0.017773
P12956	P06401	1	0.010285
Q15583	Q9Y3C7	1	0.0088508
Q9BWT1	P00558	0	0.036507
Q9UBU7	Q9UBD5	1	0.0086028
Q64ET8	Q6WQI6	0	0.0028134
P61218	Q9P0J6	0	0.060676
Q9H0W9	Q9BYD2	0	0.013673
Q9BQ66	Q9BYD3	1	0.0040325
Q9Y3A3	Q9BTT4	1	0.0064004
Q64ET8	Q01581	0	0.019379
P30291	P49675	0	0.013406
P62487	Q92598	0	0.034214
Q15291	Q9BYC9	0	0.0034571
Q92828	O60907	1	0.0058163
Q14696	P62917	0	0.091681
Q6RSH7	Q16665	1	0.015784
B2CW77	Q9NZJ9	0	0.026204
P49184	Q9Y239	0	0.029076
Q07820	Q13323	1	0.0047516
Q5T3J3	Q16891	1	0.002804
Q5T3J3	P82932	1	0.0099541
Q13243	P61970	0	0.0027653
Q6ZYL4	P19447	1	0.03764
O43395	Q9C005	1	0.015536
Q9C002	Q99558	0	0.0018672
Q8TEL6	P19438	1	0.014072
Q9Y698	Q12959	1	0.013867
P50454	P17480	1	0.023508
P14222	Q9GZR7	1	0.0086048
Q9Y2B0	Q9HAP2	1	0.010109
P35244	Q9BYD6	0	0.012312
P21246	O76061	1	0.016464
P12004	Q04837	0	0.0038625
Q99627	Q13572	1	0.0070113
P07686	Q9Y2J8	0	0.010526
Q9NP98	Q96T60	1	0.038607
Q9UJW9	O75170	0	0.0024443
O75446	P24666	0	0.010518
P30154	Q99497	1	0.0018617
P49005	P12004	1	0.0054451
P48551	P52630	1	0.022053
P46736	O75971	1	0.0091963
P60896	Q5JVF3	1	0.004411
Q8TF76	Q9BYD2	0	0.025509
Q92556	P98174	1	0.027818
O75528	Q9BRR6	1	0.010897
Q7L5N1	P60228	1	0.0019693
Q92989	O14561	0	0.01494
Q5MJ70	P51580	0	0.010562
Q92597	P23396	1	0.017978
Q9UHI5	Q07837	1	0.02576
Q96BN2	Q9NY33	0	0.010488
O95870	Q9H0R3	1	0.0097022
P20382	P01303	1	0.12678
Q9UNN5	Q9H1I8	1	0.020221
P17480	Q8N6F7	0	0.026378
Q8WX92	P83111	0	0.024348
P05556	Q9UKP3	1	0.015529
P04066	Q92844	0	0.047088
Q99627	P61201	1	0.0031995
P17540	Q13432	1	0.010227
Q8NFW8	Q8IXM3	0	0.0085478
O43929	Q9Y5N6	1	0.012978
P13010	Q13416	1	0.017094
Q12824	O15169	0	0.0070593
P35475	Q9NX20	0	0.024006
Q15543	P61970	0	0.0037289
Q13569	P62917	0	0.016537
Q9P0K8	O60783	0	0.022504
P68400	Q16666	1	0.016145
P27695	P83111	0	0.0070047
P05067	P49768	1	0.013344
P50542	O95149	1	0.0042236
Q9BTP7	Q8WXI4	0	0.032096
Q99627	Q9UBW8	1	0.0037183
Q5TB30	O00764	0	0.028862
P04554	Q2VPK5	0	0.0030301
O95411	Q9BU02	0	0.01466
Q0VG06	P49675	0	0.0076695
O75503	P33402	0	0.021331
Q5XKR4	Q9UHN1	0	0.08547
Q9Y2H0	Q12959	1	0.009996
Q53GS9	Q7L3B6	0	0.014832
O76003	O95544	1	0.0078837
Q9UBU7	Q14914	0	0.010341
P54368	P11926	1	0.0033371
P62487	O15091	0	0.0078754
P68400	Q08945	1	0.01778
Q96MU7	Q07666	1	0.0017739
O94864	Q9NP92	0	0.015658
P12004	P49753	0	0.0036659
O75553	P05067	1	0.010825
Q13432	Q8TDN6	1	0.01065
Q9H5J8	P82930	0	0.013882
O15379	Q9Y2Q9	0	0.025203
Q13432	P84090	1	0.0091006
P22304	Q9Y3E5	0	0.0034716
Q13685	Q8IXH7	1	0.011056
P21246	Q15388	1	0.0079272
Q9NPI5	P05556	1	0.023386
O43513	O14618	0	0.017323
Q9UM13	Q9UJX2	1	0.0020323
O00161	P51116	1	0.0057393
P78536	Q12959	1	0.037749
Q9BS86	Q05996	1	0.015357
O43493	P05556	1	0.01451
Q5JTV8	P02545	1	0.0065039
P18858	P48147	0	0.00092743
O94906	Q9BU02	0	0.0044789
Q8TDC3	P30305	1	0.024119
P51811	P68400	1	0.0073854
P19447	Q8TE02	0	0.030405
Q9H0W9	P13995	0	0.004767
Q7L775	Q9HD33	0	0.014035
Q9Y675	P06132	0	0.0082986
Q16576	Q9UKG1	1	0.011301
P01042	P04004	1	0.065371
Q96HA8	Q7Z6G3	1	0.016222
Q8TCJ0	Q8WXI4	0	0.014339
Q9UJW3	Q9UHA3	1	0.01446
Q92597	P60228	1	0.025996
P32780	P06132	0	0.0070343
Q9UGP4	O95059	1	0.0055551
O43808	P40855	1	0.0018971
P46952	Q99259	1	0.0092683
O15379	P06400	1	0.016084
Q13432	P07766	1	0.01384
Q12824	Q9NT62	0	0.012771
Q49AN0	Q9UKT4	0	0.020356
P09693	P07766	1	0.13194
Q99689	Q86Y56	1	0.0047741
O95551	P12081	0	0.03188
P20916	P02686	1	0.0097917
Q9UHV9	Q9NQP4	1	0.0019585
Q9UBR2	Q9NYK5	0	0.045512
O75530	Q12972	1	0.044619
P03372	Q9UHD2	0	0.013154
P45974	O75528	1	0.011264
Q9NWQ8	O14745	1	0.0056586
O60383	Q99547	1	0.005339
P19320	P05556	1	0.013334
P62805	P82909	0	0.045253
P41002	P49789	0	0.0096298
P27695	Q96HU1	0	0.0062882
Q14781	Q9UI17	0	0.042472
Q9H4I2	Q9Y2R5	0	0.069928
O77932	Q01780	1	0.018351
Q8TF76	O75570	0	0.0083912
Q16533	Q9H5Q4	0	0.016814
P52657	P14324	0	0.0071055
Q9P298	P0CAP2	1	0.0043226
Q9NWT6	Q16665	1	0.032115
O43913	Q9BZQ8	0	0.021934
Q9H8M7	Q93088	0	0.011484
Q7L775	Q9NZE8	0	0.0012672
Q03181	O60760	0	0.0073837
Q9Y535	Q9BZQ8	0	0.02422
P52657	P83111	0	0.011033
P04406	Q15102	1	0.0022098
Q9UNI6	Q9UI17	0	0.016903
Q9H4I2	Q9NX20	0	0.033804
O75446	Q6PRD7	0	0.0060446
Q9UNE0	Q92838	1	0.011007
P61626	P31025	1	0.043345
Q12929	P05556	1	0.012178
Q15834	Q9UJ04	1	0.0080105
Q6UXN9	Q2VPK5	0	0.0042037
P15927	Q15011	1	0.018756
P49005	P21695	0	0.011229
Q96KF2	P82912	0	0.027152
P13727	P04141	1	0.056323
Q96BP2	P15374	0	0.017167
Q96T60	Q9H6S1	0	0.014181
P36542	P21246	1	0.0097705
O95994	Q9Y3C7	1	0.022824
Q86SG3	Q86YF9	1	0.0066724
O76039	P50135	0	0.0043971
P21673	Q6PI98	1	0.030111
P51116	Q7Z6G3	1	0.019549
Q16656	P07195	0	0.012417
Q6UXN9	O60551	0	0.017085
Q92759	Q9NP97	0	0.0034739
Q92624	P05067	1	0.0030188
P67870	P68400	1	0.0099859
Q92624	Q8N140	1	0.0018544
P21673	Q9GZT6	1	0.0076421
P49247	P51116	1	0.0046091
P30291	P46783	0	0.015053
P29274	P00813	1	0.009207
O76003	Q70Z53	1	0.018494
P17509	Q9P2W6	0	0.0095098
P06400	P62269	0	0.020414
P78345	O95707	1	0.0094561
P52434	P62875	1	0.0041863
Q8IU60	Q14181	1	0.021069
P21246	Q9Y657	1	0.017199
Q13243	P62495	0	0.01395
P51808	P15151	1	0.014636
Q969G3	P83111	0	0.031153
P38432	P51116	1	0.0087376
Q9Y6D9	Q9Y2J4	1	0.0021806
Q13794	Q07820	1	0.0095914
Q9Y294	Q9UK41	1	0.0072853
Q9H840	Q8WXD5	1	0.0064754
Q9NVR2	Q9Y3D9	0	0.017024
P21246	O94864	1	0.017508
O43541	Q8IVS2	0	0.02006
P40933	P14784	1	0.017836
Q86WQ0	P49406	0	0.019068
P32780	Q13888	1	0.020894
Q9UBU8	P06400	1	0.025689
Q92643	O43292	1	0.03323
O43543	Q9Y2J8	0	0.014787
O94782	P09132	0	0.048276
Q9NXE8	Q15834	1	0.0087916
Q9NR82	Q9NRI5	1	0.011247
Q7L590	O43929	1	0.012538
Q7L8L6	Q15834	1	0.0041866
Q15049	P13693	1	0.005228
O43427	P68400	1	0.0076743
P67870	P03372	1	0.0043574
Q99436	Q92979	1	0.00088226
Q13610	P07741	0	0.0087404
Q6ZYL4	Q9P0J6	0	0.0044654
Q13569	P03372	1	0.029609
Q9H5F2	Q13795	0	0.016881
P17509	Q13794	0	0.040858
P41002	P40925	0	0.017185
O43513	P46783	0	0.015105
Q9Y5N6	P51398	0	0.011291
P40225	P40238	1	0.010478
Q9NUP1	Q8TDH9	1	0.0025476
Q9NZ42	Q92542	1	0.034047
P07686	P41214	1	0.018568
Q99689	Q7L2K0	1	0.0070817
P35222	P19838	1	0.0027792
O95411	Q8WWV3	0	0.010636
Q9NY97	Q96EU7	1	0.026069
P20290	O15235	0	0.048021
O95229	Q9H081	1	0.0016382
Q9NVU0	Q96EK5	0	0.0077232
Q16656	O60239	0	0.020084
Q13569	O60760	0	0.0065716
P49675	Q99689	1	0.010292
Q8NFW8	Q14442	0	0.011205
P06746	O95848	0	0.019672
O75528	Q96ES7	1	0.014473
O94782	P82930	0	0.013917
P55259	P04746	1	0.10806
Q9UJX3	P30260	1	0.0024787
Q16594	P38432	1	0.006284
O95411	Q96RP9	0	0.0076105
P54253	Q6ZMJ4	1	0.0056673
P49842	Q9BU02	0	0.0078441
O96011	P28328	0	0.0040399
P01215	P21246	1	0.029688
O60763	P61764	1	0.0062228
P12004	P18858	1	0.0060431
Q9Y5Q9	Q14CX7	0	0.0029381
P10451	P05556	1	0.014247
O75528	Q9BYC8	0	0.017751
O60762	Q16822	0	0.0032423
P03372	Q00403	1	0.016104
O75916	O14775	1	0.0050879
Q9BVK8	O95870	1	0.0089707
P62875	Q9Y2T2	0	0.0092705
P83369	Q8TE02	0	0.011824
P06400	Q9BYG8	0	0.0093508
Q9H1Z4	Q8NFG4	0	0.016239
P26368	Q9UKJ5	1	0.027533
Q9Y675	Q01581	0	0.017993
P17480	O00471	0	0.020823
Q9UHR5	Q8IUQ0	0	0.016363
Q92597	Q12906	1	0.012806
Q9NVR2	Q13794	0	0.012661
Q13285	Q9Y2J8	0	0.016261
P05556	P15529	1	0.035867
B2CW77	Q9NP74	0	0.0052147
Q02363	Q8N142	0	0.010484
Q9BVJ6	O43261	1	0.0025032
Q8TAE8	P62269	0	0.014248
Q9UKF6	Q96IV0	0	0.019444
Q13568	Q93088	0	0.01924
P61604	Q13432	1	0.0080503
Q8N9N8	Q8WWV3	0	0.017707
P68400	P30305	1	0.017422
O15514	Q9P0J6	0	0.067695
O60568	Q15834	1	0.0057937
P21246	Q9UNI6	1	0.014508
O75506	Q9UI17	0	0.0046763
P13984	Q2VPK5	0	0.021551
O96019	Q8IUQ0	0	0.023036
Q9NZN8	Q9UFF9	1	0.0079698
Q9H8M7	P78540	0	0.014733
Q96CJ1	P0C1Z6	1	0.0017336
Q9UK76	P47874	0	0.0095454
O43913	P07195	0	0.01199
P46977	Q9NQX7	1	0.033542
P38571	Q8NFG4	0	0.054353
P41002	P30838	0	0.016915
Q9H5J8	Q8TCS8	0	0.018061
Q9GZP8	P40939	0	0.017254
Q0VG06	P54577	0	0.020537
P10827	Q15646	1	0.026963
Q9H9Q4	Q9BY32	0	0.0056225
Q92966	P51857	0	0.017997
P12956	Q96FF9	1	0.0035534
Q92560	O15235	0	0.041872
Q5T3J3	Q9Y2X7	1	0.0034152
P50579	P41091	1	0.0050332
Q12857	Q96HU1	0	0.01075
Q86X55	P11940	1	0.020467
Q92597	P34897	1	0.02574
Q5FBB7	P62424	1	0.012123
P36954	P82914	0	0.026865
P18074	O95379	0	0.0071748
Q16718	Q15834	1	0.004164
Q14696	Q9BYC8	0	0.049498
P15848	P34897	0	0.015972
Q0VD86	Q9BYD1	0	0.0060194
Q13868	Q9NQT5	0	0.023131
O14745	P15313	1	0.01257
P60228	Q9GZR7	1	0.0068908
Q00403	O60760	0	0.0087479
P38432	Q8NHQ1	1	0.0084323
Q16656	Q16612	0	0.0065662
Q12824	Q14442	0	0.0085377
Q13568	Q9NZD2	0	0.014518
Q13610	Q9Y239	0	0.0087306
P10412	Q9Y2R5	0	0.06872
P17509	Q8IXM3	0	0.025099
Q9UKR5	Q9BTE0	1	0.01962
P62487	Q7L3B6	0	0.038834
P21673	Q7L5N1	1	0.0045542
Q9NVC6	Q15528	1	0.0051876
P61313	Q7L5N1	1	0.0025429
Q5TB30	P54577	0	0.030593
P21673	Q9UKR5	1	0.024135
Q16533	Q9Y3D3	0	0.016454
Q58WW2	Q16612	0	0.013826
P60568	P14784	1	0.054913
P63272	P82914	0	0.01489
P83369	Q16698	0	0.028437
P10412	Q9NX20	0	0.029327
P83436	Q8WTW3	0	0.0073773
Q9NVR2	Q9HCY8	0	0.0074196
Q7L590	O75419	1	0.0085122
Q8N715	Q96LR2	1	0.003325
Q92759	O14713	0	0.030008
Q13442	P01127	1	0.0046829
P54253	Q8TE02	1	0.0042696
P06746	P12004	1	0.0039412
Q96IP4	Q9UBS8	1	0.0078102
P78549	Q14894	0	0.019548
Q64ET8	P15559	0	0.018571
Q9BVJ6	Q9GZM7	1	0.011827
O60383	Q12906	1	0.0047906
Q05048	P09132	0	0.018655
Q86WQ0	Q93088	0	0.0092849
Q9H9Q4	Q9Y234	0	0.013347
O00115	Q14749	0	0.029121
Q9GZP8	Q9HCN2	0	0.0037828
O15379	Q92828	1	0.0062512
Q9GZM8	Q9NRI5	1	0.0053284
P29083	Q9Y3E5	0	0.020932
Q9UHR5	Q9BU02	0	0.030284
Q9BSF8	P62495	0	0.012946
Q13094	Q8WV28	1	0.0080773
Q9Y6C7	P03372	1	0.0058388
Q9UBW8	P61201	1	0.0033061
O75971	Q9BZQ8	0	0.022558
Q8N807	Q8N427	0	0.054128
Q92989	Q8N142	0	0.020522
Q13569	Q96RP9	0	0.011755
O75528	P49753	0	0.01459
Q9Y535	P26639	0	0.027948
P18858	P49914	0	0.010272
Q9HCU9	O75446	1	0.017422
O75818	O75817	1	0.0080641
Q9GZM8	P62258	1	0.0018684
Q9UFW8	Q99551	0	0.0075904
P47756	Q9BYC9	1	0.002401
Q9UJC5	Q9Y3D3	0	0.0085701
P55058	P02649	1	0.001267
Q9H0W9	Q93088	0	0.0057661
Q8N9N8	Q92844	0	0.042431
P63272	P82663	0	0.020228
Q8NFW8	O43182	0	0.025754
Q9NPI8	O15287	1	0.0030106
Q5XKR4	O95379	0	0.017091
P78549	P35270	0	0.039672
P61218	Q13867	0	0.023835
P13984	O60239	0	0.025137
Q13568	O95848	0	0.036469
Q9BQ83	Q9H2W6	0	0.018994
Q96ME1	Q9BQ66	1	0.0024203
O43513	Q9H0U6	0	0.044818
Q16594	Q7L3B6	0	0.020763
P27169	P02647	1	0.0047504
Q9ULX3	Q02252	0	0.018983
O96011	P40855	1	0.0062895
Q969F1	O60477	0	0.016017
O75553	P43034	1	0.0045803
P15586	O75534	0	0.021805
P35475	Q15185	0	0.024197
O60238	Q6NUQ1	1	0.0084492
Q01831	P32780	1	0.03127
P36915	Q8TAU0	0	0.010436
P03372	Q9UN86	0	0.0277
Q9UL03	P34897	0	0.011562
Q9Y5N6	P33402	0	0.013381
Q9UNZ2	Q13190	1	0.012595
Q9UKF6	Q16822	0	0.016262
P06748	P24522	1	0.0078306
P58753	P20963	1	0.0053755
Q92597	P11940	1	0.019532
Q6VY07	Q9NZ52	1	0.0064461
Q9P086	Q96G25	1	0.0044402
P16455	P50135	0	0.014812
Q05048	Q9Y2J8	0	0.008393
Q9NV56	Q92598	0	0.035647
Q15834	Q9Y247	1	0.0049105
Q7Z5Q5	Q15185	0	0.01517
P35222	Q16665	1	0.0042327
Q9BQ66	Q9P2Z0	1	0.0022125
O95251	P06746	1	0.014792
P04066	Q8NEL9	0	0.045548
P49356	P49354	1	0.0055508
P51946	P29084	1	0.017598
Q9BTY7	O95445	1	0.0046338
Q9BSF8	Q9BRA2	0	0.034916
Q99665	P29460	1	0.072916
O15342	P36543	1	0.0038071
P78549	Q14442	0	0.026617
P54253	P38432	1	0.0014658
P68400	Q6VY07	1	0.018582
Q00577	P39023	0	0.03464
O43929	P12081	0	0.017412
Q9UNI6	P23921	0	0.013557
P13686	P21673	0	0.30059
Q9Y6X1	P27824	1	0.0071743
Q15102	Q13432	1	0.007496
P36954	P35754	0	0.0049793
Q13416	P82933	0	0.016491
O76039	Q9P0R6	0	0.037889
P29083	P49675	0	0.014272
P40189	P13725	1	0.026034
Q53HV7	Q9BYG8	0	0.010034
P54253	Q96IP4	1	0.0038811
P49184	O75534	0	0.045527
Q9BQ83	Q13162	0	0.025046
Q8NEC5	Q9UKJ5	1	0.0064848
Q9NZD8	Q53H80	1	0.0045765
P56159	P39905	1	0.017255
P13686	Q99551	0	0.035335
Q8IZU3	P11940	1	0.0038184
P51513	P82932	0	0.016057
Q9BRK4	Q15834	1	0.0044428
Q13432	Q14061	1	0.0093062
P41002	Q9NZJ9	0	0.055764
Q13416	O75419	1	0.014518
Q5T124	Q8IYR0	1	0.0089825
P04198	Q96RP9	0	0.011074
O15379	O60907	1	0.0071001
Q9Y657	P15104	0	0.017939
Q9UJX6	Q12834	1	0.013321
Q07820	Q07817	1	0.0040818
P13010	Q9UN86	0	0.030137
Q5T3J3	Q9H4M7	1	0.0028589
O75925	Q13285	1	0.01622
Q13889	P54136	0	0.019683
Q9UBU8	P30838	0	0.027441
P37198	Q03933	1	0.0087087
Q92560	Q9Y291	0	0.044004
O14777	Q9UL45	1	0.0012645
Q16533	Q13162	0	0.02637
O94782	Q9BTM9	0	0.0068149
P13051	P15927	1	0.024829
Q6UXN9	Q9NP74	0	0.0045366
Q96JE9	Q13077	1	0.0048101
Q8NB91	Q8N1V2	0	0.0022229
O43148	Q9H9J2	0	0.0276
Q9P2W1	Q16540	0	0.012404
Q15257	P68400	1	0.012198
Q9BT78	P61201	1	0.0022963
P51617	P02686	1	0.0097876
P18074	P55084	0	0.048722
Q9BSH3	Q9P0R6	0	0.016217
Q13573	P82914	0	0.029049
Q9Y678	Q15185	1	0.011191
Q9HB89	P48645	1	0.018866
P16150	P35222	1	0.0022459
P13686	P10451	1	0.052355
Q9Y6D9	Q9UGJ1	1	0.0026375
Q9HC73	P16871	1	0.065543
P31785	Q01113	1	0.061693
Q9HCY8	Q96FQ6	1	0.0081316
Q13888	Q9BY32	0	0.004714
Q6ZYL4	Q92837	0	0.099984
Q15528	Q8NBJ4	1	0.0071491
Q15645	Q96LM6	1	0.0085717
Q8WXD5	P62304	1	0.0047936
P51946	P48200	0	0.0098919
P30154	P35613	1	0.0042039
Q969F1	Q9BTM9	0	0.0090055
P49842	Q8WUN7	0	0.015491
Q03167	P05111	1	0.0058619
Q9H081	Q6P1K2	1	0.0025798
O60671	Q9BYC9	0	0.002833
Q0VG06	Q9BUE6	0	0.036059
Q9H611	Q9P0J6	0	0.067757
P78406	Q9GZR7	1	0.0085038
Q13888	P09132	0	0.036851
P21673	Q9BSH4	1	0.014171
Q13573	P31937	0	0.0098105
Q58WW2	P15559	0	0.0094393
Q969G3	P82932	0	0.014085
Q9NZ42	P49768	1	0.014535
P21695	P21246	1	0.015995
O75528	Q93088	0	0.020277
P00480	Q15388	1	0.0018631
P06400	Q8TCS8	0	0.022718
Q8N9N8	O43182	0	0.036199
O95084	Q9H0R3	1	0.01701
O43823	P49736	1	0.0056173
Q92979	Q96DW6	1	0.0021352
P32780	P19447	1	0.031803
P04198	Q04837	0	0.015916
Q9H8M7	P51970	0	0.018864
P52657	P49675	0	0.0054245
O60925	Q16891	1	0.002054
O75052	Q9Y272	1	0.028378
Q07817	P99999	1	0.002604
O43325	P32929	0	0.014086
O60583	Q15102	0	0.015904
P09012	Q9BU02	0	0.024253
Q16514	P32929	0	0.023025
Q6PJT7	Q96EK5	0	0.01068
P43351	P18074	1	0.021159
P16455	Q9Y399	0	0.011511
Q92542	P05067	1	0.025514
Q9H2F5	Q16698	0	0.025233
Q9H611	O75897	0	0.015484
O75901	P19021	1	0.0085523
P07686	Q9NP97	0	0.015555
Q9H0I2	Q15834	1	0.0089869
Q03135	Q14254	1	0.0015633
P0C1Z6	Q59EK9	1	0.011605
Q14746	Q96MW5	0	0.0063492
P12956	Q8IXM3	0	0.010991
P05423	P48200	0	0.012636
P10827	Q15493	1	0.0017651
P10412	Q9BY32	0	0.0088598
Q15102	Q5T3J3	1	0.0070222
Q9NQ92	O76031	0	0.010396
P12004	Q9BYN0	0	0.0071817
Q00403	P20807	0	0.023329
Q8NFZ5	P21580	1	0.0035021
P78549	Q16719	0	0.026376
Q6P1J9	Q9NT62	0	0.014961
Q9GZP8	O15169	0	0.001286
Q5FBB7	P46779	1	0.012406
Q96MU8	O94907	1	0.084766
Q9UPV9	P47874	0	0.013746
P16410	P33681	1	0.073963
Q99558	P46777	1	0.014028
Q9HAN9	Q14442	0	0.0034102
Q5RKV6	Q9NQT5	0	0.0082612
Q13416	Q9BYG8	0	0.0090233
P68400	Q92598	1	0.012889
P06401	P03372	1	0.013141
D3DTV9	Q9NY33	0	0.00097236
Q9UBX1	Q9NZJ9	0	0.060635
Q13651	Q08334	1	0.037767
O00716	Q9GZZ1	0	0.037864
Q9H4I2	Q15102	0	0.021566
Q9HAW0	P54687	0	0.014568
P49736	P62701	1	0.010741
Q13569	Q01831	1	0.037032
P52434	P62487	1	0.0094699
Q53HV7	P78540	0	0.016387
P09012	Q9HCY8	0	0.015393
Q9UBR2	Q14914	0	0.041507
Q8TCJ0	Q9BXI3	0	0.0082385
P04553	P47874	0	0.0030045
P68400	P84090	1	0.012142
Q13432	P49903	1	0.0055117
P61247	O00422	1	0.014123
Q96D98	P49915	0	0.010438
Q9UDW3	Q16740	0	0.023067
P10827	P24385	1	0.016797
Q9UM82	Q13794	0	0.028483
Q9UIF7	P14061	0	0.020989
P68400	P55042	1	0.013815
P15907	P20273	1	0.026029
Q9UJC5	Q6PRD7	0	0.012699
Q9BTP7	P49406	0	0.039051
Q9UJC5	P49458	0	0.0062685
P62304	Q6WQI6	0	0.0041543
Q8WUA4	P15104	0	0.0066286
Q9Y3T9	Q5T3J3	1	0.0024097
Q15542	Q15185	0	0.016763
O94906	Q53GS9	0	0.0081825
Q9HAN9	P48200	0	0.0095538
Q05952	P59103	0	0.00346
Q99547	Q5T3J3	1	0.00069164
Q9H4Z3	O00764	0	0.022718
O60671	Q9NZJ9	0	0.06671
Q01081	P31350	0	0.0096987
O75381	Q96G25	1	0.0083006
Q9H0Y0	Q9H1Y0	1	0.0066837
O95793	P62424	1	0.011585
Q7L775	Q16540	0	0.009571
P49005	P07195	0	0.013755
Q9H939	P04278	1	0.019815
Q9UBX1	Q9Y2R5	0	0.043064
Q9UI36	Q6P1L8	0	0.014526
O94906	Q9NZD2	0	0.0024651
Q8N807	Q9BZQ8	0	0.047467
P22234	Q8TAP6	1	0.0046666
Q9Y6I8	P40855	1	0.0019843
O75506	Q01581	0	0.0061665
P03372	P12081	0	0.028701
Q92611	P27824	1	0.01067
Q15645	Q53HV7	1	0.0063765
P16870	Q5T3J3	1	0.0087134
O60383	Q15102	1	0.007836
Q99836	P14778	1	0.010578
O75530	O15379	1	0.0098836
Q12996	Q8N983	0	0.032905
P00491	Q5RL73	1	0.0061027
Q15562	P07741	0	0.016183
O95870	P03905	1	0.0075314
P13798	Q9GZZ9	1	0.0041516
Q6ZYL4	Q96EK5	0	0.010383
P47224	Q9BVJ6	1	0.01709
P55084	P05067	1	0.052316
O60383	Q9BRR6	1	0.00933
O95219	O00499	1	0.0040989
P23759	Q14442	0	0.022992
Q53GS9	Q9P0J6	0	0.081352
Q9NP98	O15273	1	0.0056119
Q8TE85	Q9BPZ3	0	0.0090286
P50897	P54136	0	0.098611
Q9NV56	Q04837	0	0.019431
O15169	Q9BVJ6	1	0.002384
Q02094	P06028	1	0.019605
Q9Y5K6	Q13563	1	0.01501
O43541	P14061	0	0.021739
P12956	A1L0T0	1	0.0091397
P07686	Q9Y3D3	0	0.016131
O75528	P46783	0	0.012792
Q9Y535	Q8N142	0	0.023671
Q05952	P30711	0	0.0055368
P16455	Q9NP97	0	0.0086342
Q03135	Q10588	1	0.031145
P19447	Q8IXM3	0	0.01161
Q9UFW8	O75170	0	0.0061163
P54278	Q9BYC9	0	0.003314
P07686	Q8WUN7	0	0.017783
Q9BWT1	Q9BZL1	0	0.034321
Q9UPV9	Q16740	0	0.021825
P86791	P48735	0	0.0064122
Q9UM82	Q8WWV3	0	0.011256
Q96JN0	Q96IV0	0	0.024105
Q7Z5Q5	Q9UHD2	0	0.011641
Q53HV7	P0C7P0	0	0.005805
Q8TCE9	Q16540	0	0.0076578
Q9BWT1	P21695	0	0.01484
Q7Z5Q5	P82912	0	0.038903
Q13889	P23921	0	0.012495
Q13951	P05060	1	0.0048199
Q8IXF0	P78540	0	0.021312
P38432	Q9P2G9	1	0.0098313
P78552	Q8TDR0	1	0.012253
P09012	Q9NZD4	0	0.026381
O00287	Q96RP9	0	0.010669
Q8TCE9	P51970	0	0.008795
P36954	Q14CX7	0	0.00942
P63272	Q96EK5	0	0.0048133
P36954	Q9P0R6	0	0.019374
O75506	Q96RP9	0	0.0045849
O15519	Q07817	1	0.0050954
Q5RKV6	Q06265	1	0.0074883
Q9UM82	O60477	0	0.013945
Q96LW7	O95999	1	0.0072636
Q9NV58	Q9Y6H5	1	0.0068007
Q14781	Q8N1V2	0	0.010129
Q9NQ92	Q14894	0	0.013773
P21246	Q6IB77	1	0.01823
P12956	Q07617	0	0.020319
Q8TAE8	Q14894	0	0.0091393
P23352	P34741	1	0.042241
P62487	Q01581	0	0.04408
P49902	P51116	1	0.029288
P18428	P49913	1	0.012136
P13010	Q9NYB0	1	0.016461
Q15645	O95865	1	0.0031583
P49247	Q9GZT8	1	0.0020097
Q6PIZ9	P04437	1	0.070464
P30990	P16870	1	0.098243
Q03013	Q13432	1	0.0080002
P18858	Q9UD71	0	0.003083
Q9UBW8	Q9UNS2	1	0.00288
Q6NSW5	Q8N2U0	1	0.0034383
Q96SB4	P04553	1	0.0046429
O75381	P28328	0	0.010567
O43365	Q6V1X1	0	0.029101
Q9Y6W3	P20807	0	0.0051708
P22570	P10109	1	0.0067706
Q00403	Q13772	1	0.0095976
Q9HAF1	Q969R5	1	0.022778
P30260	Q9UM13	1	0.0046586
Q9UNI6	Q07617	0	0.016497
Q58WW2	Q96M11	0	0.0084506
P56537	Q02878	1	0.0050691
O96020	P78540	0	0.015784
B2CW77	P46952	0	0.014356
Q03181	P62495	0	0.014883
O95870	P03897	1	0.015262
Q12834	P17987	1	0.0066567
Q92624	Q6PEW1	1	0.0020509
Q969G3	Q9HCN4	0	0.026985
O60925	Q9H7V2	1	0.0079968
Q9H9Q4	P49917	1	0.015835
P30519	Q7L5N1	1	0.0029135
P15848	Q9UI17	0	0.0043029
Q9Y675	P13798	0	0.0039943
O43261	Q7L5N1	1	0.0019134
Q14061	Q7L5N1	1	0.0053534
P03372	P82650	0	0.015656
Q12972	O76061	1	0.023048
O60925	Q9Y3C7	1	0.0033899
Q9P0K8	Q9NVV4	0	0.012741
P38432	Q9GZT8	1	0.0082594
O60443	P21246	1	0.01294
Q14749	Q9GZT8	1	0.0042357
Q9Y675	O14618	0	0.012645
O94811	P04406	1	0.0043879
Q9BVJ6	Q15834	1	0.010014
O75528	Q14914	0	0.012935
Q9UJC5	Q7L3B6	0	0.0060419
Q9NPI8	Q9BXI3	0	0.0068391
P00491	Q5T3J3	1	0.0036306
P06400	Q9BYC9	0	0.00485
Q9UKT4	O60447	1	0.0069342
P57739	Q9BQ66	1	0.0053178
P21246	Q6P1K2	1	0.014549
O60508	Q9P0M9	0	0.0063423
Q92643	P05187	1	0.081314
Q5RKV6	Q13868	1	0.0084301
O00716	P17987	0	0.0084744
O14777	Q9BZD4	1	0.0011639
P07686	P83881	0	0.0096762
Q01780	Q99828	1	0.0085477
Q8IU60	Q9UJ70	1	0.0041968
P03950	Q15904	1	0.093546
O60383	P21673	1	0.10687
P04066	Q9BYC2	0	0.021894
Q13416	P21695	0	0.010087
Q9UJ70	O75716	1	0.0029456
Q01459	O60783	0	0.11605
P14866	P26599	1	0.12988
Q9P0K8	Q9BYG8	0	0.0070993
O60671	Q5EBM0	0	0.018569
P12004	Q99819	0	0.0041195
P15848	P08319	0	0.046797
Q9UBR2	P63302	0	0.1185
Q16594	Q96IV0	0	0.033469
O75528	O75478	1	0.0098422
Q8IYF3	Q96M91	1	0.0016675
Q9Y6K8	Q96N11	1	0.02762
Q96RU7	Q5RL73	1	0.038907
Q9UIF7	P40925	0	0.018233
P52434	P53803	1	0.0039323
Q9Y294	P50502	1	0.0083056
O76061	Q9H1D9	1	0.01051
O94906	Q9UHN1	0	0.0039961
Q96FZ7	P60002	1	0.011899
Q9UKR5	Q9BWC9	1	0.0029179
P51946	P19447	1	0.022324
Q16790	P35222	1	0.0021113
Q9NX01	Q9Y239	0	0.14988
Q9Y5X5	P01303	1	0.04724
Q9H4I2	Q9NY74	0	0.005334
Q16656	O60551	0	0.076615
Q16891	Q9NX18	1	0.003822
O15514	Q9H5Q4	0	0.013695
O60256	Q8N8Q3	1	0.0075078
Q7L5N1	Q8IYL3	1	0.0034277
Q16576	P30711	0	0.0066565
P05423	P51398	0	0.011232
P62258	Q92934	1	0.0031081
O60383	Q9Y3C0	1	0.0071087
P62487	P49842	1	0.02061
O75503	Q8N183	0	0.0049145
O00628	P50542	1	0.0022329
Q13568	Q14894	0	0.011695
P27695	Q9UI17	0	0.0036889
Q16576	P30838	0	0.011361
Q07352	Q8N183	0	0.042931
O43325	P47874	0	0.021497
Q9Y294	Q7L0Y3	0	0.0096493
P06753	Q9BQD3	1	0.00071643
Q03181	P23921	0	0.017024
O96019	O75897	0	0.018219
Q9H5J8	Q6UB35	0	0.018535
Q8NFW8	Q9HCN4	0	0.02574
P12956	Q9BYD1	0	0.007814
P27701	Q9P2B2	1	0.035482
Q96EY5	Q9Y5K6	1	0.0070855
Q15025	P46777	1	0.0067951
P09012	Q04837	0	0.024159
Q96T37	P48735	0	0.012112
Q9UQ80	P06400	1	0.0061846
Q03828	Q7L0Y3	0	0.027176
P78549	Q9P2R7	0	0.039947
P06401	O75925	1	0.0054884
Q6VY07	Q13563	1	0.018706
Q13200	Q5T3J3	1	0.0029468
Q8IYF3	Q9Y6D9	1	0.0019033
P30291	P40261	0	0.0097362
P16444	Q96EK5	1	0.0036918
Q96CS2	Q7L590	1	0.0024926
Q14696	P0C7P0	0	0.059082
Q9UJC5	Q9Y2Q9	0	0.0045153
P46777	P67870	1	0.0059335
Q12996	Q8IXM3	0	0.004913
Q9UKF6	Q16698	0	0.015043
Q13569	P82921	0	0.0084039
Q8TE85	Q96M11	0	0.00275
Q9NQS3	P15151	1	0.016997
P54253	O75935	1	0.012807
Q12788	Q9BTM9	1	0.0030022
Q8IV45	P19838	1	0.0072064
Q16790	P35221	1	0.0046467
Q9NQ92	P47874	0	0.0097196
P11940	O95793	1	0.017782
Q96FZ7	Q9BRG1	1	0.0058363
Q9Y6D9	Q14134	1	0.0033066
P13010	Q6XE24	0	0.026027
Q9Y6X1	P61619	1	0.022035
P07738	P04406	1	0.0031025
Q9UKN8	Q8WUA4	1	0.019916
O95990	P32929	0	0.008341
Q15181	Q13432	1	0.0075022
P62875	Q15834	1	0.0039948
Q9NV56	Q9UBU8	1	0.026841
Q9NV58	Q9UMX1	1	0.01361
Q9Y2X7	Q6P1K2	1	0.0047445
P29084	P12081	0	0.034126
Q9H9Q4	Q13162	0	0.025994
O75381	P40855	1	0.013602
P61289	Q64LD2	1	0.001782
Q16533	Q08257	0	0.013735
Q8NFH4	Q8NFH3	1	0.0028329
Q53H80	P21673	0	0.041825
Q13671	P62258	1	0.002876
Q01780	Q13868	0	0.018764
Q8N1S5	Q96D05	1	0.0081249
Q15543	Q9GZT8	0	0.01793
O14744	Q9NTK5	1	0.0057826
Q96BN2	P13995	0	0.0084674
P68400	Q9NQB0	1	0.018623
P37108	Q9UNZ2	1	0.011856
P06280	Q9NYK5	0	0.043985
Q5XKR4	P83881	0	0.031782
P12956	Q8N183	0	0.040633
P23759	Q9Y2Q9	0	0.084137
P19419	Q9Y3A3	1	0.0086219
Q16656	Q9NRN7	0	0.012164
Q9BV90	Q92844	0	0.031887
Q14781	P52815	0	0.029953
P62380	Q96EY7	1	0.0041334
Q92966	P54577	0	0.019644
P35475	Q6WQI6	0	0.034417
Q07021	P38432	1	0.01526
Q9NX01	P49789	0	0.17038
Q969F1	Q9Y2T2	0	0.0092347
O95182	Q9BQ52	1	0.020917
Q7Z5Q5	Q14894	0	0.0098142
Q9BPZ3	P11940	1	0.010299
P51398	P35869	1	0.010943
Q96T60	Q9H9J2	0	0.026468
O00462	P49406	0	0.0033455
P41002	Q8N4X5	0	0.031012
P27695	Q16540	0	0.004783
Q9UMX1	Q15274	1	0.004067
P60174	Q9GZR7	1	0.0097752
Q14627	P35225	1	0.091118
P60468	Q15629	1	0.011387
P46777	P63241	1	0.0095645
Q9H2F5	Q9BRA2	0	0.034521
Q01081	P51580	0	0.0051359
P04554	Q8IXM3	0	0.0099211
P63241	Q9BU89	1	0.0025484
Q9Y535	Q9H9J2	0	0.026635
Q9UM82	Q04837	0	0.013314
P20807	Q7Z6G3	1	0.016698
P30291	Q07617	0	0.023966
P27695	P49902	0	0.0071471
P62875	O95786	0	0.0043487
O75446	Q16576	1	0.016415
Q01081	P34897	0	0.0095074
P35520	Q9NP79	1	0.011852
Q92597	P62241	1	0.035408
Q15633	Q9UKV8	1	0.01028
P02768	P50502	1	0.0033563
P22304	Q8IVS2	0	0.053435
P48147	P30990	1	0.53694
P17342	P01160	1	0.053809
P52657	Q9Y2R5	0	0.0094983
P06400	Q02363	1	0.015921
P18074	P00558	0	0.017776
P10827	P82663	0	0.050878
Q5U623	P49914	0	0.009452
Q8WUA4	O75936	0	0.022228
Q7L622	O00453	1	0.02273
P06746	P51553	0	0.0061412
Q6UXN9	O15169	0	0.0046289
Q9Y5Q9	Q8WXF8	1	0.0062743
O94864	Q9BYN0	0	0.042082
P62304	Q9P032	0	0.0070498
O00287	Q14442	0	0.0099503
P27930	P01584	1	0.0049911
Q6IA17	P14778	1	0.029628
Q9H6T0	Q8N427	0	0.033223
Q13889	P17987	0	0.010001
P49736	Q9Y399	0	0.0090454
P22304	Q15185	0	0.0083346
Q8TCE9	Q9BYD1	0	0.0054752
O60671	Q13795	0	0.016512
Q16558	P00395	1	0.0064537
Q96JN0	Q9Y234	0	0.015818
Q14186	O75170	0	0.0047034
P13798	Q0P6H9	1	0.049672
Q16891	Q8NCD3	1	0.0037921
Q96T60	Q9BYD2	0	0.035803
Q9UI36	Q9Y234	0	0.01291
O76039	Q9UHN1	0	0.028611
Q99967	Q9NP74	0	0.0019442
Q9Y294	P83881	0	0.0080081
Q9H4Z3	Q9H7D7	0	0.018214
P35244	P15927	1	0.015285
Q9BQ83	P63302	0	0.0026032
Q9GZP8	Q8IVS2	0	0.024977
O00311	Q9NP74	0	0.016726
P10827	Q9HBU6	0	0.022307
O43325	Q13867	0	0.013092
Q9UK76	O75170	0	0.0011739
Q9UBU7	Q9UJM3	0	0.0017362
P34981	P20396	1	0.01191
O43148	P53384	0	0.036265
Q14181	Q8IW50	1	0.0035249
Q92759	P15104	0	0.0047231
Q6PJT7	O00764	0	0.025004
Q5MJ70	P59103	0	0.0086847
Q13889	O15235	0	0.022863
P02647	P18428	1	0.0058224
P13984	P55084	0	0.05235
Q9UMX1	Q9P2Y4	1	0.021381
Q15388	Q8NEY8	1	0.0040588
Q13568	Q8IVS2	0	0.021982
P35869	Q13620	1	0.013243
Q99967	Q16612	0	0.0027837
P25208	Q6P1L8	0	0.024012
Q15041	Q969H0	1	0.0079637
O00311	O43182	0	0.01615
P30291	Q9UHD2	0	0.012539
Q9P2M1	Q9UNS2	1	0.00077871
O14745	P35222	1	0.0038069
O60508	Q14442	0	0.0075429
O76039	Q99551	0	0.0073499
O00115	P82930	0	0.0023374
P62258	P30305	1	0.0030495
Q99689	Q16891	1	0.0044567
P02647	Q13790	1	0.0053581
P03372	Q9UDX5	0	0.0022951
P63272	P13010	1	0.012131
Q13610	Q9BYD1	0	0.0058106
Q92466	Q01831	1	0.011232
P18858	Q96M11	0	0.0043328
Q15542	Q16740	0	0.018565
Q9NQW7	Q6NUQ1	1	0.0052694
O95990	Q9NP74	0	0.010252
Q9NPI8	Q00597	1	0.0067829
Q8NB91	O75394	0	0.0077159
Q15025	P21580	1	0.0091803
Q9H147	P04053	1	0.014445
Q15291	O75570	0	0.0074649
Q03828	Q99819	0	0.0067282
P20963	Q9BZW8	1	0.031821
P59665	O60925	1	0.032329
Q14181	Q8N2I9	1	0.022333
Q16594	O15235	0	0.064726
Q03135	Q9Y6H8	1	0.045684
Q15102	Q96ID5	1	0.009929
Q13243	Q9UHN1	0	0.016704
O94782	Q9NX18	0	0.030889
P49366	Q9GZT8	1	0.0032075
O75503	Q9BU02	0	0.017026
Q9Y3D6	O00429	1	0.0030621
Q9BSH3	Q6P1L8	0	0.010831
Q86WB0	Q9HD40	0	0.013312
P27694	O60239	0	0.032326
Q07352	Q9BU02	0	0.036867
Q13243	Q9H2W6	0	0.013929
Q9HAN9	P33402	0	0.01354
P09430	P48147	0	0.00041868
P46777	P68400	1	0.010935
Q9P299	Q9Y678	1	0.0090534
B2CW77	Q9P0M9	0	0.0036659
Q9Y675	P15104	0	0.014466
Q96KF2	O75880	0	0.0099956
O60508	P07741	0	0.010425
Q9Y3C7	Q9GZM7	1	0.0048522
Q04446	P52209	1	0.010247
P60033	Q9C086	1	0.0045615
Q9BQ83	P34897	0	0.010297
P61289	Q9BXC9	1	0.0013774
Q8WUA4	P06400	1	0.021302
Q9UBU7	P49736	1	0.0049072
O95551	P78417	0	0.027512
O43513	Q9UJM3	0	0.0057329
Q9BQ66	Q5T681	1	0.0021111
Q9Y240	P21583	1	0.012901
Q9NV56	Q9BZL1	0	0.025074
Q96BI3	Q9NZ42	1	0.013339
Q9Y3A3	Q9Y3C7	1	0.0074314
Q86YW7	Q96T91	1	0.34411
P43489	O15304	1	0.027921
Q86WQ0	Q15185	0	0.012042
P52657	P49458	0	0.010104
O94782	Q16612	0	0.0063181
Q06495	O95070	1	0.0090402
Q92759	P51970	0	0.016101
P04183	Q5T3J3	1	0.0075389
O43543	O00471	0	0.012602
Q13888	P19447	1	0.023436
Q9UBD5	Q13416	1	0.012633
Q15573	P49753	0	0.0031964
P20273	Q13094	1	0.0094225
Q58WW2	Q92844	0	0.015371
Q9Y5N6	Q13416	1	0.012349
P20823	P35222	1	0.0021696
O15379	Q9HCN2	0	0.005298
P30291	P68400	1	0.014935
Q92597	P35222	1	0.009291
Q03181	P30041	1	0.0024496
P49247	O75716	1	0.0026649
O94906	Q14894	0	0.0041809
P54803	Q6WQI6	0	0.0035912
O96006	Q9GZT8	1	0.0061501
Q0VD86	Q9NVV4	0	0.0066886
P05060	Q13724	1	0.0065823
P49757	P05067	1	0.014481
Q16514	P49914	0	0.018575
O96006	O15287	1	0.0036391
Q92560	Q9P0J6	0	0.10147
P35475	Q16612	0	0.050737
P21673	Q13432	1	0.017802
O43541	Q6UB35	0	0.018914
Q7Z5Q5	P82930	0	0.017843
Q16514	P14061	0	0.03114
Q9Y2T3	Q12959	1	0.014558
Q6P1J9	Q15102	0	0.0097847
P02489	P02768	1	0.0033141
O75971	Q9NP97	0	0.0038744
O95990	P48147	0	0.0018677
Q07820	Q92934	1	0.010803
O43929	P24385	1	0.010858
P13727	Q5RL73	1	0.091403
O00253	Q9UBU3	1	0.036766
P35520	Q8IV36	1	0.011876
Q99967	Q16665	1	0.0044169
O43929	Q8WWV3	0	0.0099908
Q02878	Q99558	1	0.010769
P28331	P40926	1	0.0038897
P32971	P03950	1	0.12268
P31785	P60568	1	0.084893
P86791	P46952	0	0.018331
O43914	Q9NY25	1	0.077462
P16383	Q6NUP7	0	0.01237
P62304	P82921	0	0.0081451
Q8N9N8	Q9Y3B7	0	0.041402
Q5XKR4	Q9HD40	0	0.02365
Q15185	P31948	1	0.0082477
O14713	P05556	1	0.023294
O75478	O95990	1	0.010143
Q8TAA9	P27701	1	0.041858
Q6PJT7	Q9UPT5	1	0.013042
P04437	P20963	1	0.065128
P27694	P12004	1	0.0059075
O75971	P14324	0	0.011521
P61218	O43182	0	0.032961
O94906	Q16854	0	0.0053415
Q14134	Q9BRK4	1	0.0062702
Q9UP83	O15553	1	0.013006
O95059	O75818	1	0.0075572
P07602	Q7L5N1	1	0.0021043
Q9H6T0	Q9BU02	0	0.0167
Q96HA8	Q9H773	1	0.010039
Q9BSH3	Q9P0M9	0	0.0085225
Q14696	Q9BYC2	0	0.030541
Q9H611	Q02252	0	0.017493
Q16891	Q9H1I8	1	0.0042059
Q16611	Q07817	1	0.0029383
Q14738	P30154	1	0.0024031
Q92989	P07195	0	0.012705
Q86XR7	P14778	1	0.012462
Q9H8M7	P40939	0	0.013512
Q9BQD3	Q9UPT5	1	0.0082009
Q9UN74	Q5T3J3	1	0.00343
P86791	Q9BRJ2	0	0.012064
Q9UJC5	P82909	0	0.012715
Q14696	Q99819	0	0.016179
Q58WW2	Q07617	0	0.017983
Q5U623	Q9NX18	0	0.030028
Q12996	Q9P0J6	0	0.0044792
P38432	Q8TAP6	1	0.017262
Q12857	P35754	0	0.038645
Q8WUA4	P55084	0	0.048473
Q9UDW3	Q93088	0	0.012504
Q13285	Q9Y3E5	0	0.017796
Q9P0U1	Q9NS69	1	0.0048282
P15848	P62269	0	0.0099589
P10827	Q14749	0	0.0048983
P49917	Q6PRD7	0	0.0089957
Q5MJ70	P62495	0	0.011434
P09012	P26599	1	0.21164
P08697	P59665	1	0.02644
P40189	P08887	1	0.03623
Q15645	P07902	1	0.0079919
P35222	P49768	1	0.0050102
Q9Y294	O75534	0	0.016116
P68400	P04004	1	0.012729
Q8TC92	Q9GZT8	1	0.0044807
Q9UBD5	O96020	1	0.0099541
Q7L590	Q9UBD5	1	0.0098809
O15155	Q13190	1	0.010338
Q92597	P13010	1	0.030959
Q9BSF8	A2A3N6	0	0.013522
Q13416	Q6V1X1	0	0.0028283
P32927	P04141	1	0.055892
Q13416	Q02252	0	0.015032
Q9UI26	P30050	1	0.0063867
P08887	P05231	1	0.051316
Q9NQ34	Q9GZR7	1	0.0083292
O96007	P32969	1	0.004053
P20823	P02768	1	0.0058153
P24666	Q9BYC9	1	0.0011348
Q9BVJ6	Q8NHQ1	1	0.0054579
Q9C002	O15169	0	0.0022972
O43325	Q99551	0	0.0067019
Q9BXL8	Q9BZQ8	0	0.015103
Q00403	O15091	0	0.0092513
Q9BZW8	O43561	1	0.01273
O43809	Q5RL73	1	0.02416
Q96AV8	P15559	0	0.019565
Q9GZS1	O15446	1	0.0024473
P62805	P54136	0	0.045032
Q9GZT8	Q9NTM9	1	0.0020112
P13686	P50591	1	0.023367
Q96RR1	Q9H8T0	1	0.011799
P05423	O75936	0	0.010612
Q96T37	Q13405	0	0.024897
O75818	P78345	1	0.010759
O60671	Q9UHN1	0	0.018748
Q5XKR4	P82930	0	0.024644
P32969	P23396	1	0.0034706
Q8WY64	Q9Y2B0	1	0.0072508
P83369	Q7L3B6	0	0.01919
Q8N807	P56277	0	0.02941
P29084	Q9NP97	0	0.0063485
O43365	P62495	0	0.019495
Q9Y678	P53618	1	0.0074668
Q8NEC5	Q9BQ66	1	0.0025825
Q15650	P03372	1	0.014673
Q02878	O95793	1	0.0090995
Q86VN1	Q96FZ7	1	0.0053811
P17509	P21673	1	0.27558
P15848	Q6UB35	0	0.073677
Q6X4U4	P22004	1	0.019509
P02649	P05067	1	0.0016435
Q8TCJ0	P49753	0	0.0077117
P51946	P35270	0	0.020993
Q05952	Q9NP92	0	0.0045208
Q9BXR5	O95232	1	0.011436
Q9UJX6	Q8NHZ8	1	0.016377
Q9BQ52	Q9H1I8	1	0.019993
Q9UIF7	O60783	0	0.0038804
Q9H5J8	P13995	0	0.012536
Q15834	Q6ZU52	1	0.0052171
P49005	Q9BYC9	0	0.0094244
Q9UI36	Q9HBU6	0	0.019957
Q96JN0	P13995	0	0.014627
Q8N9N5	P35754	0	0.022934
P38432	P61289	1	0.0039812
Q13416	P07195	0	0.01398
Q00577	Q8TDY4	0	0.031959
Q9BRV8	Q9UHD2	1	0.0020651
Q9NVU0	P05423	1	0.005777
Q8IUW5	O95747	1	0.014029
Q01459	Q99819	0	0.025049
P38432	Q9P2K6	1	0.0095028
Q9UGJ1	Q15834	1	0.003239
P62805	Q13867	0	0.041529
Q9NPJ4	Q13285	1	0.011938
O76039	O75936	0	0.019989
Q08722	Q02094	1	0.013863
P68400	P21673	1	0.021556
P0DPB6	O15160	1	0.011724
Q13568	Q9BYD6	0	0.015756
O00115	P48147	0	0.090916
Q8NBJ4	Q9H840	1	0.0082738
Q0VG06	Q96EK5	0	0.0061085
P49789	P22570	1	0.0085543
Q8IXF0	Q9Y291	0	0.053297
Q96AV8	Q08257	0	0.01102
Q00577	Q8TCS8	0	0.026299
Q9UNS2	P58340	1	0.0050604
Q9NT62	O95352	1	0.008984
O60671	P30838	0	0.021311
Q5VWK5	Q9NPF7	1	0.026544
Q9Y5M8	Q96JB5	1	0.0055807
Q6IA17	P51617	1	0.027847
P52272	P06731	1	0.0092897
P21673	Q8IY81	1	0.021021
O60763	O15498	1	0.0036131
Q6UXN9	Q9Y3E5	0	0.0027169
Q6P2C8	O14920	0	0.009276
Q13889	Q9BXI3	0	0.014205
Q96RL1	Q15406	1	0.0086315
Q8NE71	P56537	1	0.0042608
P12004	Q9H5Q4	0	0.0035735
Q4G0F5	Q96QK1	1	0.0097357
Q99689	Q6PGQ7	1	0.0017499
P28300	Q07507	1	0.70133
Q14596	Q9NP79	1	0.028079
Q9H0Q3	Q5RL73	1	0.057176
P05423	Q5EBM0	0	0.018495
P04040	Q9BXR5	1	0.019778
Q8WYA6	Q8NFG4	0	0.011423
P54803	P15374	0	0.001762
Q70SY1	Q8TAU0	0	0.006412
Q92945	O95453	1	0.010386
Q05952	O75880	0	0.0061672
Q13888	Q9HD40	0	0.012632
Q9BXL8	P23921	0	0.01209
O00257	P23921	0	0.022931
Q99705	P20382	1	0.016943
P30154	Q13033	1	0.0034595
P78552	P35225	1	0.087161
P09012	Q9BRA2	0	0.041085
Q9P0K8	Q9H7D7	0	0.030161
Q9BTP7	Q14894	0	0.010314
P27701	P28067	1	0.083379
Q01780	Q7L2H7	1	0.0093489
Q15291	Q6NUP7	0	0.020365
Q92870	P05067	1	0.019735
Q9GZS1	O15160	1	0.0073316
O00499	Q9Y2H0	1	0.012812
Q9BTP7	Q9BY32	0	0.005004
P62805	Q16854	0	0.019197
P13686	Q03013	0	0.080023
O60671	Q9UHD2	0	0.01032
O43543	Q9Y6K8	0	0.028649
P20290	P67870	1	0.0041903
P17509	Q9UHN1	0	0.056764
Q13416	Q9HD40	0	0.012979
P41002	Q9NPB1	0	0.013586
O75506	Q9Y3C0	1	0.0055736
P06746	P82664	0	0.010398
P27694	Q13405	0	0.016823
Q02363	Q5RL73	1	0.016206
Q9H2F5	Q9BYD1	0	0.0081687
Q9H5Z6	Q15834	1	0.0077376
B2CW77	Q96M11	0	0.0043447
Q9UQB8	Q9UKR5	1	0.0036158
O94864	P50135	0	0.0090985
P06400	Q9H5Q4	0	0.013031
O95551	P28908	1	0.049352
P42677	Q9UHY7	1	0.011294
Q9NX01	O75936	0	0.1794
O60232	Q9BVV2	1	0.0079068
O96006	Q9HCN4	1	0.02906
Q6WBX8	O60671	1	0.013632
P06280	Q9Y6K8	0	0.16175
Q13794	Q07817	1	0.0048675
O43633	Q13144	1	0.011706
O60232	P51946	1	0.0096938
Q9P0K8	P21673	0	0.049406
Q8IW19	P49917	1	0.015108
Q92759	Q02252	0	0.016073
O43325	Q16540	0	0.015372
P50897	A2A3N6	0	0.050036
Q96G25	O43513	1	0.0061825
P06400	P30260	1	0.012149
Q9H840	P62304	1	0.0045869
Q9NX46	Q70Z53	1	0.0054676
Q13480	Q07021	1	0.020104
P32780	P03372	1	0.023956
Q53GS9	P30838	0	0.022142
Q05048	Q9Y3E5	0	0.0075647
P67870	O60763	1	0.0042939
Q99460	Q99933	1	0.0020292
P21246	Q9Y6H5	1	0.013303
Q7L5N1	Q53FE4	1	0.0038364
O14832	O00628	1	0.0041465
Q16891	Q9H0I3	1	0.0016006
P02775	Q9UBW8	1	0.016718
Q15464	P31785	1	0.023872
Q8TAE8	Q08257	0	0.0078101
P61218	Q8WUN7	0	0.045421
Q6QNY1	Q9NUP1	1	0.0021873
P06400	Q16533	1	0.016846
O95926	Q14749	0	0.0061955
Q92966	P49406	0	0.014149
Q9UKB5	P35222	1	0.0043713
O43913	Q9UBD5	1	0.012875
P30793	O95433	1	0.0078789
O15379	Q92837	0	0.015275
Q13889	O15169	0	0.022802
P27695	Q9Y676	0	0.0066019
O75396	Q13190	1	0.0043344
Q8IU57	Q8IZJ0	1	0.026501
Q96JN0	Q13867	0	0.02133
P46777	P12081	1	0.012027
P47901	P01185	1	0.036874
Q96JN0	Q08257	0	0.013871
Q969F1	O60239	0	0.024816
P13984	Q9UD71	0	0.013156
Q58WW2	O60783	0	0.011608
P51003	P62258	1	0.002958
Q9H0W9	Q9BYD6	0	0.0066825
Q16891	O15258	1	0.0034431
P02647	P11597	1	0.0045157
Q02363	P30838	0	0.013131
P43351	P15927	1	0.019036
P49771	P36888	1	0.028215
Q96T60	Q9P032	0	0.034329
Q9UIF7	P12004	1	0.004846
Q9BV90	Q6XE24	0	0.058478
P46779	O95793	1	0.011038
Q969N2	Q92643	1	0.043568
Q00577	P35270	0	0.0273
O43913	Q9NVV4	0	0.019757
Q16533	O75170	0	0.007097
Q9H6J7	Q5RL73	1	0.017265
Q8TBR7	Q9UJ14	1	0.005779
