P38871	P33328	1	0.64221
Q08931	P37303	1	0.71257
Q04031	P00937	1	0.79519
P53184	P48836	1	0.89802
P38959	P16892	1	0.94334
P47150	P38705	1	0.90406
P32525	P14724	1	0.46122
P32854	P32607	1	0.71432
P53221	P38254	1	0.92257
Q04412	P46947	1	0.77914
Q04195	P14747	1	0.32683
Q08492	P46995	1	0.56816
P53322	P38970	1	0.24665
P41813	P22224	1	0.12788
Q03774	P52891	1	0.60093
P39926	P32588	1	0.83702
Q03862	P06242	1	0.3874
Q05583	P38249	1	0.78234
Q12518	P32581	1	0.91826
Q04062	P53290	1	0.7221
P38903	P27796	1	0.94676
Q12449	Q07657	1	0.57458
Q04964	P38840	1	0.78148
P40507	P16862	1	0.2051
P32776	P20053	1	0.06652
P40302	P13856	1	0.91205
P42845	P00950	1	0.58429
Q03010	P53086	1	0.60382
Q12277	P38810	1	0.034536
P48510	P04386	1	0.042195
Q12009	Q08729	1	0.83181
P47083	P17536	1	0.96469
P47912	P25367	1	0.5313
P53861	P40484	1	0.76989
Q03954	P47150	1	0.85691
P53743	P21576	1	0.61035
P34077	P32490	1	0.85683
Q08963	P38132	1	0.79914
Q92331	P53865	1	0.82331
Q04930	P39077	1	0.19882
Q06696	P53685	1	0.38208
P47079	P11745	1	0.44579
P39996	P38298	1	0.00018756
P46682	P38855	1	0.20591
P36037	O13539	1	0.72509
Q12129	P53086	1	0.91092
P50086	P38713	1	0.61317
Q03862	Q02260	1	0.1385
P32945	P28817	1	0.89609
P32471	P20435	1	0.024307
Q07418	P08431	1	0.32856
P47165	P12962	1	0.76628
P32523	P16861	1	0.77274
Q06677	P38319	1	0.0057585
P38886	P38149	1	0.72496
P38276	P32364	1	0.28526
Q12152	Q02821	1	0.82489
Q12220	P53930	1	0.21768
Q08726	P00358	1	0.94165
P39937	P16664	1	0.555
P19414	P09624	1	0.87904
Q12020	P14741	1	0.88664
Q03898	P36107	1	0.017919
Q04493	P36018	1	0.78307
Q12330	P15108	1	0.82697
P39715	P09435	1	0.82172
P40515	P12611	1	0.64774
P13045	P00359	1	0.89289
P40204	P38247	1	0.95388
Q08649	P39727	1	0.00034643
Q12017	Q03792	1	0.64966
P38690	P22216	1	0.73033
P53150	P33750	1	0.069417
Q04062	Q03792	1	0.4656
P41816	P33420	1	0.79864
P53297	P16862	1	0.91864
P54199	P40492	1	0.76059
Q03898	Q00539	1	0.69788
Q06631	Q02775	1	0.034503
P40038	P18961	1	0.065993
P25367	P20604	1	0.77036
P40413	P38042	1	0.76365
Q04121	Q03503	1	0.66378
P40095	P32599	1	0.59599
P50275	P40302	1	0.87447
P28795	P04046	1	0.33277
Q12449	P00812	1	0.28209
Q00539	P32800	1	0.32462
P19358	P06700	1	0.59679
Q08144	P53152	1	0.54988
P53941	P32379	1	0.797
Q06410	P40461	1	0.00041246
P39517	P38690	1	0.76262
P53941	P32366	1	0.50781
P53036	P40554	1	0.025155
P40956	P04076	1	0.92735
Q12380	P15705	1	0.1249
P40316	P39682	1	0.42154
Q12329	P33331	1	0.50338
P40462	P38193	1	0.019266
Q12230	P40483	1	0.80163
Q07913	P26755	1	0.014725
Q12241	Q03954	1	0.93019
P33307	P32573	1	0.50985
P38814	P28817	1	0.81144
P32571	P00950	1	0.16117
P35193	P17121	1	0.13077
P37302	P20052	1	0.62841
Q12427	P02293	1	0.42608
P53169	P32588	1	0.77843
Q00684	P32485	1	0.95527
Q04978	P20435	1	0.030171
P43619	P32854	1	0.62548
P53147	P32836	1	0.21756
Q00684	P28006	1	0.26929
Q07084	P32801	1	0.42233
Q12277	P32496	1	0.28893
Q05778	Q00684	1	0.84195
Q12255	Q06137	1	0.21016
Q12265	P24867	1	0.79688
P48606	P16892	1	0.45381
P41814	P00359	1	0.70974
P40003	P38879	1	0.68258
P53130	P38766	1	0.85627
P32468	P20438	1	0.86388
P47045	P26263	1	0.40189
Q12020	P41805	1	0.00090048
Q9URQ3	P13393	1	0.0060609
Q12477	Q06640	1	0.79243
Q12513	P38768	1	0.86653
Q03406	P39875	1	0.013217
P38232	P25298	1	0.63386
P53904	P38247	1	0.83594
Q12142	P25294	1	0.008608
Q05900	P32854	1	0.35479
P53549	P06738	1	0.90461
Q02875	P40555	1	0.67065
Q02948	P10659	1	0.092529
P40204	P33306	1	0.89631
P53130	P39682	1	0.78152
P40517	P39940	1	0.87107
P38690	P33328	1	0.63269
Q08729	P39563	1	0.004107
P40483	P40462	1	0.72959
P32801	P18962	1	0.47611
P53965	P29366	1	0.94456
Q12343	P41896	1	0.0067008
P53847	P25649	1	0.44469
P37370	P31244	1	0.7034
Q05947	P47165	1	0.55283
P53859	P38886	1	0.69
P43603	P30665	1	0.66767
P53258	P15790	1	0.88909
Q08911	P25615	1	0.53128
P23202	P07258	1	0.89913
Q03322	P47041	1	0.92959
Q12152	P47012	1	0.040056
Q04739	Q04199	1	0.017648
Q12044	P53082	1	0.67346
P38352	P24869	1	0.45398
P38261	P36015	1	0.84877
P40574	P39904	1	0.16402
P35181	P32481	1	0.8904
P33199	P32447	1	0.46147
Q12154	P53104	1	0.9654
P40565	P38783	1	0.41824
Q12301	P40314	1	0.0009808
P47166	P33301	1	0.63987
P32457	P08458	1	0.93053
P23642	P23293	1	0.84417
Q06616	Q00582	1	0.81817
P36130	P23287	1	0.63787
P54199	P53739	1	0.91265
P53104	P20435	1	0.0038409
P39743	P19735	1	0.8287
Q04089	P25301	1	0.0017046
Q03920	P36149	1	0.36596
P36124	P15790	1	0.79314
P32345	P18410	1	0.014759
P53910	P38072	1	0.16759
Q03784	P53949	1	0.73529
Q12192	P40054	1	0.011205
Q07471	P27351	1	0.94098
P41808	P40988	1	0.00036962
Q03956	P38232	1	0.68046
P40091	P16892	1	0.95529
P53437	P25453	1	0.0029227
Q03220	P24279	1	0.00028018
Q08732	P10363	1	0.014107
P53740	P53209	1	0.00094971
Q02884	P38883	1	0.3108
P50108	P45819	1	0.67995
Q06551	P53900	1	0.0023542
P46675	P23561	1	0.85008
P40963	P38823	1	0.65618
P40484	P11433	1	0.20034
P47912	P30619	1	0.87963
Q12021	P36005	1	0.89808
P40483	P11709	1	0.83544
Q12285	P12385	1	0.64178
P25635	P19735	1	0.39006
Q12402	P38156	1	0.0013634
P53286	P13663	1	0.9261
P43592	P39079	1	0.68758
P39563	P12688	1	0.0082883
P29340	P06784	1	0.15133
Q05610	P40202	1	0.87655
P38779	P23624	1	0.87036
Q03254	Q02197	1	0.081726
P39531	P00358	1	0.89556
Q07688	P40507	1	0.015438
P50278	P38689	1	0.9022
Q12411	P38768	1	0.8928
P49955	P38200	1	0.76509
P39081	P16664	1	0.11706
Q08966	P50086	1	0.86892
Q05930	Q02196	1	0.63632
P39954	P32787	1	0.00033645
Q99189	Q04839	1	0.48241
P53136	P32074	1	0.56492
Q04305	P53248	1	0.86563
Q08601	P20424	1	0.88272
P40103	P15646	1	0.024175
Q12045	P53834	1	0.92459
P47019	P22543	1	0.016763
Q12330	Q00684	1	0.83767
P49166	P32324	1	0.41794
P53859	P32447	1	0.084084
P38208	P00950	1	0.36093
P45976	P38751	1	0.0050411
Q08004	P25359	1	0.04116
Q08979	Q06151	1	0.17156
Q06624	Q01560	1	0.82757
Q12009	P28007	1	0.87256
Q04601	P20435	1	0.0040868
Q06696	P53298	1	0.64652
P35197	P15108	1	0.78188
Q12033	P18480	1	0.16459
P38922	P18962	1	0.62019
Q12473	P54199	1	0.51385
P38555	P32318	1	0.97508
Q03177	P36520	1	0.0002492
Q06644	Q03860	1	0.037255
Q06340	P14359	1	0.0049644
Q12256	P53739	1	0.15821
Q04031	P39717	1	0.76418
Q03533	P07283	1	0.9191
P39111	P32318	1	0.98138
P32505	P14747	1	0.93273
P40483	P32074	1	0.49889
Q05636	P39967	1	0.46579
Q99210	P38855	1	0.21883
P48525	P32774	1	0.7647
P50108	P47019	1	0.042044
P53011	P38339	1	0.72979
Q06604	P32464	1	0.90409
Q04004	P38273	1	0.022536
Q06408	Q02890	1	0.94979
Q99383	Q07824	1	0.2712
Q07896	P33891	1	0.84226
Q12460	P41805	1	0.00036778
Q03081	P41813	1	0.20095
P53847	P06101	1	0.4337
Q12028	P38313	1	0.88885
P43572	P04386	1	0.0054692
P39016	P38328	1	0.79537
Q07508	P38590	1	0.81137
Q08285	Q03010	1	0.6561
P40096	P38805	1	0.052237
P50106	P27476	1	0.0038065
P40956	P15705	1	0.62385
P50090	P09119	1	0.068145
Q00381	P36049	1	0.8647
Q05024	P10592	1	0.38383
Q04272	P36224	1	0.95594
Q12513	P47117	1	0.89629
P33420	P32563	1	0.13263
P47912	P09938	1	0.8884
P36018	P12945	1	0.47674
Q99394	P34160	1	0.1884
P22336	P00958	1	0.00047665
P35197	P31688	1	0.83152
P41811	P17065	1	0.35155
Q12033	Q03981	1	0.12551
Q12505	P40339	1	0.39133
P36062	P36029	1	0.11396
P39935	P32263	1	0.9315
Q06251	P05453	1	0.8669
P40515	P15108	1	0.8418
Q02825	P53883	1	0.0034244
Q04921	Q04868	1	0.87088
P36010	P32074	1	0.74685
Q08229	P80667	1	0.10348
P32523	P31384	1	0.70182
P41814	P33401	1	0.81419
P42846	P30657	1	0.50664
P38358	O13565	1	0.011247
P38867	P35817	1	0.12664
P38261	P32776	1	0.79273
Q04675	P11938	1	0.00032473
P40368	P18852	1	0.025937
Q03048	Q01939	1	0.60931
P32561	P25569	1	0.018545
Q12028	P19735	1	0.7977
P38132	P25582	1	0.1423
P40202	P32773	1	0.88722
P31412	P25567	1	0.11257
P20433	P07991	1	0.93818
Q12107	P28708	1	0.011406
P38339	P31109	1	0.83387
P38998	P26793	1	0.90316
P54861	P46682	1	0.88895
P53550	P34253	1	0.75693
P41800	P32263	1	0.51938
P42843	P39927	1	0.80576
Q12168	P14904	1	0.94108
P53691	P13711	1	0.8982
Q08438	P50095	1	0.88731
P32794	P00830	1	0.86604
P21182	P17119	1	0.79656
Q08273	P01123	1	0.92359
P41817	P40992	1	0.003342
Q06151	P18851	1	0.068884
Q12063	Q07887	1	0.63434
Q99181	P33419	1	0.69921
Q03956	P38889	1	0.50626
Q00618	P32561	1	0.61315
Q03208	P32389	1	0.0324
P32867	P12754	1	0.83288
P40327	P32490	1	0.90525
Q04199	P22133	1	0.7701
P40103	P38757	1	0.0015312
Q12347	P38998	1	0.74705
P40555	O13553	1	0.41493
Q12468	P43592	1	0.058981
Q08746	P38334	1	0.63252
P18562	P06738	1	0.93087
Q08956	Q02260	1	0.94516
P53145	P40055	1	0.024567
Q12044	P40087	1	0.92163
Q01722	P49956	1	0.0013322
Q00578	P35184	1	0.36077
P38806	P25591	1	0.63402
Q08962	P20435	1	0.02719
P47176	P32835	1	0.92193
P32562	P00830	1	0.85971
P35178	P05318	1	0.93393
Q12129	P22202	1	0.84808
P39107	P18961	1	0.7493
Q12020	P46988	1	0.067487
Q04053	P38291	1	0.081033
P40956	P38788	1	0.43742
Q12343	P36100	1	0.0010529
P42942	P35718	1	0.77083
Q12518	Q12107	1	0.056067
P38555	P32502	1	0.95944
Q04660	P36130	1	0.082916
P40164	P38590	1	0.94215
P15303	P06843	1	0.22724
P80667	P11433	1	0.10863
P53295	P38042	1	0.74048
P42839	P32573	1	0.15941
P32591	P20449	1	0.027658
P33122	P21705	1	0.00075131
Q12163	P40515	1	0.76055
P38129	P13712	1	0.16042
P36100	P21691	1	0.0011118
Q06178	P53867	1	0.012859
P39715	P14907	1	0.8564
P39958	P09232	1	0.78477
P38697	P25491	1	0.9721
Q12241	Q03782	1	0.75906
Q08732	Q03785	1	0.82921
Q06177	P53298	1	0.63197
P36029	P32563	1	0.028276
P37296	P25293	1	0.20782
P49435	P19658	1	0.46431
P53905	P32495	1	0.97469
P38697	P20424	1	0.88445
P32495	P21192	1	0.84286
Q02931	P20438	1	0.12715
Q03012	P36005	1	0.70464
Q12477	Q12473	1	0.56983
Q06525	P34218	1	0.012846
P53236	P38699	1	0.0026969
P40078	P12385	1	0.78987
P40988	P35182	1	0.00030377
P43568	P40350	1	0.6928
Q08729	P53955	1	0.71565
P53145	P30902	1	0.1019
Q12248	P53604	1	0.92219
Q04377	Q03973	1	0.11798
P53152	P50946	1	0.69018
P40471	P11433	1	0.082927
Q03920	P36047	1	0.93108
P38182	P07170	1	0.77765
P43616	P22336	1	0.0012501
P50277	P38874	1	0.0045315
Q08975	P32805	1	0.79586
P34077	P21192	1	0.79544
P41921	P25646	1	0.75868
Q03012	P33311	1	0.43786
Q04272	P48232	1	0.95393
P50094	P33313	1	0.94325
Q07896	P32525	1	0.80042
Q12129	P40164	1	0.89878
P22804	P16661	1	0.039641
Q08444	P36162	1	0.017881
Q06604	P53323	1	0.86141
P49166	P38237	1	0.24701
P39727	P09624	1	0.0005895
Q03758	P38786	1	0.070201
Q04839	P23594	1	0.61062
Q03308	P28707	1	0.58346
P38270	P25649	1	0.2018
P52286	P38013	1	0.82879
P32863	P29056	1	0.0083568
P38204	P06701	1	0.0023692
Q08229	P32505	1	0.64973
Q12518	P38346	1	0.85384
P32379	P07269	1	0.42726
Q04660	P40003	1	0.14598
Q06604	P24482	1	0.88399
Q04005	P00812	1	0.6248
Q03956	P16467	1	0.85858
P41901	P32892	1	0.56636
P36145	P32854	1	0.015112
P32485	P07260	1	0.80552
P53278	P14742	1	0.92838
Q04792	Q04087	1	0.85686
P33297	P22007	1	0.6862
P38822	P37296	1	0.40333
P32350	P14306	1	0.87116
Q02100	P38346	1	0.90978
Q12417	P29509	1	0.93702
Q04121	P13365	1	0.7737
P36024	P34730	1	0.36646
P23059	P06100	1	0.021197
Q02608	P19955	1	0.00023865
Q12368	P28707	1	0.8568
Q02825	P36139	1	0.0045253
P46963	P38310	1	0.023968
P06101	P00817	1	0.51941
P40461	P32867	1	0.00067775
P31385	P05986	1	0.54189
P36149	P32773	1	0.35093
P53965	P38634	1	0.68583
P47116	P40016	1	0.41284
P32842	P32264	1	0.60181
P36124	P35193	1	0.055415
P53130	P47176	1	0.95757
P53604	P18410	1	0.013407
P34164	P13712	1	0.012409
P38805	P07260	1	0.58653
Q12168	P13712	1	0.60829
Q12368	P42935	1	0.35426
P38077	P32464	1	0.89966
P39904	P38555	1	0.73387
P53905	P04807	1	0.96806
P48240	P41920	1	0.75166
P33306	P12688	1	0.85523
P38987	P19454	1	0.90231
Q99383	P38829	1	0.82429
Q03691	P32915	1	0.00042498
P40548	P19414	1	0.1554
Q02205	P51534	1	0.90779
P38237	P08431	1	0.05775
P43637	P09064	1	0.0040778
P38310	P38228	1	0.0091777
Q05568	Q02100	1	0.72867
Q04921	P22213	1	0.68685
P40555	P11433	1	0.39226
P39936	P34909	1	0.86165
P40567	P31688	1	0.79268
Q03900	P41810	1	0.17516
Q03774	P19262	1	0.67921
Q08817	P39966	1	0.87568
P40095	P39925	1	0.69966
P38932	P33895	1	0.54419
Q12460	P48606	1	0.20382
Q06163	P23639	1	0.92529
P25555	P07170	1	0.85078
P51601	P33203	1	0.92889
P32802	P31244	1	0.0010059
P50113	P38282	1	0.28724
Q00764	P14359	1	0.015418
P53176	P39547	1	0.0081194
Q04005	P38991	1	0.90143
P39935	P33891	1	0.89901
P40988	P30624	1	0.00030817
P48239	P20438	1	0.69841
P38840	P32527	1	0.85061
P40155	P36131	1	0.00062437
P54861	P39940	1	0.81232
P53221	P23594	1	0.97346
Q03784	P09624	1	0.79054
Q08931	P53894	1	0.77182
Q12199	P16140	1	0.32337
P39008	P38783	1	0.040609
P38070	P26448	1	0.84541
Q04411	O13553	1	0.0010709
Q03503	P14742	1	0.88284
Q12041	P23639	1	0.78035
P38232	P33199	1	0.41488
P39935	P34217	1	0.90862
Q05610	P39107	1	0.63782
Q08951	Q03981	1	0.37885
P40339	P38324	1	0.27681
P25343	P06242	1	0.88859
Q02948	P34758	1	0.061717
P38810	P20081	1	0.39809
Q06408	P12385	1	0.88001
P33338	P04147	1	0.81092
P38720	P38217	1	0.92197
P25657	P08458	1	0.093675
Q03010	P38690	1	0.60069
P32583	P32259	1	0.0013871
Q06624	P21243	1	0.75451
Q07844	P38861	1	0.093401
P41810	P00817	1	0.75751
Q04651	P38903	1	0.013199
P57744	P40360	1	0.00941
Q00578	P32571	1	0.22512
P38879	P27515	1	0.88379
Q06704	P32854	1	0.52908
P53068	P36139	1	0.89711
P53032	P25694	1	0.05399
P53250	P36018	1	0.80983
Q12017	P34087	1	0.92087
P46655	P38182	1	0.72106
P40479	P40160	1	0.61592
Q08550	P32895	1	0.69129
P54786	P32581	1	0.60406
P53912	P38627	1	0.95821
Q12055	P36973	1	0.95959
P40005	P32324	1	0.9102
P40510	P40455	1	0.0035071
P57744	P05626	1	0.0031011
Q08649	Q03532	1	0.20788
P40892	P35198	1	0.7233
P53185	P23293	1	0.93134
Q12318	P32328	1	0.28002
P36018	P27351	1	0.9303
P48568	O74700	1	0.0021138
P36018	P33338	1	0.90495
Q03774	P36131	1	0.03091
P43593	P04147	1	0.42998
P89102	P39984	1	0.22742
P40009	P07560	1	0.54564
P32074	P09734	1	0.82375
P50108	P40518	1	0.86544
Q00578	P39946	1	0.4517
P40567	P38070	1	0.8685
P49435	P18851	1	0.88191
Q12460	P33313	1	0.73634
Q02100	P31383	1	0.87342
Q12241	Q04199	1	0.70152
P38041	P27614	1	0.77331
Q04894	P27636	1	0.91053
P38793	P38237	1	0.49894
P53258	P06169	1	0.89754
P38705	P25333	1	0.81569
P46995	P32628	1	0.89478
P53197	P14741	1	0.84416
Q08723	P20606	1	0.71405
P53199	P08458	1	0.77458
P53834	P10622	1	0.96001
P39551	P36057	1	0.0017027
P25491	P10592	1	0.90792
Q12330	P39927	1	0.76833
Q04921	P32945	1	0.86008
Q12151	P40956	1	0.78421
P41814	P38328	1	0.12315
P39707	P08524	1	0.0022933
P53238	P38759	1	0.17995
Q03503	P32917	1	0.12589
P25808	P21268	1	0.11511
Q06449	P38232	1	0.73592
P47176	P25615	1	0.45235
P41811	P39967	1	0.40334
Q03750	P21957	1	0.0066466
Q00362	P46948	1	0.35987
P43561	P16862	1	0.24766
P34110	P26570	1	0.87888
P53968	P25649	1	0.13755
P40328	P32324	1	0.7871
P38720	P09938	1	0.94642
Q06102	P39723	1	0.86388
P38229	P32793	1	0.68113
P46669	P26188	1	0.010281
Q12318	P47122	1	0.84125
Q12098	Q07623	1	0.01756
P47912	P38792	1	0.88119
Q06324	P24482	1	0.34372
Q12310	P28006	1	0.41187
Q12256	P53163	1	0.16838
Q05670	P38193	1	0.0091684
P29461	P07274	1	0.86033
Q04562	P53865	1	0.0019897
P38801	P06104	1	0.023081
P37012	P14832	1	0.74465
P38346	P15646	1	0.86467
Q03254	P52553	1	0.57915
Q04368	P53271	1	0.76169
P40096	P38801	1	0.081027
P31382	P25582	1	0.034344
P42951	P35197	1	0.75905
P52286	P06839	1	0.71683
P53316	P40988	1	0.00024237
Q06251	P53968	1	0.45288
P33203	P18759	1	0.6577
Q05874	P32366	1	0.82109
P40007	P06839	1	0.0010854
Q12078	P34160	1	0.54005
Q99210	P15108	1	0.8658
P38748	P09032	1	0.77448
P33411	P12611	1	0.54911
P38313	P25584	1	0.044134
P36049	P14724	1	0.047733
P40055	P30619	1	0.13777
Q12163	Q06137	1	0.64056
Q12415	P38960	1	0.00078983
Q06704	Q04894	1	0.84822
P47041	P20459	1	0.85622
P38247	P05694	1	0.78557
Q00618	P19073	1	0.80208
Q02199	P34160	1	0.81377
Q08581	P53199	1	0.71558
Q04307	P06778	1	0.0013354
P32776	P32349	1	0.04448
Q07915	P40963	1	0.80402
Q03976	P32944	1	0.00094955
Q08873	P53968	1	0.21853
P47116	P38855	1	0.10102
P53278	P12945	1	0.54795
Q05947	P47117	1	0.33525
Q04225	P33301	1	0.035132
Q03630	P53322	1	0.21015
Q04062	P05453	1	0.73181
P53316	P38339	1	0.74446
Q03012	P40009	1	0.24595
P38291	P14306	1	0.43223
P40461	P04046	1	0.00032096
P38344	P00331	1	0.92276
P46672	P38328	1	0.50968
P53211	P32863	1	0.00023151
P47150	P43568	1	0.9235
Q06001	P38962	1	0.00077765
Q12161	P38699	1	0.0015189
P53082	P33399	1	0.75147
P39079	P33311	1	0.74833
P38822	P32783	1	0.66767
P40988	P14126	1	0.00026407
Q03656	P32432	1	0.61395
P23394	P15790	1	0.73373
P47041	P34164	1	0.034258
Q12084	P32945	1	0.96369
Q12134	P00812	1	0.11474
P46962	P18494	1	0.39885
P53829	P43593	1	0.58281
Q03654	P33750	1	0.39461
Q03691	P40319	1	0.0012149
Q12055	P25294	1	0.76263
P53313	P38705	1	0.87219
Q03162	P26263	1	0.71295
P43563	P38766	1	0.35542
P40328	P32491	1	0.88009
P38237	P20133	1	0.55832
P48582	P38165	1	0.75334
Q03792	P18410	1	0.010902
P47050	P20604	1	0.042031
Q12420	P34253	1	0.1572
Q07471	P06242	1	0.94751
P32864	P07834	1	0.59673
P23639	P00330	1	0.95653
P11484	P00330	1	0.89474
P49686	P32500	1	0.55895
P36121	P34218	1	0.01554
P33328	P25341	1	0.66683
Q00362	P22204	1	0.30787
P43586	P20424	1	0.92395
P33311	P18961	1	0.53022
Q06512	Q03900	1	0.38845
Q06178	P40204	1	0.3888
P38970	P36015	1	0.27552
Q99385	P34730	1	0.85006
P38793	P38293	1	0.049853
P33311	P32471	1	0.78644
Q12084	P18759	1	0.86767
P32838	P32494	1	0.010287
P40362	P25649	1	0.17317
Q08208	P32867	1	0.82078
P47019	P32481	1	0.27745
Q03330	P40492	1	0.016802
Q12168	P32490	1	0.90351
P53847	P34253	1	0.58072
P49704	P25657	1	0.029056
Q04868	P40316	1	0.51287
Q04411	P47057	1	0.069069
P32264	P28791	1	0.32214
P50105	P50104	1	0.00089672
P53163	P47017	1	0.96005
P39940	P32867	1	0.70855
Q08649	P38783	1	0.02772
Q04792	P40018	1	0.93497
P53743	P09798	1	0.58018
Q12518	P34077	1	0.84298
Q00362	P53086	1	0.32746
P47134	P00445	1	0.33484
P42839	P32867	1	0.7584
P53283	P39016	1	0.35813
P40507	P00729	1	0.040334
P25615	P10363	1	0.0044839
Q02555	P32389	1	0.0066888
P53159	P11709	1	0.10446
P53904	P53865	1	0.56467
Q06168	P38429	1	0.0033522
Q05775	P00560	1	0.81845
P42843	P20606	1	0.87706
Q02931	P38287	1	0.028503
P47079	P39077	1	0.12839
Q03920	P04456	1	0.8124
P38149	P07274	1	0.85531
Q06160	Q03337	1	0.23717
Q03322	P53036	1	0.90599
Q99257	P23594	1	0.92996
Q12309	P38699	1	0.013178
P53271	P41318	1	0.66984
P47822	P32838	1	0.17273
P36015	P32861	1	0.95487
Q08215	P41816	1	0.85994
Q12149	Q04226	1	0.0018856
P43593	P39707	1	0.00081384
Q05670	P46962	1	0.25479
Q01590	P53159	1	0.091623
Q00245	P28007	1	0.94406
Q05568	P07283	1	0.84359
P18494	P11709	1	0.8924
Q04651	P51996	1	0.015949
P25694	P11745	1	0.87413
P40078	P39008	1	0.89521
Q12224	P35189	1	0.46683
P53738	P46655	1	0.69743
Q03956	P54885	1	0.86743
P41811	P01123	1	0.91439
P38708	P25615	1	0.39862
P39926	P32450	1	0.52623
P53924	P34164	1	0.066137
Q12152	P53100	1	0.87867
Q02256	P14742	1	0.8358
Q99385	P43587	1	0.82582
P41813	P32496	1	0.097022
Q06451	P38313	1	0.14935
Q12446	P16658	1	0.60137
P53207	P43593	1	0.1366
Q12265	Q12260	1	0.86132
Q12028	P32591	1	0.21975
Q07381	P07258	1	0.71428
P38788	P25808	1	0.026579
P40959	P25369	1	0.82085
Q12368	P25294	1	0.64591
P46947	P13712	1	0.056186
Q02884	P38310	1	0.0070492
P32905	P24870	1	0.86978
P53032	P36017	1	0.020042
Q08287	P53147	1	0.041704
P32911	P16892	1	0.87657
Q08492	P09798	1	0.30658
Q03533	P40013	1	0.90559
Q99207	Q02196	1	0.87856
Q08245	Q07418	1	0.80784
Q06679	P28707	1	0.65924
P39998	P15891	1	0.63837
P53145	P19262	1	0.37546
P38768	P34730	1	0.70227
Q12522	P54199	1	0.86964
P38774	P38301	1	0.47031
Q05024	P53600	1	0.51985
Q04005	P25657	1	0.080693
P50091	P40339	1	0.43564
Q05080	P38766	1	0.77981
Q12264	Q03503	1	0.00091863
Q12009	P53550	1	0.90725
P12688	P09938	1	0.79648
Q12124	P32802	1	0.00073833
P47019	P25559	1	0.0079842
P53731	P38291	1	0.019374
P28239	P10566	1	0.125
P53261	P38879	1	0.19564
P38801	P36118	1	0.061581
P38219	P36005	1	0.94196
Q08285	P32590	1	0.76766
P26755	P25299	1	0.0080958
P47045	P13856	1	0.41827
Q06640	Q03088	1	0.90448
Q08963	P06244	1	0.95634
Q06410	P06101	1	0.6303
P47160	P38861	1	0.29659
P23638	P00899	1	0.94724
Q06568	Q04322	1	0.78522
P32364	P25586	1	0.79171
Q01590	P47165	1	0.92098
P38013	P27801	1	0.73367
P52910	P38996	1	0.86007
P29469	P07283	1	0.68981
Q12390	P46948	1	0.88546
P39926	P22336	1	0.0014177
P41277	P18898	1	0.85033
P36147	P19955	1	0.00018866
P50104	P25632	1	0.0012788
P35178	P25515	1	0.90889
P36139	P32527	1	0.76838
Q03899	P25646	1	0.65944
P32450	P25555	1	0.68714
Q12417	Q12098	1	0.038725
P36145	P30771	1	0.0057325
Q08723	P38217	1	0.64787
P47019	P32523	1	0.039519
P36145	P11709	1	0.021347
P38063	P04387	1	0.78177
Q12482	P39515	1	0.0021336
P41814	P06779	1	0.78581
P35727	P34223	1	0.21522
P38794	P21965	1	0.70138
P40164	P06103	1	0.78511
Q12175	P39081	1	0.17106
P39108	P38959	1	0.5646
P50944	P28006	1	0.1349
Q04031	P10659	1	0.91658
P39076	P36124	1	0.78802
P32895	P32605	1	0.82298
Q06616	P29366	1	0.90406
Q04673	P07272	1	0.009176
P47912	P39937	1	0.80039
Q12285	P24783	1	0.64306
Q06616	P23624	1	0.8866
Q04377	P40484	1	0.83998
P36029	P32328	1	0.24871
P40507	P38788	1	0.008122
P40482	P09734	1	0.84373
P40217	P21801	1	0.79891
Q02199	P50277	1	0.63815
Q08235	P39962	1	0.47744
Q12330	P38774	1	0.86391
Q12318	P53032	1	0.0029119
Q04373	P32366	1	0.57757
P33328	P14736	1	0.36633
Q06168	P38781	1	0.00046707
P06843	P00330	1	0.91706
P53130	P40564	1	0.71734
P38288	P23776	1	0.00037601
Q04089	P40957	1	0.5376
Q06679	P38165	1	0.3873
P38863	P29703	1	0.29146
P43568	P38682	1	0.89526
P40574	P39743	1	0.67609
P38751	P13902	1	0.00090843
Q12082	P38744	1	0.00022234
Q08749	P38072	1	0.0069564
P53129	P39958	1	0.072938
P53949	P38328	1	0.72663
P38193	P28743	1	0.017823
P53256	P14126	1	0.80967
Q03973	P14724	1	0.011801
P17629	P16892	1	0.84408
P53124	P32590	1	0.2512
P38237	P18851	1	0.23354
P53968	P25333	1	0.7567
Q12134	P50946	1	0.13037
Q03782	P41808	1	0.75864
P47117	P33755	1	0.32962
P53974	P08431	1	0.31894
P39929	P21268	1	0.87762
P39936	P23968	1	0.21354
P40335	P38805	1	0.18578
P53061	P25046	0	0.013807
P20457	P06775	0	0.20839
P33301	P32610	0	0.12366
Q12241	P38902	0	0.07754
Q04062	P40455	0	0.69831
Q01080	P32578	0	0.033979
P46669	P21672	0	0.46733
P40561	P38910	0	0.11592
Q04370	P53108	0	0.00056325
P39517	P07272	0	0.026757
P38910	P33754	0	0.0091436
P38877	P11710	0	0.072743
P35727	P32828	0	0.6649
P38784	P00950	0	0.011063
Q03177	P17695	0	0.096496
Q02199	P38727	0	0.0060416
P38720	P32797	0	0.061894
P32803	P32628	0	0.010218
Q12380	P18238	0	0.17234
Q12270	P07390	0	0.0042388
Q02256	P04911	0	0.11086
P25453	P25294	0	0.49745
P57744	P53865	0	0.043628
P46947	P05626	0	0.00092707
Q04368	P32387	0	0.036557
P34224	P00549	0	0.00068167
P40167	P02294	0	0.44518
P39952	P30665	0	0.0013181
Q03976	P32829	0	0.0014913
P54784	P38764	0	0.23485
P39107	P28320	0	0.6699
P53337	P53100	0	0.0010743
P53061	P18494	0	0.68469
P50105	P00431	0	0.002623
P39010	P38637	0	0.014666
P43545	P29311	0	0.11419
P38776	P27705	0	0.15692
P38729	P32801	0	0.092662
P38886	P20050	0	0.34942
Q02204	P24867	0	0.01376
Q03081	P38953	0	0.0043442
P32529	P11746	0	0.00022765
Q04847	P36147	0	0.00019333
Q12021	Q04697	0	0.021335
P40316	P36057	0	0.36282
P38810	P21304	0	0.0095669
P46671	P33301	0	0.016834
P32629	P25045	0	0.67693
Q05787	P53238	0	0.021685
P38523	P16661	0	0.033968
Q07986	P53952	0	0.0031709
P48837	P38351	0	0.71256
Q03656	P39954	0	0.19037
P38254	P32486	0	0.083328
Q12004	P15705	0	0.9438
P33311	P16151	0	0.0007121
Q05911	P53295	0	0.92989
Q07980	P25341	0	0.137
P40510	P38822	0	0.39901
Q03323	P38785	0	0.00069614
P38881	P38276	0	0.15818
Q12063	P53337	0	0.00085428
P38682	P21705	0	0.011971
Q12349	Q06624	0	0.00013407
P53181	P38620	0	0.0065403
Q12327	P50086	0	0.00038148
P38313	P10507	0	0.026464
P43609	P17709	0	0.0028589
P41697	P18900	0	0.95614
P53207	P40077	0	0.11763
P39551	P32389	0	0.00044798
P36162	P32836	0	0.82395
Q12018	P25297	0	0.15867
Q08923	P22203	0	0.55733
P40355	P33328	0	0.058597
P43560	P32366	0	0.5646
P32838	P31244	0	0.53211
P32379	P04786	0	0.69118
P25575	P22214	0	0.00065327
P53549	P53045	0	0.024518
Q12495	P06243	0	0.67655
Q05027	P40018	0	0.0069437
P39011	P10081	0	0.78353
P40958	P06839	0	0.055705
Q04921	P53253	0	0.72234
Q12361	Q07084	0	0.0044701
P32480	P00128	0	0.052671
P40513	P40492	0	0.012831
P38130	P23968	0	0.089139
Q02574	P38301	0	0.0075266
P52960	P01123	0	0.0024328
Q06525	P53857	0	0.019459
Q08446	P38085	0	0.20027
P47166	P04819	0	0.66868
P36024	P25046	0	0.15659
Q01722	P40495	0	0.3335
P47115	P40573	0	0.86541
Q12262	Q08496	0	0.78976
P32578	P00420	0	0.0030755
Q05947	P53233	0	0.26037
Q01217	P47124	0	0.12227
P38872	P38288	0	0.0011677
P53323	P46961	0	0.0021413
P53145	P05375	0	0.00067665
P53437	P40070	0	0.20468
P35191	P12945	0	0.31219
P38636	P07213	0	0.52625
Q12208	P38819	0	0.0011978
P53941	P02294	0	0.24578
P38759	P36104	0	0.22695
P34224	P32447	0	0.00031709
Q06102	P54791	0	0.50515
Q12006	P29340	0	0.0048224
P28707	P08456	0	0.017117
Q08980	Q05568	0	0.0047664
P38729	P36160	0	0.20582
Q02336	P53628	0	0.043447
Q04749	P25579	0	0.69077
Q05031	P38700	0	0.0012899
P53952	P53258	0	0.1548
Q06406	P53750	0	0.037511
P16451	P10592	0	0.19372
P53064	P18238	0	0.182
Q07478	P36172	0	0.046144
P33204	P13259	0	0.0040049
P53108	P38063	0	0.0034492
Q04636	P27614	0	0.069929
Q08975	P38889	0	0.81453
P81449	P23594	0	0.0064865
Q99314	P39966	0	0.38301
P46956	P00359	0	0.013206
P25453	P22543	0	0.24412
Q12230	Q02776	0	0.49284
P40455	P38744	0	0.0012667
P35190	P35189	0	0.90149
Q99382	P32912	0	0.00071064
Q12300	P52910	0	0.28848
Q06251	Q04603	0	0.057077
P53961	P38991	0	0.0030717
P53973	P20435	0	0.00075161
P33201	P32897	0	0.10391
P53337	P45819	0	0.0018056
P47822	P32481	0	0.73813
P47123	P39990	0	0.3082
P47185	P14922	0	0.19114
P53152	P22135	0	0.066115
Q08109	P28004	0	0.0027373
Q00711	P22517	0	0.94942
P38089	P29468	0	0.79951
P32859	P24868	0	0.0032605
P53286	P23179	0	0.45643
Q03063	P53237	0	0.14066
P53136	P10961	0	0.027369
P53939	P01119	0	0.92901
P40151	P19880	0	0.0014344
P40485	P38867	0	0.74043
Q08975	P47160	0	0.84996
P45976	P38203	0	0.12638
P38351	P38077	0	0.0011365
P35198	P32641	0	0.0041084
Q06324	P35718	0	0.41571
Q07993	P38915	0	0.91036
Q04195	P14922	0	0.034726
P42884	P04817	0	0.19916
P38273	P14922	0	0.011685
Q04233	Q02516	0	0.0041816
Q12157	Q03920	0	0.76228
Q06344	Q02199	0	0.78781
P52491	P35179	0	0.0025986
Q08956	P41895	0	0.26378
P31378	P22214	0	0.0005052
P39936	P17505	0	0.69074
Q03785	P53740	0	0.0003977
P49686	P21827	0	0.54737
P38953	P04786	0	0.00080146
P38070	P35817	0	0.23829
Q06339	P21965	0	0.7096
P43596	P40965	0	0.0037991
P39101	P33322	0	0.81722
P39735	P16547	0	0.31595
P43613	P25451	0	0.0031079
Q03533	P28000	0	0.085578
P40343	P06738	0	0.67378
P40555	P38695	0	0.16645
Q12035	P48581	0	0.010019
P39003	P06774	0	0.22133
Q03254	P00420	0	0.0023168
P47132	P25646	0	0.00097433
P47110	P39008	0	0.065385
Q12059	P46985	0	0.71593
P53857	P09938	0	0.49385
Q04053	P38699	0	0.006722
P38719	P06783	0	0.0017797
P38723	P07560	0	0.038402
Q06675	P38962	0	0.0009783
P43682	P42941	0	0.015548
Q08550	Q06344	0	0.25974
Q04935	P36130	0	0.00048888
P46681	P36130	0	0.19452
Q01454	P36125	0	0.00096853
P48566	P43572	0	0.31182
P38351	P16861	0	0.11519
Q04964	P53070	0	0.88569
P29703	P25453	0	0.38117
P13517	P06775	0	0.29898
P47150	P33767	0	0.0015809
Q04673	P19882	0	0.62495
P43572	P32581	0	0.45467
Q02608	P20795	0	0.00078663
P50078	P40957	0	0.63538
Q08245	P39547	0	0.0034861
Q01454	P07274	0	0.80482
P53731	P47132	0	0.00070612
P38842	P34238	0	0.0013075
P40969	P25567	0	0.019337
P53344	P33306	0	0.0071632
P32562	P02309	0	0.015963
Q03976	P36162	0	0.0015619
Q02895	P38814	0	0.12206
Q06169	P21691	0	0.0022693
Q12262	P36172	0	0.026315
P40475	P38217	0	0.068904
Q07084	P25579	0	0.49609
Q03656	P04911	0	0.14583
Q07914	Q02197	0	0.00014536
P48525	P25580	0	0.14553
Q03407	P32797	0	0.11948
P43682	P32783	0	0.0021441
Q02784	P52919	0	0.76645
P53389	P39727	0	0.0063405
Q03761	P38431	0	0.67946
P46957	P32499	0	0.066814
P39550	P34234	0	0.00021345
Q02775	P02400	0	0.92739
P36145	P11710	0	0.005151
Q07921	Q04031	0	0.06011
P53299	P38991	0	0.00135
P53243	P42934	0	0.0658
P40965	P32641	0	0.00081873
Q03656	P16370	0	0.14161
Q03208	P26263	0	0.46576
Q05958	P38953	0	0.016183
P32570	P23639	0	0.24677
P53337	P11745	0	0.0011991
P46954	P40475	0	0.0030595
Q03220	P54862	0	0.21804
Q99260	P21304	0	0.20961
Q06005	P50108	0	0.48903
P38729	P38720	0	0.30776
P47132	P25367	0	0.0011456
Q12300	P51601	0	0.16333
P39704	P32899	0	0.0039081
P43535	P32838	0	0.72717
Q06168	P38627	0	0.12712
Q06096	Q06005	0	0.085429
P23285	P15891	0	0.029648
P53244	P31377	0	0.12478
P39108	P38784	0	0.33493
Q07509	P12904	0	0.00076932
P40483	P32529	0	0.00024281
Q03920	P42946	0	0.0011189
P38121	P25649	0	0.01264
P39996	P35172	0	0.00046762
P40164	P00420	0	0.0035665
Q06644	P25605	0	0.0062807
P43609	P22213	0	0.00098687
Q12233	P50275	0	0.00366
P36121	P07347	0	0.075836
P06243	P00410	0	0.13486
P38182	P16151	0	0.00063584
P53100	P29468	0	0.80033
P38636	P38072	0	0.52695
Q04368	P32859	0	0.0018066
P38272	P38265	0	0.015484
Q03010	P07273	0	0.010361
P53437	P53252	0	0.03568
Q12035	P00931	0	0.94241
P49573	P32828	0	0.03023
Q01329	P00420	0	0.0037
P43609	P40038	0	0.00098404
P47165	P40496	0	0.97684
Q12142	Q08986	0	0.059506
P53954	P21374	0	0.1213
P47185	P40518	0	0.22677
Q07350	P23585	0	0.18231
P52919	P39996	0	0.00094742
P37366	P13586	0	0.57495
P40187	P09435	0	0.26948
Q02206	P40055	0	0.0098261
P40517	P40319	0	0.0006157
P53215	P01119	0	0.33519
Q00916	P38138	0	0.23196
Q12361	P41318	0	0.019158
P32939	P16451	0	0.20323
Q06449	P25301	0	0.52895
Q00539	P19358	0	0.91563
Q08683	Q03758	0	0.0026068
Q12138	Q04651	0	0.0058171
P38629	P04386	0	0.0039794
Q04003	P53901	0	0.43319
Q06137	P32836	0	0.92623
Q12151	Q07921	0	0.049038
Q08287	P53142	0	0.19551
P53437	P07260	0	0.027368
P39998	P36034	0	0.0092326
P47150	P25847	0	0.014276
Q12265	Q12157	0	0.93337
Q12223	Q08496	0	0.003331
Q03940	P16387	0	0.61525
P47052	P33329	0	0.94328
P34161	P32368	0	0.068106
P38251	P30771	0	0.0046314
Q08446	P30283	0	0.071012
P57744	P40483	0	0.020667
P54999	P20050	0	0.11535
Q7LIF1	P18480	0	0.013014
Q12071	P35193	0	0.018738
Q12434	P53215	0	0.75689
P38855	P32341	0	0.0055006
Q92331	P41817	0	0.0030813
P53953	P39955	0	0.3551
P47049	P32801	0	0.21941
Q12424	P39001	0	0.24742
P46678	P00445	0	0.11526
P43604	P40495	0	0.0010379
Q03776	P34238	0	0.00042002
Q03063	P32911	0	0.57214
Q12285	P18239	0	0.19334
Q06205	P38705	0	0.0144
Q99383	Q03455	0	0.002662
P21242	P10961	0	0.29984
Q12420	P25847	0	0.011846
P53096	P40513	0	0.00088392
P53176	P00330	0	0.0020612
Q08911	P87284	0	0.0014463
Q12464	P11914	0	0.00039172
Q05027	P05375	0	0.00042922
P40478	P32504	0	0.29241
P53912	P33301	0	0.91451
Q03900	P53954	0	0.030621
P34238	P00899	0	0.0012563
P53231	P46678	0	0.00040473
Q08193	P49686	0	0.018971
Q06001	P04386	0	0.0017039
P32569	P06781	0	0.055826
Q12233	Q06436	0	0.0010767
P35191	P32939	0	0.83316
P38298	P20604	0	0.00066218
P36520	P23394	0	0.00022317
Q08496	P32828	0	0.82515
P35189	P15424	0	0.027904
Q03785	P12887	0	0.0047481
Q08873	P12887	0	0.010615
Q04226	P47187	0	0.0019524
Q12262	P53169	0	0.14612
Q12460	P13259	0	0.043031
P23059	P07703	0	0.54854
Q03579	P22035	0	0.019975
P53859	P40478	0	0.35573
Q04673	P38794	0	0.089254
P38960	P18239	0	0.11633
Q06217	P32803	0	0.0034424
Q04673	P52891	0	0.30297
Q12206	Q02732	0	0.063696
Q12300	P17106	0	0.13583
Q05580	Q03213	0	0.074048
P54790	P50945	0	0.00015156
P35723	P34240	0	0.00095796
P47129	P38860	0	0.18896
Q12335	P38064	0	0.00026658
P53297	P38353	0	0.02674
Q07084	P47074	0	0.28404
P53941	P38130	0	0.27991
P25575	P25376	0	0.21657
P25502	P19955	0	0.00019654
P47134	P41817	0	0.0024361
P43581	P39967	0	0.16538
P40478	P32496	0	0.10246
P47150	P38744	0	0.0014023
P48232	P28519	0	0.009113
Q08980	P22133	0	0.017081
P54862	P26263	0	0.21337
Q12157	Q04322	0	0.87965
Q12518	P19358	0	0.97404
Q12149	Q08004	0	0.052757
P36129	P32898	0	0.00074021
P53965	P40357	0	0.90583
Q12222	P52488	0	0.2004
P40475	P22203	0	0.045822
Q03373	P32504	0	0.17373
P39875	P27705	0	0.40496
P53181	P39954	0	0.010611
Q03774	P53878	0	0.068807
Q06344	P48836	0	0.16035
Q03048	P54837	0	0.007324
P47042	P32366	0	0.59605
Q03900	P35817	0	0.01538
P43555	P40529	0	0.062707
Q03455	P10592	0	0.0020238
P43562	P23285	0	0.35315
P40103	P30606	0	0.088603
Q08558	P33335	0	0.035148
Q06245	P40343	0	0.57813
Q12233	P32793	0	0.0019163
Q08465	Q06549	0	0.65639
Q08749	Q01560	0	0.0014609
P46678	P36131	0	0.0056404
Q06628	Q02776	0	0.61885
P40356	P33311	0	0.54358
Q08902	P40518	0	0.014799
P49573	P46954	0	0.00055776
P53890	P32859	0	0.0012819
Q02516	P40217	0	0.028031
P32599	P23776	0	0.0010917
Q01217	P32602	0	0.78932
P23585	P19454	0	0.18567
P53743	P34218	0	0.09578
Q12499	Q12157	0	0.89242
Q00381	P38784	0	0.17615
P47166	P42846	0	0.58173
Q08921	P40356	0	0.75443
Q02875	P47042	0	0.28352
Q12321	P53011	0	0.020482
Q12028	P10507	0	0.16562
P40341	P25294	0	0.35563
Q99207	Q02516	0	0.015391
P47187	P19454	0	0.024026
P53171	P36000	0	0.002234
P33311	P27999	0	0.0035864
Q03497	P37838	0	0.61613
P38820	P36084	0	0.46401
Q06488	P35182	0	0.83068
Q03435	P39079	0	0.30786
Q12154	P17106	0	0.16975
P43569	P13574	0	0.66768
Q03323	P02557	0	0.0015887
Q12174	P47083	0	0.0093991
Q02555	P47025	0	0.035821
Q03702	P23644	0	0.37057
P38629	P25046	0	0.0041165
Q02336	P38789	0	0.017028
Q08966	P40970	0	0.54854
P38152	P20134	0	0.12221
P36013	P34218	0	0.7571
P53167	P39016	0	0.12835
P38138	P36149	0	0.019875
Q06525	P05453	0	0.59101
P25441	P12904	0	0.3749
Q07732	P32832	0	0.088553
P23337	P06780	0	0.52639
P38872	P28320	0	0.018001
Q06216	P28519	0	0.037196
P40509	P40360	0	0.22009
Q03263	P15992	0	0.01771
Q05958	P08638	0	0.0061943
P46675	P06775	0	0.39469
Q12336	P47822	0	0.0010594
Q06344	P39081	0	0.17984
P22517	P01119	0	0.93076
Q07376	P16370	0	0.0021393
Q07478	Q04964	0	0.70275
P53740	P32349	0	0.00030525
Q05670	P53215	0	0.37772
P32602	P25045	0	0.68281
P54786	P41546	0	0.0038731
Q02204	P36018	0	0.0023817
P53197	P21705	0	0.0070273
P36116	P32565	0	0.78516
P47019	P10823	0	0.0046054
P53616	P13902	0	0.00012276
Q06677	P40339	0	0.10003
Q9URQ3	P14907	0	0.77566
Q99190	P32480	0	0.0030204
P53174	P32481	0	0.00054113
P53750	P52917	0	0.0049284
Q02776	P53150	0	0.011555
P32807	P17065	0	0.019762
Q03758	P32583	0	0.00186
P19880	P15424	0	0.0093785
Q04110	P25346	0	0.12031
P33335	P32366	0	0.039817
Q06488	P38910	0	0.00053666
Q02784	P40965	0	0.45276
Q12255	P43545	0	0.018789
Q03750	Q03656	0	0.68549
P47038	P00830	0	0.013908
Q06648	P28496	0	0.0089662
P47005	P29056	0	0.40169
Q12692	P53168	0	0.22916
Q06525	P32500	0	0.0041334
Q08553	Q08229	0	0.0058782
P53971	P38781	0	0.002552
P53159	P47152	0	0.0017428
P06103	P00128	0	0.12998
Q12158	P53168	0	0.53298
P33122	P15873	0	0.18777
P50111	P16474	0	0.30675
P47115	P07170	0	0.89001
Q08949	P38130	0	0.02443
P48439	P20050	0	0.001726
P52960	P22543	0	0.0012074
P38774	P33421	0	0.00025059
P38703	P31539	0	0.0018216
P47011	P40090	0	0.68424
Q12440	P35718	0	0.33069
Q05998	P34161	0	0.34215
P38182	P27476	0	0.60537
Q05785	P26754	0	0.7687
P35206	P13393	0	0.00043983
P47152	P32581	0	0.095737
P27999	P10355	0	0.0034301
P45818	P38068	0	0.029634
Q12433	P20457	0	0.024611
P39523	P28241	0	0.89613
Q06449	P53750	0	0.0089781
P36116	P35172	0	0.002857
Q06677	P23776	0	0.00028517
Q04636	P38821	0	0.0047915
Q12102	P40473	0	0.027128
Q05031	P00410	0	0.099239
P38319	P36144	0	0.0099531
Q12199	P43609	0	0.00037266
P34162	P20433	0	0.11267
Q05874	P23179	0	0.54647
P25358	P07256	0	0.00040227
P49166	P21957	0	0.10504
P39723	P33335	0	0.038356
P39984	P18238	0	0.15324
Q07914	P07261	0	0.00013574
Q03148	P54854	0	0.26773
Q05911	P36165	0	0.82301
P35179	P32496	0	0.00081956
Q02908	P53044	0	0.65739
P40963	P36036	0	0.20047
P53168	P42944	0	0.83448
Q12264	Q06339	0	0.00044666
P15367	P00817	0	0.012935
P32913	P25382	0	0.4323
Q03630	P38911	0	0.0088668
P46669	P32264	0	0.36307
Q03263	P87108	0	0.0079134
P32380	P16661	0	0.45514
Q12157	P06169	0	0.9469
Q07834	P38086	0	0.0084611
P40956	P25656	0	0.043326
P53540	P53131	0	0.03558
P38191	P27801	0	0.19916
Q03768	P46671	0	0.26708
P38759	P38751	0	0.010454
P41817	P09734	0	0.0013463
Q08271	P33411	0	0.0052825
P32803	P00445	0	0.023205
P40957	P25644	0	0.75926
P26755	P06844	0	0.0082524
P53316	P46964	0	0.00040391
P53104	P38298	0	0.00058218
Q12368	Q07478	0	0.69415
P38957	P38768	0	0.71114
P43605	P33303	0	0.040624
P39550	P25341	0	0.00026745
P46964	P39011	0	0.00054475
P22203	P09119	0	0.13144
P41544	P38826	0	0.0010099
P40075	P28006	0	0.018535
P41805	P21957	0	0.0014102
P53389	P38334	0	0.26701
P40360	P04147	0	0.88897
P40892	P14064	0	0.29632
Q06177	P21957	0	0.027566
P47115	P04456	0	0.85862
Q12083	P17536	0	0.61388
Q12241	P35842	0	0.0077656
Q12477	P04912	0	0.14934
Q12216	P38820	0	0.13121
Q06405	P20436	0	0.00027854
P38265	P23337	0	0.046994
Q02336	P38240	0	0.0013227
P38967	P30902	0	0.18368
Q02825	P32559	0	0.0013633
P57744	P34252	0	0.084932
P53912	P20457	0	0.54155
P50623	P09624	0	0.33332
P32588	P07261	0	0.15767
P38838	P36015	0	0.011331
P53297	P45976	0	0.33355
P53211	P20486	0	0.0020167
Q12488	P39011	0	0.82594
Q06549	P53171	0	0.0030419
Q12158	P36037	0	0.13671
Q08492	P48439	0	0.0025327
Q00772	P47152	0	0.067528
P41815	P36120	0	0.15202
Q12343	P38315	0	0.029436
P43603	P38703	0	0.0026604
P29311	P25579	0	0.40329
P46682	P36009	0	0.80204
Q12030	P53136	0	0.12145
Q12050	Q05933	0	0.0094468
P47025	P38428	0	0.052184
Q00618	P38842	0	0.0033741
Q03976	P14682	0	0.0016131
Q08096	P36016	0	0.040512
Q08287	Q06490	0	0.77129
P52960	P40970	0	0.027433
Q04195	P54867	0	0.00064372
P53628	P21691	0	0.0097538
P47027	P32491	0	0.56495
Q99394	P40075	0	0.0081405
P47083	P25579	0	0.7497
Q03750	P39723	0	0.70773
P53824	P49960	0	0.68098
Q03691	P53032	0	0.0026486
P32939	P18239	0	0.20587
P34218	P22804	0	0.0059793
Q12406	P46947	0	0.050545
P32332	P24813	0	0.0493
Q12300	Q08208	0	0.2122
Q04370	P28274	0	0.34367
P38282	P13574	0	0.49086
P38282	P17106	0	0.013492
Q12377	P47025	0	0.68047
Q02892	P33200	0	0.0021848
P38439	P25342	0	0.23245
Q08921	P48234	0	0.75756
Q12233	P31382	0	0.0058209
Q06405	P06778	0	0.00024684
P32832	P23394	0	0.0083207
Q03697	P07342	0	0.0086889
Q12434	Q12415	0	0.0038697
Q06512	P40957	0	0.87066
P43594	P32913	0	0.28801
P49166	P11710	0	0.26613
Q03263	P50277	0	0.023186
P38138	P12695	0	0.046237
P46672	P46669	0	0.15059
Q12129	Q02721	0	0.002853
Q03503	P19358	0	0.84655
P38304	P32464	0	0.086264
Q06410	P32902	0	0.531
Q06339	Q05787	0	0.026805
Q03373	P47005	0	0.92055
P36010	P33421	0	0.00026554
Q06208	P38959	0	0.073187
P53731	P39101	0	0.1237
Q03148	P38266	0	0.38351
P38837	P38068	0	0.0010837
P53313	P14908	0	0.076924
Q07915	P38695	0	0.21329
P53863	P36120	0	0.012034
P38085	P12385	0	0.29868
P47074	P43593	0	0.2108
P46964	P38903	0	0.00051743
Q02795	P16140	0	0.0038446
P38967	P32354	0	0.30668
P53865	P10355	0	0.073832
Q12452	P53061	0	0.013297
P54885	P26343	0	0.80784
P53261	P14064	0	0.0044904
P20436	P12754	0	0.79092
P50874	P38149	0	0.20656
P34227	P32496	0	0.72198
Q08491	P54837	0	0.0042069
Q08920	P40073	0	0.063982
Q02795	P07347	0	0.0013629
P53281	P22140	0	0.0021128
Q12161	Q05874	0	0.077616
Q01649	P38523	0	0.84702
Q08271	P36029	0	0.0050102
P38789	P00431	0	0.00071584
P43622	P14680	0	0.00054891
P33401	P32389	0	0.63827
P38705	P14922	0	0.092285
Q12460	Q03103	0	0.043661
Q12250	P07261	0	0.63435
Q99176	P38838	0	0.068357
Q92316	Q02908	0	0.00058629
Q01684	P32917	0	0.3624
Q04067	P32453	0	0.013612
P54790	P29295	0	0.1904
P53632	P49956	0	0.0018697
P40565	P36147	0	0.00019773
Q12518	Q03935	0	0.78266
Q05874	P38152	0	0.12409
Q03465	P23638	0	0.83979
Q7LIF1	Q08986	0	0.021781
Q03940	P39967	0	0.0018314
Q08214	P46680	0	0.0057388
Q08492	P38719	0	0.11105
Q99383	P04786	0	0.30653
Q05946	P33759	0	0.46209
P41805	P35180	0	0.00053929
Q12138	Q08975	0	0.71127
Q07904	P11914	0	0.1607
P32912	P26343	0	0.017934
Q12026	P46963	0	0.00017994
P53743	P36009	0	0.21164
Q12199	P28241	0	0.65173
P13574	P07213	0	0.75132
P53437	P38702	0	0.056726
Q12341	Q12035	0	0.0051458
Q06218	P36018	0	0.47372
Q12368	P00420	0	0.017563
Q12306	P33421	0	0.0002209
P43560	P34240	0	0.24012
Q05933	Q05016	0	0.0074922
Q12129	P52917	0	0.83824
P20133	P04786	0	0.43023
P35206	P23642	0	0.0021263
P39996	P38257	0	0.00038211
P40344	P38744	0	0.0021942
P38337	P25649	0	0.018374
Q07381	P54791	0	0.002183
Q12243	Q04067	0	0.0068536
P32525	P06700	0	0.78285
P50875	P39717	0	0.45445
Q03503	P38911	0	0.02983
Q12418	P53551	0	0.0046962
P47176	P37838	0	0.62928
P33204	P17898	0	0.0031218
P54837	P39744	0	0.0097028
Q12157	Q04272	0	0.97356
Q07921	P35203	0	0.49759
P51996	P40357	0	0.94581
Q99314	Q12363	0	0.28318
Q12341	Q08465	0	0.0026357
P26449	P07251	0	0.89256
P42942	P28239	0	0.030926
Q08032	P32899	0	0.0037993
Q12157	Q02948	0	0.061909
P32835	P02294	0	0.31773
Q7LIF1	P34240	0	0.003429
P36013	P32788	0	0.79455
Q01080	P22140	0	0.00044627
P34238	P25649	0	0.00093152
Q01454	P40885	0	0.23215
Q12154	P23776	0	0.001579
Q05021	P48582	0	0.034703
Q04004	P53633	0	0.00041121
P25382	P12754	0	0.77718
P40073	P15992	0	0.060986
Q07904	P38690	0	0.29855
P38842	P25694	0	0.0025771
P32478	P07273	0	0.30065
P53209	P25657	0	0.0031489
Q08601	P11747	0	0.45509
P43609	P38132	0	0.0014773
P40517	P39678	0	0.82202
P53079	P46949	0	0.047579
P40482	P23833	0	0.38506
Q12159	P18239	0	0.17044
P31688	P10863	0	0.0014177
Q12224	P23776	0	0.00071698
Q03750	P00175	0	0.92421
Q03103	P38789	0	0.0010138
Q04964	P16522	0	0.6257
Q12142	Q06644	0	0.0022282
Q03944	P33297	0	0.059161
Q03944	P31385	0	0.0024947
P32341	P08018	0	0.036034
Q12285	P32529	0	0.00018258
Q12495	P38842	0	0.0015187
Q12142	P81450	0	0.0020947
P38781	P36012	0	0.0011873
Q12083	P40009	0	0.012904
P54860	P25651	0	0.25774
Q12349	P53905	0	0.00014762
P47166	P16151	0	0.00097899
P38288	P04076	0	0.4487
Q03919	P53973	0	0.057646
Q02784	P38204	0	0.22999
Q01454	P40529	0	0.92417
Q12098	Q04673	0	0.011731
Q08438	P36121	0	0.058275
P53243	P53082	0	0.59566
P38992	P32485	0	0.0059831
P38156	P25646	0	0.11359
P38837	P32494	0	0.0012712
Q12297	Q12264	0	0.00034561
Q04978	P13099	0	0.002856
Q04673	P32571	0	0.11829
P53231	P38261	0	0.012873
P53096	P52919	0	0.12025
Q00711	P50623	0	0.4962
P40092	P38156	0	0.11081
Q00246	P21651	0	0.010002
Q07986	P47025	0	0.0024592
Q03944	P32797	0	0.0016135
P32898	P32828	0	0.30198
P33298	O13297	0	0.023102
Q12161	P39705	0	0.34249
P32341	P21965	0	0.032373
P53912	P36016	0	0.98684
P33297	P25299	0	0.57709
Q05080	P47052	0	0.9197
P41544	P17065	0	0.0009065
P36145	O13530	0	0.12654
P53142	P06773	0	0.13968
P47115	P36094	0	0.73308
Q03532	P16370	0	0.025266
Q08902	P33297	0	0.035081
Q06640	P49334	0	0.00059177
P50875	P25376	0	0.37393
Q12216	P14306	0	0.099261
P25045	P07278	0	0.80862
Q99181	P40357	0	0.78306
P53181	P38716	0	0.0047421
P26798	P25582	0	0.032489
Q06216	P10507	0	0.0019538
P38264	P32801	0	0.00066553
P50091	P26755	0	0.0076823
P39011	P32601	0	0.22517
P19454	P07250	0	0.1849
Q00711	P40465	0	0.80663
P20438	P12887	0	0.033899
P53036	P24719	0	0.83937
P53974	P48568	0	0.60799
P39552	P32900	0	0.0010895
P39735	P39517	0	0.16387
P32381	P32341	0	0.015835
P38992	P38716	0	0.012253
P53955	P32788	0	0.086823
P53124	P25297	0	0.19705
P13663	P03069	0	0.012856
P47083	P38703	0	0.0022018
P53236	P43562	0	0.14171
Q02795	P53248	0	0.0040346
Q08649	P54837	0	0.0025806
Q02336	P47129	0	0.42461
P53735	P32945	0	0.048678
Q04149	P25045	0	0.41784
P36121	P23285	0	0.0030467
P42073	P05626	0	0.003803
Q03322	P54867	0	0.0075138
P38689	P07703	0	0.81303
P53248	P32828	0	0.87671
Q07800	P32379	0	0.9548
P53124	P32838	0	0.30105
P38138	P36015	0	0.0076225
P40357	P33419	0	0.82469
P53124	P10961	0	0.015177
P32916	P10507	0	0.0014507
P53851	P38822	0	0.82414
Q12194	Q05785	0	0.76252
Q12415	P40092	0	0.001757
P53901	P53277	0	0.25766
P32911	P25382	0	0.48359
Q05027	P05694	0	0.041027
Q03322	P25346	0	0.19673
P60010	P34161	0	0.89224
P43555	P38810	0	0.0014729
P33122	P02400	0	0.81154
P25369	P25301	0	0.018552
Q06644	P23285	0	0.087771
P47053	P22202	0	0.19718
Q12063	P33200	0	0.0011414
Q12151	Q03750	0	0.59579
Q08749	P16370	0	0.00045957
Q12223	P26793	0	0.00085125
Q99314	P01097	0	0.0053864
P54791	P11076	0	0.0015621
Q08465	Q06616	0	0.39419
P17536	P52910	0	0.40932
Q04562	P35198	0	0.0016951
P38042	Q08245	0	0.77418
P23293	P53231	0	0.025049
Q07913	P47187	0	0.0074234
P26798	P25333	0	0.6167
P53901	P35727	0	0.23051
P07278	P16522	0	0.77247
P38748	P32561	0	0.053025
P53271	Q02732	0	0.31896
Q04792	P40073	0	0.15412
Q06624	Q01722	0	0.70077
P46963	Q01329	0	0.60183
P32491	P46655	0	0.90884
