O43325	Q13162	0	0.0014594
Q99828	P49768	1	0.0088862
Q9UIF7	P27694	1	0.0031134
Q9BSF8	Q8IUQ0	0	0.0004436
P01589	P14784	1	0.00576
Q01081	Q9P0M9	0	0.00078602
P30533	Q14181	1	0.010748
Q9NQB0	P35222	1	0.0019685
P09430	Q01581	0	0.0010196
Q96SZ6	Q15078	1	0.0047699
Q9Y6W3	Q14CX7	0	0.00044178
Q13243	Q9Y234	0	0.00023361
Q64ET8	Q96IV0	0	0.00026727
P12272	Q03431	1	0.0031116
Q8IYF3	Q7Z6G3	1	0.004303
O43543	P46783	0	0.00047721
Q9UDW3	Q8NEL9	0	0.00027631
Q16576	O75880	0	0.0027073
P56537	Q92665	1	0.014943
P27695	P82650	0	0.00039599
Q12874	Q01081	1	0.00095701
P49755	Q9NZ42	1	0.0071932
P24522	Q13561	1	0.016683
P36954	Q9H6S1	0	0.00031019
P54803	Q93088	0	0.0035335
Q16514	Q9UD71	0	0.0002883
Q13416	P27694	1	0.001281
O43929	Q08257	0	0.022745
Q13113	Q7L5N1	1	0.0062045
Q9HCU9	Q16576	1	0.00052389
Q9Y657	O14920	0	0.015846
P36542	P60002	1	0.020874
P15927	Q8NBJ4	1	0.013184
Q9ULC0	Q9NPF4	1	0.0032837
Q5RL73	Q16594	1	0.00034795
Q9UM13	Q12834	1	0.069615
Q9GZP8	Q9HCN4	0	0.00023034
P12956	P49406	0	0.0025837
P54253	Q9H4I2	1	0.0017441
P52630	P17181	1	0.016642
Q13503	P10827	1	0.018537
Q13432	Q9NXU5	1	0.017628
Q96SB4	P02686	1	0.012354
P10451	P16070	1	0.0049359
P16383	P09132	0	0.00041367
P27694	Q03013	0	0.01083
O96019	P82664	0	0.011234
Q8N5C8	Q15750	1	0.0017848
Q9H4I2	P06132	0	0.0033891
Q13416	Q13794	0	0.00028014
Q96G25	Q6P2C8	1	0.009249
Q96BP2	Q9BYN0	0	0.0007863
O60383	P04183	1	0.018719
Q96BN2	Q9Y676	0	0.00043827
Q9BSH3	Q8IVS2	0	0.0046101
Q9UJX4	P11940	1	0.0049952
Q9NX01	O95848	0	0.022705
Q9Y5Q9	P63302	0	0.1009
O43325	Q9P032	0	0.00078332
Q8TCE9	Q8IUQ0	0	0.00032553
Q92759	P20807	0	0.0014058
P29084	P19447	1	0.00050859
P29083	Q9UHD2	0	0.0029018
Q14181	Q8N142	0	0.003421
Q9Y294	P34897	0	0.0032188
Q8N9N5	Q9Y3E5	0	0.0047585
P20290	P06132	0	0.00092944
Q0VG06	O76031	0	0.039277
Q06495	O14745	1	0.014857
Q9UPV9	Q8NEL9	0	0.00056057
Q6ZYL4	Q9NP97	0	0.0018842
Q8NB91	P48735	0	0.0067086
Q9UMS4	P04053	1	0.0017441
Q9BXW7	P04278	1	0.021566
Q9UHD2	Q7Z434	1	0.0094201
Q12824	P06400	1	0.00048212
Q9H8M7	O75891	0	0.020527
P36542	Q9NY33	1	0.060603
Q9NRG1	Q96G04	1	0.023358
O15514	P54687	0	0.016199
Q13243	P07741	0	0.0077762
Q9UHQ9	P99999	1	0.030542
Q99665	P42701	1	0.020094
P19838	O15519	1	0.013544
P56589	P40855	1	0.030993
Q14919	Q16594	1	0.00039991
P83369	P21673	0	0.0015561
P78549	Q9P032	0	0.00057784
P16870	Q14181	1	0.0051934
Q6PJT7	Q9HD40	0	0.00058792
Q8TE85	O14618	0	0.00047036
Q86WB0	P54687	0	0.0038716
Q99741	P49736	1	0.00099461
Q8N612	Q96HR9	1	0.0044885
Q9NTM9	Q6IA69	1	0.010778
Q86WQ0	P31937	0	0.3018
P20618	Q99436	1	0.016268
P61604	Q5T3J3	1	0.0043575
Q13077	P21580	1	0.0041681
P62875	Q04837	0	0.025405
Q53GS9	Q9H6S1	0	0.00060442
Q96KF2	P51553	0	0.0024297
Q96T37	Q6UB35	0	0.00096473
Q8IXF0	P82909	0	0.049399
O00214	P05556	1	0.0021571
Q9NXR7	Q9NWV8	1	0.00085617
O15235	Q9UKR5	1	0.053262
Q9UBU7	Q9BYC2	0	0.00065788
Q9UIF7	P51970	0	0.00022254
P26368	Q01081	1	0.00092364
P17480	Q9Y291	0	0.0001547
P25208	P40925	0	0.023437
Q9NYH9	Q9BQD3	1	0.0049642
P36543	O75348	1	0.0080485
Q9Y2X7	Q96RU7	1	0.0074783
P15927	Q9Y3C7	1	0.014415
Q03828	P48147	0	0.00063909
P07686	Q9H9J2	0	0.00022825
Q9NRI5	O15372	1	0.0021828
P05112	P78552	0	0.028352
O43929	P82933	0	0.00084501
Q8NHZ8	P30260	1	0.0009046
Q8IXF0	P50135	0	0.064129
Q16891	Q9H8K7	1	0.00045416
Q8N2H9	P51617	1	0.0035598
Q6P1J9	P82930	0	0.00062928
P98082	O15169	1	0.0018073
Q8TDV0	P22466	1	0.0063013
Q8N336	Q9NWX6	1	0.009439
P27694	Q9H8T0	1	0.0019708
Q92667	Q03135	1	0.0020723
P17480	O15446	1	0.0018389
O43365	Q07617	0	0.00038894
P23759	P31350	0	0.00076459
P61604	P10809	1	0.0097485
Q8TCE9	Q8WUN7	0	0.00034316
P13807	P46976	1	0.0088689
A0A5B6	P04437	1	0.1402
P36915	Q9UHR5	0	0.00042873
O75528	Q8N183	0	0.00060684
Q9Y6W3	Q07617	0	0.00072489
Q9H9Q4	Q13867	0	0.00050341
Q9UKF6	Q9BYD6	0	0.00045697
O15169	P35222	1	0.0020383
Q9NZL9	P31153	1	0.030611
Q99741	Q13416	1	0.00054619
Q92597	P62854	1	0.011811
Q96BN2	Q8N142	0	0.0027671
P29084	Q7Z2X4	0	0.0011512
P02774	Q6P1J9	1	0.035982
Q9NQ92	Q9NYK5	0	0.0023007
P30291	O95379	0	0.0020298
P52434	O15514	1	0.0034283
Q9NYK6	Q15834	1	0.0093499
Q9Y535	Q9H7D7	0	0.00059557
O00716	P62269	0	0.050069
Q12824	Q13795	0	0.00071856
Q99836	Q9BXR5	1	0.0087576
Q15542	P13984	1	0.00042081
Q9NSA3	P35222	1	0.0038493
Q8IU60	Q8IZD4	1	0.00054704
Q8TCJ0	Q9NZE8	0	0.00013533
P29084	P07195	0	0.014582
Q9UKF6	P06132	0	0.0027786
Q13042	P30260	1	0.0029691
P13984	Q9BZL1	0	0.0009193
Q16594	Q15542	1	0.00038683
Q13901	Q99598	1	0.017486
P60033	Q9P2B2	1	0.0066544
O14744	P54105	1	0.0033578
Q99726	Q92572	1	0.0074175
Q8NB91	P13726	1	0.00854
Q03167	P61812	1	0.0079474
P10515	Q15118	1	0.013847
Q9UL45	Q96EV8	1	0.0091847
Q8N9N8	Q9H5Q4	0	0.008256
O15130	P01303	1	0.011445
O75971	P82921	0	0.00030431
P12956	P82663	0	0.0042658
P83369	Q07020	0	0.00052609
Q9Y6W8	O75144	1	0.0073661
Q8IZD4	Q5RKV6	1	0.010247
P19447	P32929	0	0.018459
O43513	Q5EBM0	0	0.00019426
P23510	P43489	1	0.013557
Q9UBU7	P07741	0	0.0046047
O95926	Q6P1L8	0	0.0056691
Q5BKT4	O95259	1	0.010155
P20618	P49720	1	0.061267
Q9UI36	P13798	0	0.00090765
P43351	P19447	1	0.000818
Q14134	Q8NHQ1	1	0.0029221
Q8TCJ0	P63208	1	0.0089547
Q13568	Q99551	0	0.00034488
Q9NXU5	P62917	1	0.026315
Q9GZT8	P61201	1	0.0070845
Q8NBJ7	Q969H0	1	0.012884
Q9C002	Q9UJM3	0	0.00015055
Q05952	Q16719	0	0.00042127
Q9BQ66	Q14781	1	0.0035926
Q9Y5A7	Q9NZN9	1	0.0043163
O43543	P51970	0	0.0001674
Q9H1Z4	Q9NP74	0	0.00073605
Q9UL45	Q6QNY1	1	0.018326
O60583	P50135	0	0.0014326
Q8IYF3	Q96GY3	1	0.0002723
Q9UN74	Q5RL73	1	0.005697
Q9UIF7	Q9BXI3	0	0.00034666
Q92597	P41091	1	0.0078264
Q9BSF8	O43776	0	0.00038817
O95391	Q15834	1	0.011513
O43572	P31323	1	0.0061744
O95926	P54136	0	0.0040208
O75528	Q9Y2T2	0	0.0011484
P20290	Q6P1L8	0	0.0015986
Q9P0K8	P10155	0	0.00036105
Q9NVU0	Q9UD71	0	0.00055988
P27701	P27824	1	0.0059337
O00623	P50542	1	0.0070309
O95411	Q9UBR1	0	0.00039219
P55060	Q0P6H9	1	0.013345
Q99081	O95084	1	0.0021348
P36954	Q14914	0	0.030265
Q8WX92	Q8N6F7	0	0.00032542
P55789	Q9H1I8	1	0.019315
P29083	Q6WQI6	0	0.024139
P03372	Q16698	0	0.051295
Q9Y6W3	P82663	0	0.0074493
P62805	Q9Y676	0	0.00013918
Q12889	P02808	1	0.0072476
Q00403	Q9BY32	0	0.28224
Q13432	Q13200	1	0.014196
P04004	P15151	1	0.032875
P07686	P30711	0	0.076434
Q07817	Q96LC9	1	0.017374
P40855	P33897	1	0.02002
Q12981	Q9P2W9	1	0.0039827
P40200	P15151	1	0.02039
Q14696	Q9BYG8	0	0.00019803
Q86WB0	P13995	0	0.037931
Q01459	Q14749	0	0.00016277
Q9H5J8	O43182	0	0.00025216
Q15562	O14920	0	0.0091563
O75330	Q9ULW0	1	0.0055309
Q8WUA4	O15091	0	0.00037167
P01589	P60568	1	0.014146
Q9UFW8	P13798	0	0.00023884
P49959	P12956	1	0.00325
P09012	Q9NP74	0	0.0005382
Q8IYX3	Q9BQ66	1	0.0024231
Q6PIZ9	P20963	1	0.0036253
P81172	Q9NP59	1	0.0060781
Q969G3	P03372	1	0.00080136
P40189	P05231	1	0.04359
Q969J3	Q9UHX1	1	0.0031744
Q9H1Z4	P12081	0	0.00040906
P16383	Q9BY32	0	0.0034665
Q9BVJ6	Q9H8T0	1	0.0027269
P31785	P16871	1	0.004728
Q8NB12	Q13765	1	0.0020206
Q6PJT7	Q9NZD2	0	9.705e-05
Q03013	Q5T3J3	1	0.050065
Q8N3L3	Q12846	1	0.0037841
Q92844	Q9BYM8	0	0.0004459
Q99689	Q14596	1	0.0023213
P30039	Q9Y3F4	1	0.0026503
O43752	O14662	1	0.0064062
Q7Z7C8	Q16514	1	0.00054399
O95926	Q2VPK5	0	0.00092758
Q14140	Q14186	1	0.00042051
P35475	P54136	0	0.038218
P61218	P62487	1	0.0010643
Q15464	Q12929	1	0.00085725
O96020	Q6P1L8	0	0.0062783
Q9UBR2	Q13794	0	0.00021084
Q9UNI6	Q8N427	0	0.00098827
Q07817	P49768	1	0.0082661
O43365	Q8NFG4	0	0.00026822
Q03181	Q6PRD7	0	0.075763
Q13888	O15169	0	0.00063527
Q13888	Q9UBR1	0	0.0010278
Q15562	Q9H9J2	0	0.00090849
O43929	Q2VPK5	0	0.0017459
P19447	P82675	0	0.0026233
P13686	P15927	1	0.017893
Q9UQB8	Q12929	1	0.0016259
Q9NX01	P06132	0	0.00213
Q86XR7	P51617	1	0.017517
Q16594	Q9NPB1	0	0.0027747
Q9UJW3	Q9NRX4	1	0.013089
P54253	O43809	1	0.0087303
Q13432	O14569	1	0.011248
O43513	Q14749	0	0.00022045
Q6P1K2	Q9Y3C7	1	0.012637
Q5JR12	P47710	1	0.0010602
Q15645	Q9GZT8	1	0.0050631
P12956	Q9BXJ9	1	0.0013546
O43493	O00189	1	0.033992
Q8NCW5	P02647	1	0.052214
O94906	P03372	1	0.0010322
Q9NV56	O75880	0	0.0097628
Q9ULX3	P33402	0	0.00052545
P32780	P49736	1	0.00085518
Q15102	Q9GZT6	1	0.020649
A0A5B6	P20963	1	0.046525
Q99967	Q7L3B6	0	0.00023017
Q96BP2	P31350	0	0.00011929
Q9BQ83	Q8TE02	0	0.00057571
Q8NFW8	Q9BYC8	0	0.0054487
P30519	Q9Y3C7	1	0.023972
Q9UMS0	Q8NC60	1	0.005225
P05423	Q16822	0	0.0024732
Q00403	Q13285	1	0.0025947
P12956	P16284	1	0.0039268
Q9Y2X7	Q9H7E9	1	0.0015322
O15143	O15144	1	0.0026156
Q9NX01	P62495	0	0.00023829
O14717	Q7L5N1	1	0.023773
Q9UI36	Q92844	0	0.00029221
O43365	Q9BYG8	0	0.00019101
Q9UKX7	Q14974	1	0.01429
Q13573	P82921	0	0.00024241
P16870	P06307	1	0.04247
Q5RKV6	O43809	1	0.019823
P28328	P56589	0	0.0013365
O15145	Q86YJ6	1	0.010124
Q969F1	Q2VPK5	0	0.0014965
Q0VG06	Q9UJM3	0	0.00029564
Q5D1E8	Q9NZD4	1	0.00077927
P20382	P16870	1	0.0062872
P00367	P00505	1	0.042993
O75528	Q9H2W6	0	0.017962
P29084	O75880	0	0.013978
O95551	Q9UD71	0	0.00021245
O15503	P04035	1	0.013631
Q9UEE9	P68400	1	0.014871
P12004	Q9P0J6	0	0.062607
Q15562	P49915	0	0.0014341
Q13285	P35222	1	0.006206
Q92908	P26639	0	0.00068735
Q12857	Q9Y3B7	0	0.00027182
P01579	P38484	1	0.013225
O00115	O00471	0	0.00014913
Q16533	P62917	0	0.034659
Q92902	Q9NQG7	1	0.00071588
P17540	Q5T3J3	1	0.011267
O00165	P01583	1	0.01774
O95411	Q9BRJ2	0	0.0053553
Q8NFW8	P51857	0	0.026062
P41227	P11245	1	0.0037524
Q9HAN9	Q12849	0	0.0020349
Q9UHI6	P62304	1	0.014847
O95990	Q7L3B6	0	0.00017666
Q7L590	P24385	1	0.0019994
Q99689	Q5MIZ7	1	0.001141
Q9P2W1	Q9NP97	0	0.00088517
Q96FX7	Q9UJA5	1	0.0018938
Q7Z6G3	Q9BU64	1	0.006582
Q9NWT8	Q9H9J2	0	0.00014512
O75460	P19438	1	0.014391
Q15562	P15104	0	0.008267
Q9Y675	P54577	0	0.028091
Q92908	P20807	0	0.00065853
P62487	P35270	0	0.045379
P62304	P48200	0	0.099026
Q13416	Q9BRA2	0	0.00044653
Q8TCE9	P47874	0	0.00023186
Q96AV8	P20807	0	0.00088197
Q969H0	P63208	1	0.010811
P12956	P54687	0	0.0067101
Q9UMX1	O00422	1	0.001387
Q14186	Q9P2R7	0	0.002501
Q15388	Q6P1J9	1	0.011762
Q9UJW9	P15927	1	0.0025221
Q9H2F5	P82932	0	0.019348
Q13568	Q9NZD4	0	0.00019532
P62875	Q14914	0	0.17671
P12956	Q15102	1	0.0025741
Q8N9N8	P83881	0	0.0075857
Q969G3	Q9BUE6	0	0.0021563
O43927	Q99731	1	0.0157
Q9UMF0	P49768	1	0.0093111
Q99627	Q7L5N1	1	0.016872
Q9Y3U8	Q02543	1	0.00040961
O95219	Q53H12	1	0.0045566
O15116	O43776	1	0.004652
P38571	O60783	0	0.0026072
Q9H773	Q8NC60	1	0.033077
P29122	P20382	1	0.0095964
Q6ZYL4	O60239	0	0.0010681
P59998	Q9BPX5	1	0.0028561
Q00403	P29084	1	0.00070907
Q15834	Q8NE31	1	0.013883
Q9BRT9	Q9Y248	1	0.014813
P01579	P01375	1	0.033735
Q9NV56	Q9NPF5	1	0.00033061
Q07352	Q8TDY4	0	0.00065657
Q9BWG6	Q15834	1	0.012314
Q99933	Q07817	1	0.014162
Q8NCR6	P04278	1	0.030022
P62304	P34897	0	0.093027
P68400	P27695	1	0.025209
Q9P086	Q15528	1	0.011481
Q9UPT5	Q96A65	1	0.0014905
Q9H147	P31350	0	0.00015075
P61218	P78417	0	0.00040803
P09466	Q5T3J3	1	0.019519
Q96BN2	Q9UHN1	0	0.013412
P26368	Q9UHX1	1	0.0018368
Q9H9Q4	Q9BZQ8	0	0.00018263
Q96JB2	Q14746	1	0.0017891
P03372	Q99623	1	0.004773
Q16656	P62269	0	0.090098
Q92934	Q07817	1	0.014998
P49755	Q96BI3	1	0.0091367
Q01459	Q92837	0	0.00053352
P04062	P07602	1	0.096471
Q92994	P68400	1	0.015234
P13798	P04278	1	0.077896
O60895	P01258	1	0.0060414
P22674	P15927	1	0.027179
Q96BI3	P49768	1	0.0082503
Q9H0Q3	Q9GZT6	1	0.0049113
O95551	P49902	0	0.00020485
Q8NE01	Q9BQ66	1	0.012817
P12272	P05231	1	0.02325
P46527	P63208	0	0.0029068
Q01344	P05113	1	0.020541
Q15645	Q96HA8	1	0.024559
Q9NQT5	Q9Y3B2	0	0.013393
P25208	P47874	0	0.00027616
O14744	P02686	1	0.041553
Q9UDW3	Q8N1V2	0	0.00018894
Q9Y657	Q99558	0	0.002538
O43929	P49736	1	0.00097499
Q969E3	Q08334	1	0.013024
P51946	P82930	0	0.00091656
P86791	P54136	0	0.0084995
Q6P2C8	Q15528	1	0.017407
Q9Y535	Q9BYD1	0	0.017539
O00462	P82932	0	0.62349
P36543	P04075	1	0.010384
Q9BWC9	Q5RL73	1	0.00076063
P60228	O43292	1	0.02147
Q6PIZ9	P07766	1	0.0026338
Q13569	Q6P1L8	0	0.00314
Q15543	Q9NP97	0	0.00051391
Q13200	P19438	1	0.0092411
Q8N668	Q9NX08	1	0.030544
Q9Y6W3	Q9P0M9	0	0.0020094
O75925	P03372	1	0.0014145
Q96BI3	Q92542	1	0.02105
P12956	Q9H910	1	0.00033429
O14737	Q5T3J3	1	0.0016265
P17480	Q14442	0	0.00038468
P16383	P12081	0	0.00044268
Q12857	Q9NX18	0	0.00030049
P49842	P40925	0	0.058447
O43929	Q9UBD5	1	0.00041882
P16455	P30838	0	0.020181
O75352	P04278	1	0.021179
P62805	Q01581	0	0.00074833
Q9UIF7	P63302	0	0.047829
Q9NX08	Q9NRX3	1	0.0064015
P15848	P47874	0	0.00038716
P51946	Q9Y2J8	0	0.00073787
Q15102	Q9GZR7	1	0.031366
Q16576	P82932	0	0.06515
P30291	P62917	0	0.035373
Q16533	Q92966	1	0.0005456
Q13352	P19838	1	0.0026528
Q13573	Q13405	0	0.00072983
Q01780	Q5RKV6	1	0.0094928
O00287	Q9GZT8	0	0.00067322
Q99547	P60866	1	0.0071517
Q9Y3B2	Q06265	1	0.0042163
Q13432	O14717	1	0.038826
P05111	P08476	1	0.012273
P50616	O43541	1	0.00033831
Q13571	P21580	1	0.0058287
P21246	Q9NXU5	1	0.0050313
O00257	P15104	0	0.00093
Q53HV7	Q8TE02	0	0.00016281
O60921	P12004	1	0.0013359
P62875	P30838	0	0.052408
P12956	P49914	0	0.0020051
O00311	P55084	0	0.012958
P61247	P04179	1	0.017891
Q9UDW3	P63302	0	0.0087263
Q9P0K8	P49753	0	0.0024607
P04406	P04183	1	0.020896
Q16533	O76031	0	0.0081195
Q8N6Q3	P04278	1	0.035487
Q9Y6W3	Q9NZJ9	0	0.035439
Q9Y2H0	Q96A65	1	0.00059781
O60760	P52790	1	0.054323
P41002	Q8IXM3	0	0.00014607
O15514	P62487	1	0.0051892
O00311	P21695	0	0.046373
Q12996	P53384	0	0.0032655
O96020	Q9Y234	0	0.00038795
Q8WUA4	P31937	0	0.052884
O00462	P54577	0	0.016105
O43148	P31937	0	0.066665
Q9BYT8	P30990	1	0.0023563
Q9Y535	O75534	0	0.00030851
P36954	Q16822	0	0.00012375
P63208	O60907	1	0.0079187
Q92624	Q4U2R8	1	0.0064311
P40926	P00505	1	0.046961
Q8N807	P49915	0	0.00070478
P10827	Q96RP9	0	0.0045366
Q05952	Q9HCN4	0	0.00021873
O60583	O75570	0	0.0021358
P19532	P39023	0	0.00030653
Q9Y3C7	Q9H6R7	1	0.029935
P06400	P02545	1	0.001595
P27824	P15260	1	0.0083811
P19838	P01589	1	0.011057
Q969G3	Q9UD71	0	0.00035969
P10827	O60477	0	0.0020121
P62805	Q9BYD2	0	0.00035319
Q96BP2	P34897	0	0.00059902
P35244	Q9H0U6	0	0.032794
Q9H633	P78345	1	0.011847
P54253	P04406	1	0.0068711
P51843	Q13573	1	0.00062126
P26368	P49789	0	0.044912
O75947	Q7L5D6	1	0.02096
Q9H467	P03372	1	0.0070399
Q92560	O60783	0	0.00017239
Q9HAN9	Q16612	0	0.0013788
O43513	Q03013	0	0.00011851
O60232	Q53TS8	1	0.0017212
O95551	O76031	0	0.0082604
P17509	Q13162	0	0.0070168
Q9UBX1	P49789	0	0.000848
P27694	Q15102	0	0.011713
Q14181	O00471	0	0.0022224
Q13200	Q16401	1	0.010346
O94864	P35754	0	0.0059797
O96019	P13798	0	0.036738
O43913	Q13416	1	0.00046787
Q9UBR2	Q7Z2X4	0	0.00042679
Q9BRG1	Q86VN1	1	0.0055658
Q9UKV8	Q9UHI6	1	0.0071077
Q9UIF7	Q8NEL9	0	0.0003995
Q96CD2	Q96BT3	1	0.0032574
Q99623	O15379	1	0.0075249
Q9BTX1	Q8N1F7	1	0.0014646
O43365	P08319	0	0.031221
P19447	P18074	1	0.0010459
Q9BXY8	Q9BQ66	1	0.0086054
Q8TAE8	P48735	0	0.0030598
Q9UKI8	O00161	1	0.017423
O75943	O60921	1	0.0013931
Q07820	Q9UMX3	1	0.026878
P56537	Q9NWY4	1	0.03228
Q16611	P10809	1	0.019301
P68400	P35222	1	0.018572
P62487	Q9Y2Q9	0	0.11499
D3DTV9	Q9H0U6	0	0.27653
P19438	Q06643	1	0.032173
Q9UBS8	P03372	1	0.0032753
Q7L5N1	Q8N2I9	1	0.0077732
P29084	P83111	0	0.0096467
O43541	O75891	0	0.0036291
P21246	Q9NPJ1	1	0.0061791
P49366	P63241	1	0.0081111
P20290	Q16740	0	0.029171
O00628	P28328	0	0.0010563
Q99967	P82914	0	0.0002764
P61970	P37198	1	0.066779
Q6ZYL4	P17987	0	0.00071944
Q15645	Q8IVS8	1	0.0041671
Q8N668	Q86X83	1	0.032224
P35475	Q14914	0	0.63958
P15509	P04141	1	0.052722
Q96T60	Q9GZZ1	0	0.0082708
P13686	Q8N6F7	0	0.00026018
Q5TB30	Q9UHD2	0	0.0011089
Q15583	Q14CX7	0	0.00019247
O94906	Q8N1V2	0	0.0012283
P60981	P04278	1	0.042129
P03372	O15514	1	0.0035222
P63272	P55084	0	0.0019834
Q9Y262	O15371	1	0.0015221
P19429	Q13563	1	0.0023576
Q8TF76	P82663	0	0.0017697
Q9UL03	Q9BZL1	0	0.00065106
Q5FBB7	P62906	1	0.0014803
Q16518	P02753	1	0.14728
P54278	O60760	0	0.081578
P04198	Q92844	0	0.00020238
O43747	P08247	1	0.0091719
Q8TAE8	Q9BUE6	0	0.00059531
P19447	Q9Y3D9	0	0.0017014
O95990	Q9UI17	0	0.0016243
Q9HAW0	Q9P032	0	0.00058199
P27694	P21695	0	0.03021
P04053	P12004	1	0.0011432
P51116	Q9BQD3	1	0.013687
Q13191	P36888	1	0.014891
Q8TDR0	Q9NRI5	1	0.0046435
P51116	Q15041	1	0.01839
P49842	P49753	0	0.00078437
Q8TCE9	Q9UHN1	0	0.0031573
O60671	Q9Y3D3	0	0.0035523
O43776	P54253	1	0.0023158
P48147	P20366	1	0.015932
Q8WUA4	O60551	0	0.00034813
Q9Y421	Q9UNZ2	1	0.00089436
O95721	O43752	1	0.0060815
P05423	Q9NZE8	0	0.00035213
Q8NFW8	O75880	0	0.045453
Q96KF2	Q9NZJ9	0	0.017132
P62805	Q16612	0	0.00017503
Q8N9N8	Q9Y234	0	0.0060625
Q9H2F5	P48147	0	0.00025671
O00311	Q9Y5N6	1	0.0014357
Q9H9Q4	P31350	0	0.00015597
Q15543	Q9BYC8	0	0.0019789
P27930	P01583	1	0.023899
O15379	P24385	1	0.0063712
Q8WUA4	Q92837	0	0.00072243
P63208	Q9UK99	1	0.014532
O00311	P50135	0	0.040014
Q9NR56	Q7L3B6	0	0.00020907
Q9GZR7	Q14181	1	0.0027318
P32780	Q9BYC2	0	0.0012679
Q5U623	Q14914	0	0.033992
P23759	P30711	0	0.34268
Q12929	Q13155	1	0.0010264
Q9Y6H5	Q8N5H7	1	0.00090867
Q8N2H9	Q99558	1	0.00057375
P21246	P47756	1	0.0056754
O43543	Q8WXI4	0	0.00017546
O43561	Q13094	1	0.0040419
P62424	Q96A33	1	0.014213
P19532	P82921	0	0.00014773
O00566	Q96G21	1	0.0038323
Q15573	O15446	1	0.0096809
P12004	Q13867	0	0.013182
P06280	P63302	0	0.77467
O43365	P48200	0	0.0007156
Q13573	Q9UDX5	0	0.0022709
Q15291	P21695	0	0.0057501
P61254	O43390	1	0.03199
Q99627	Q9BT78	1	0.029063
P05026	Q5T3J3	1	0.019643
O95551	P51970	0	0.0001377
Q12857	O95848	0	0.0089367
P52815	Q9NW97	1	0.0047325
P27695	P78540	0	0.0007823
P16455	P46952	0	0.0048942
O43543	Q9Y291	0	0.00013934
P08571	O15455	1	0.0092308
Q8WUA4	P21673	0	0.0023444
Q05952	Q6P1L8	0	0.00046933
P35221	Q12959	1	0.012846
Q9Y3F4	P62304	1	0.16529
Q92597	Q92499	1	0.0098575
Q9Y657	Q16540	0	0.091652
Q96E40	Q9GZR7	1	0.017125
Q8TF76	P82933	0	0.00030886
Q9P2W1	O75534	0	0.00090332
P78345	O75817	1	0.0030993
P38432	Q9NRM2	1	0.0012249
P20396	P16870	1	0.0087215
P50897	P08319	0	0.12026
Q9BVV2	Q15834	1	0.025811
Q9GZS1	P17480	1	0.00057674
Q9Y3F4	Q8WXD5	1	0.014619
Q96HR3	Q96G25	1	0.015295
Q9P299	P48444	1	0.0062944
P16455	Q9Y3B7	0	0.00022352
O60508	Q96IV0	0	0.00044403
P12956	Q9BZQ8	0	0.00060775
Q9Y535	Q9P2R7	0	0.00093432
P21246	Q13200	1	0.0041914
Q16656	P82914	0	0.0012383
O15381	P46777	1	0.0080901
P35869	P03372	1	0.0051324
Q00577	Q9NZE8	0	0.0001414
Q969F1	P82650	0	0.0008684
O95059	P78345	1	0.0022273
P32780	P49406	0	0.0030841
Q13889	Q9P0J6	0	0.0063651
Q16576	Q8N427	0	0.00063976
P35244	O60760	0	0.13393
Q15562	Q8NFG4	0	0.00058043
Q53HV7	Q92837	0	0.00082448
P04843	Q9NYS7	1	0.025985
Q5FBB7	P12956	1	0.00060718
O15514	Q9BYN0	0	0.003939
O15297	P46777	1	0.011173
P61218	Q8WWV3	0	0.036136
P09012	P21673	0	0.0025017
Q15542	P48200	0	0.00092419
Q9NZD8	Q9NTM9	1	0.015302
P62854	Q969E8	1	0.0086555
P62487	O75394	0	0.12008
Q5RKV6	P20618	1	0.023173
Q03135	P05067	1	0.0043735
P38571	Q9BXI3	0	0.0065152
P51513	P46783	0	0.0075632
P29084	Q9BYC8	0	0.0021919
P00374	P10809	1	0.010621
Q9NVR2	P13798	0	0.00019795
Q969H6	O95707	1	0.00047115
Q9UJC5	P47874	0	0.021323
P68400	Q03135	1	0.027052
Q9H4Z3	Q9Y6K8	0	0.00031174
Q5TB30	Q9NRN7	0	0.00031643
Q13888	P18074	1	0.00099668
Q7L590	O00311	1	0.0015391
Q9Y6W3	O43182	0	0.00043615
Q9UDW3	P82912	0	0.00083343
O00115	P30711	0	0.036226
Q9HBM1	O14777	1	0.017815
P06280	P62495	0	0.0007122
Q6UXN9	P40939	0	0.004845
Q9BSH3	P53384	0	0.0025563
O95551	Q9Y399	0	0.0069907
Q9UGJ1	Q96GA7	1	0.019807
P49768	P31150	1	0.013158
P68400	Q9UD71	1	0.035337
Q13867	P47914	1	0.00025573
P25101	P14138	1	0.0039948
P68400	P06744	1	0.036056
Q96BN2	O43776	0	0.0004634
P62380	Q00403	1	0.0040162
P54852	Q99572	1	0.0024281
O43325	P48200	0	0.00039861
Q92908	O60477	0	0.0002126
P27694	Q13228	1	0.041787
Q6P2C8	Q8TE02	0	0.00064542
Q16658	P35222	1	0.047071
O75503	Q8N142	0	0.00182
Q15583	P23921	0	0.00023432
Q6ZS82	O75916	1	0.014154
Q96G25	Q15528	1	0.0091104
Q9NP84	O43508	1	0.0065977
O60762	O15235	0	0.00014906
Q96RU7	Q7L5N1	1	0.014251
Q8TCE9	Q9BZQ8	0	0.00018785
Q9H5J8	P06746	1	0.00072888
P05000	P17181	1	0.025782
O43365	Q9BYD1	0	0.027206
Q9UNM6	O00232	1	0.0087999
Q8IXH7	Q8N8Q3	1	0.0089052
Q15102	Q9Y3C7	1	0.059886
Q8N9N5	Q9Y2T2	0	0.0023117
P10827	O75534	0	0.0046273
P04554	Q9HCN4	0	0.00072609
Q16533	Q9NVV4	0	0.00049627
Q9UK76	P50135	0	0.00069141
Q9UJX6	P30260	1	0.0024033
P21549	P50542	1	0.0050628
Q9GZT8	Q15555	1	0.002526
Q969G3	O43776	0	0.00038281
P32780	O43182	0	0.00048785
Q8TAE8	P83111	0	0.00059997
Q8NCW5	P02652	1	0.030253
P17900	P51970	0	0.00011664
P51946	O60551	0	0.00040972
Q9Y275	Q02223	1	0.0050639
Q96D98	P48200	0	0.0016282
Q01459	P52815	0	0.00061449
P41227	Q16665	1	0.012613
O43541	Q9HCY8	0	0.00017812
Q9H0Y0	O95352	1	0.017118
P23759	O14713	0	0.0013345
P0DPI2	Q70Z53	1	0.00088819
P04183	Q7L5N1	1	0.013977
O95741	Q9Y6K8	1	0.0037449
O75446	Q9NZJ9	0	0.0089638
P02775	Q14061	1	0.020761
Q9Y5Q9	Q9Y2R5	0	0.0069935
Q9Y5N6	P49736	1	0.0010826
P62875	O15091	0	0.00088961
P49005	Q7L3B6	0	0.00019144
P12004	P27695	1	0.00084014
Q8NFW8	Q04837	0	0.078026
Q9HCU9	Q969G3	1	0.00057174
Q9C002	O95786	0	0.00025252
P54278	Q07617	0	0.0014528
O75419	O43913	1	0.0006322
O75940	Q14974	1	0.029068
O95059	Q969H6	1	0.0022829
P12004	P24522	1	0.0077224
P35244	P49736	1	0.0040334
Q9UBW8	Q6P1K2	1	0.014508
Q9UBD9	O75462	1	0.16201
Q8NFW8	O14920	0	0.0242
Q8IU60	P20618	1	0.019368
P30519	Q5T3J3	1	0.014317
P13984	Q13867	0	0.0015081
Q96FZ7	Q96H20	1	0.010624
Q9BVJ6	Q9BWC9	1	0.0028754
Q9Y5N6	Q9UBD5	1	0.0010248
Q9UGL9	Q5T3J3	1	0.014045
P49005	Q8N1V2	0	0.00022634
P61218	Q9Y399	0	0.0047794
O94777	O60762	1	0.038568
P21673	O95251	1	0.022268
Q9P2W1	Q6PRD7	0	0.0069539
Q15583	Q99558	0	0.00043472
Q16576	Q16822	0	0.00020969
P32970	P26842	1	0.030819
O00462	P49753	0	0.0014619
B2CW77	O75891	0	0.022223
P40926	O75390	1	0.040434
O43292	Q9H490	1	0.015021
Q9Y3A3	Q5T3J3	1	0.011077
Q07820	Q96LC9	1	0.0021542
O60671	Q9NPB1	0	0.00097032
Q02363	P40261	0	0.0018032
P21549	Q9Y6H5	1	0.0019663
D3DTV9	Q6P1L8	0	0.42786
P68400	Q9UNN4	1	0.0103
Q00577	A2A3N6	0	0.00028816
P15848	Q2VPK5	0	0.024483
Q969F1	Q9Y239	0	0.00040497
P62917	Q11203	1	0.043197
Q8WXF8	O15519	1	0.010443
O75506	Q9Y676	0	0.00015113
P46783	O95251	1	0.005921
P62304	Q8N1V2	0	0.17754
B2CW77	P49915	0	0.0027374
P62805	Q14914	0	0.12085
O60268	Q96HW7	1	0.005104
Q14186	Q9BY32	0	0.089802
Q14186	Q9NZD4	0	0.00029823
Q00577	P56277	0	0.00016602
P15927	Q9BVJ6	1	0.0079402
P14866	P27695	1	0.001068
O75354	P54253	1	0.0039539
P21246	Q9UGL9	1	0.0082589
Q13571	O95208	1	0.007856
O43257	P67870	1	0.0038521
Q03431	P49407	1	0.01066
O60383	Q6P1K2	1	0.013312
P49842	Q14749	0	0.00019472
P42701	P29460	1	0.017767
Q9H1Z4	Q6V1X1	0	0.00023589
O95990	P82663	0	0.0013765
Q9UIF7	Q7L0Y3	0	0.0018527
Q14696	Q9NP92	0	0.00049403
Q96BP2	Q2VPK5	0	0.00079015
P17900	Q14894	0	0.001939
P17900	Q14CX7	0	0.00013843
P52961	P01127	1	0.005656
Q5U623	O75879	0	0.0021655
Q13432	O43252	1	0.020985
Q13573	P49458	0	0.0018319
Q8IXF0	P30711	0	0.31767
Q9UJX3	Q12834	1	0.0030584
P14778	P01584	1	0.03339
O94777	Q92535	1	0.0087628
P04004	P61812	1	0.011529
P06280	Q92598	0	0.055364
O96006	Q9Y4P9	1	0.0043872
P03372	P10827	1	0.0023859
P26368	P82664	0	0.0021906
O75818	P78346	1	0.022392
Q6IB77	Q5RL73	1	0.0026259
Q05952	Q16854	0	0.00014408
Q9H4I2	Q9BZQ8	0	0.00048325
O76003	Q9BQ66	1	0.020784
O60508	O75936	0	0.00065842
Q7L5N1	Q9BXR0	1	0.013278
Q99967	Q8TDY4	0	0.00060729
Q9BW71	P62805	1	0.00089731
Q5FBB7	P30154	1	0.010873
P19532	P31937	0	0.076831
Q9NQ92	O14713	0	0.0004117
P34741	Q03167	1	0.0025325
P08700	P32927	1	0.03568
P10912	P01242	1	0.026303
P12956	P54577	0	0.0021923
O75925	O15169	1	0.00058895
O75528	P82909	0	0.0067527
Q9Y2H0	Q05586	1	0.0049789
Q13610	Q6V1X1	0	0.00028986
Q16478	P58340	1	0.0027124
Q7L775	P26639	0	0.00034464
O96020	Q12849	0	0.0012839
Q13216	O14949	1	0.037736
Q13094	Q15464	1	0.004019
Q9Y6W3	P06132	0	0.0080378
P53618	P48444	1	0.0014857
O00716	Q9P0R6	0	0.010695
P21246	Q9BTY7	1	0.0062463
Q13077	P19438	1	0.010102
Q9UBR2	P46952	0	0.013013
Q03113	P16473	1	0.0099451
P22304	Q8TE02	0	0.00058505
Q9HBE4	Q9HBE5	1	0.023448
Q8N1I8	O00453	1	0.0031205
Q96BD8	Q9UL45	1	0.010624
Q09161	O95793	1	0.0090582
Q9UL40	Q12906	1	0.0057583
O75330	P16070	1	0.019465
Q9H0W9	Q9Y3D9	0	0.0005708
Q9NWT8	P59103	0	0.00030489
Q8TAE8	Q9GZZ1	0	0.00069135
O60583	P39023	0	0.00022814
Q03181	Q9NP74	0	0.0018696
O60583	P33402	0	0.00050691
Q99558	Q13077	1	0.002309
Q13416	P51970	0	0.00021375
Q01459	Q9NP92	0	0.0001911
P07602	O96006	1	0.031725
P13010	P82930	0	0.0012325
P10827	P61201	1	0.0056994
Q13432	Q99547	1	0.016231
Q8WY41	Q05586	1	0.0069418
Q9H1D9	Q92994	1	0.0014602
Q9UM13	Q13042	1	0.045214
Q8TDH9	Q96EV8	1	0.031242
P22087	Q99558	1	0.031791
P23759	O00764	0	0.0042543
Q5T0L3	Q15834	1	0.014633
Q92908	Q9BYD6	0	0.00034843
O00115	P51553	0	0.0024779
O43325	Q15102	0	0.00013209
Q6PIZ9	A0A5B6	1	0.036826
Q16656	O95786	0	0.00083328
O00198	Q07021	1	0.075069
Q9ULX3	P51970	0	0.00015155
Q12996	Q92844	0	0.00026229
P18858	Q8N4X5	0	0.00054296
O77932	Q14254	1	0.0299
Q05048	O14920	0	0.005352
Q9UK76	Q6XE24	0	0.00048448
Q8TCJ0	P82933	0	0.00029872
Q9UGJ1	P23258	1	0.0024635
Q9H211	P12004	1	0.0006954
Q9NTK5	Q9H1I8	1	0.0053952
O00287	O14618	0	0.00050003
P62380	O60664	1	0.015773
Q14019	P09917	1	0.0093146
Q9BUI4	Q9UKN8	1	0.0040514
Q9Y2T2	P55087	1	0.0096813
P25208	Q9Y2J8	0	0.00041321
Q9NWT8	P82909	0	0.0034278
Q92966	Q9BUE6	0	0.0012647
Q6UXN9	Q9H7D7	0	0.0018657
O60508	P49675	0	0.0053969
Q9Y3F4	Q9H840	1	0.013288
Q9Y3C7	Q96G25	1	0.012961
Q86WB0	P82675	0	0.00061313
Q15645	P30039	1	0.0074826
Q99933	P03372	1	0.014964
O95926	Q16612	0	0.0010573
Q92973	P09132	1	0.01084
Q9UMS4	Q9UPT5	1	0.010406
P16455	P82932	0	0.10455
Q01459	A2A3N6	0	0.00019478
Q92908	Q07617	0	0.00037258
Q9BSH3	Q8N6F7	0	0.00034916
O95273	P82933	1	0.01948
Q53GS9	Q9NZD2	0	0.00021102
Q6ZYL4	Q9BTM9	0	0.0013156
O00623	P56589	0	0.0020808
Q7L5N1	Q9Y4P8	1	0.0049671
Q96AV8	Q07617	0	0.0004625
P26368	P54577	0	0.0031697
Q8N9N5	P31937	0	0.14296
Q6P1J9	Q9UBR1	0	0.00027174
Q9UKA2	P63208	1	0.010959
P05060	O15527	1	0.020146
Q16589	Q15257	1	0.00075346
P30519	P05067	1	0.014483
Q9H2F5	P15374	0	0.0008493
Q15185	P35869	1	0.001065
Q9BYH8	P19838	1	0.0049093
Q9NP85	Q9Y5K6	1	0.017979
P50150	O14775	1	0.0032805
Q02363	Q9HCN4	0	0.00042117
O60583	P28799	0	0.00038642
O96020	P46527	1	0.00035443
Q9GZX6	Q08334	1	0.035423
O43325	P21695	0	0.00052049
P49184	Q9BY32	0	0.001324
Q5MJ70	Q2VPK5	0	0.00081664
P04198	Q8WXI4	0	0.0002152
Q9NX01	P30711	0	0.37227
Q58WW2	Q8TDY4	0	0.00053542
Q13285	Q14894	0	0.016968
P03372	P19838	1	0.0071583
Q8NB91	Q9BYC2	0	0.00089121
Q8TDC3	P30291	1	0.0087959
Q9BT78	Q9UNS2	1	0.024376
O60907	P35222	1	0.0068414
P17480	Q03188	1	0.00037767
O43913	Q9UD71	0	0.00028554
O94776	Q16576	1	0.00058929
P12004	P12956	1	0.00070425
P03372	Q9H2W6	0	0.017628
Q00403	P47874	0	0.0084813
Q8N9N8	Q12849	0	0.0081054
Q92989	O75648	0	0.00061256
Q53H80	Q15834	1	0.023588
P13010	P12956	1	0.00046611
P21673	P49903	1	0.036195
O14745	Q03431	1	0.01034
Q6PJT7	O75880	0	0.0011061
P83369	Q6UB35	0	0.00077069
Q12929	Q9BYC9	1	0.029673
P62805	Q9UI17	0	0.0021431
Q9HB96	Q00597	1	0.0004118
Q9BSH3	Q8WUN7	0	0.00028808
Q92597	P26639	1	0.033517
Q8NB91	Q04837	0	0.020894
Q9Y2U9	Q16851	0	0.0012389
P49736	O95848	0	0.022514
Q9BWT1	O60783	0	0.00018962
O43261	Q9GZT6	1	0.0072399
O95081	Q9UBC2	1	0.012288
Q00403	P29083	1	0.00081289
Q06265	Q9Y2L1	1	0.0040112
Q16514	Q99551	0	0.00035669
P13984	Q9NY74	0	0.00038123
P54278	Q16740	0	0.09465
Q8NFZ5	P19838	1	0.013899
P04155	Q86XP6	1	0.011008
P21673	Q5RL73	1	0.013219
Q96N16	Q9UBS5	1	0.01294
P21673	Q9BQ70	1	0.0029167
Q96SB4	P26368	1	0.0052024
Q96D98	Q16698	0	0.058311
Q8TCE9	P61970	0	0.00012303
Q16665	P27695	1	0.0033614
Q15029	O15145	1	0.0045046
P02774	Q5T3J3	1	0.012358
Q14974	P55060	1	0.040531
P35869	P06400	1	0.0035746
Q9NP62	O15379	1	0.0012611
P15848	Q92844	0	0.00025949
Q8N9N5	Q16822	0	0.015028
O43929	Q13416	1	0.00058425
Q07352	P13995	0	0.019436
Q7Z5Q5	Q9GZZ1	0	0.0093984
Q9UHR5	O60477	0	0.00014348
Q00403	P13984	1	0.0010212
O14544	Q15370	1	0.0004956
Q99547	Q8N392	1	0.00041906
O00716	Q03013	0	0.00021787
Q9H2F5	Q7L3B6	0	0.00029362
P52657	P29083	1	0.00055025
Q9H2F5	P61970	0	0.00012894
Q9HCU9	Q5T3J3	1	0.0046799
Q86WB0	Q99558	0	0.00051766
Q03181	Q9BPZ3	0	0.00077793
Q9Y678	P48444	1	0.007202
P29084	Q9BRJ2	0	0.0047792
O00462	P55084	0	0.058784
P05060	P17480	1	0.0072195
Q9UBX1	P59103	0	0.00041197
P59998	Q8IXH7	1	0.0068757
P46977	Q8NCD3	1	0.0058748
Q9H1D9	Q5T3J3	1	0.0029868
Q9BRA2	P01185	1	0.0067008
O00623	O75381	0	0.00070488
Q14781	O15091	0	0.00041222
Q9NWT8	Q9Y3D9	0	0.00023087
Q9NX01	P35754	0	0.006561
O95793	P05388	1	0.0033674
Q92990	Q9UNZ2	1	0.0028842
P49917	Q6UB35	0	0.010493
O95994	Q9GZT6	1	0.01542
Q9NQ92	P59103	0	0.0011246
P07498	P05814	1	0.0023517
O43913	P63302	0	0.01896
P86791	Q96RP9	0	0.025824
Q9NVU0	Q16851	0	0.0035395
Q96H20	Q86VN1	1	0.0085255
P07686	P63302	0	0.0081141
P62888	Q99558	1	0.010089
Q15762	P15151	1	0.019498
Q96RL1	Q9C086	1	0.0022352
Q16656	Q9Y234	0	0.0019687
O60508	Q13794	0	0.00014782
Q92542	P49768	1	0.006082
P50897	Q9GZT8	0	0.014693
Q9H5J8	P59103	0	0.0017182
Q13347	P03372	1	0.006228
O00311	O43913	1	0.001232
Q9BPX7	Q70Z53	1	0.0014671
P18074	P82650	0	0.00081874
O60671	Q96IV0	0	0.00021243
Q07352	P54136	0	0.00375
P35268	Q9UNZ2	1	0.0014589
Q9H4Z3	O60760	0	0.0007862
Q9UBU7	O00311	1	0.00057509
P35475	Q9BYD6	0	0.0002979
Q13889	P31937	0	0.041416
Q7L590	Q15834	1	0.0094204
D3DTV9	O95848	0	0.6301
P36915	Q70SY1	0	0.00099606
O43541	P82909	0	0.0036718
Q9NPI8	O14713	0	0.00069808
P60174	Q9Y234	1	0.013853
Q9UDW3	O43776	0	0.00028571
Q8WTW3	Q96MW5	0	0.00033509
Q9BWT1	Q9P2W6	0	0.0080039
P54253	P16383	1	0.0022424
Q99828	Q14596	1	0.0095346
P16455	P68400	1	0.027287
P55060	P35268	1	0.0022499
Q6UXN9	Q9NZE8	0	0.00012854
Q5VVH5	P51617	1	0.013826
O95059	O95707	1	0.0003255
O43513	Q9NRN7	0	0.00021341
Q8NB91	P62269	0	0.16899
O95251	P49736	1	0.0014217
P62875	Q9BU02	0	0.0071883
Q9P021	Q12959	1	0.018085
O95990	Q9Y291	0	0.00014733
Q14186	Q9UHD2	0	0.0032217
Q14186	P82912	0	0.0035139
O15514	P82932	0	0.063456
O43513	P40925	0	0.028172
Q9H4I2	O15235	0	0.00035456
Q7Z5Q5	Q9P2R7	0	0.011022
Q53GS9	Q9NP97	0	0.00022299
O95059	P78346	1	0.008804
P10827	Q13569	1	0.0007189
Q92908	Q13405	0	0.00044769
O95926	Q9H0U6	0	0.0025386
Q9UNL2	P51571	1	0.010008
Q9P2W1	P33402	0	0.0010762
Q9NWT8	P49406	0	0.00026183
O15372	Q15834	1	0.015201
Q15583	Q9Y3D9	0	0.0001967
Q9P2W1	P00558	0	0.00050888
Q9GZT8	Q9H773	1	0.027317
Q9NQ92	P49902	0	0.00027155
P51116	Q5VSY0	1	0.0067978
Q03013	Q96ID5	1	0.087816
P84090	Q96ID5	1	0.028426
Q9Y294	P82663	0	0.0046896
Q5FBB7	P18124	1	0.0032347
D3DTV9	P54577	0	0.30501
P38432	Q9Y4C2	1	0.0076624
Q13790	P02652	1	0.033091
P06401	Q9H467	1	0.0057668
Q8NBJ4	Q9GZP1	1	0.0057053
Q9HAN9	Q9P032	0	0.0010897
Q9H147	P78540	0	0.00050699
Q02878	P47914	1	0.00015062
O43929	Q9NZD4	0	0.0002737
O43929	Q9UJM3	0	0.00031146
P09669	P21246	1	0.0082946
Q9NVR2	P13693	0	0.0001705
P56537	Q9Y2X7	1	0.020685
P13686	O14737	1	0.019466
Q15542	Q14CX7	0	0.00036305
P29084	O75891	0	0.0087648
P36542	Q9HCC8	1	0.011525
P17480	P48147	0	0.0002911
Q9UHX1	Q05519	1	0.0021727
P18074	Q9H0U6	0	0.0053033
Q03113	Q15283	1	0.002405
O15287	Q00597	1	0.0091157
Q9UNI6	Q04837	0	0.0087732
O60583	Q7Z2X4	0	0.00055509
P09132	P49458	0	0.0028711
P37198	Q14974	1	0.019149
Q9UHR5	Q9BYC2	0	0.00040705
Q9Y675	Q9BYC2	0	0.010435
P16383	O60551	0	0.00030681
Q12929	Q15834	1	0.010376
P21246	Q9HC16	1	0.0062853
P63208	Q9UKT4	1	0.005009
Q9Y657	Q9NRN7	0	0.0013134
P38484	P15260	1	0.0035964
Q92979	Q07666	1	0.015872
P04066	Q9UN86	0	0.0011031
P21673	Q9BWH2	1	0.051976
O00623	O96011	0	0.00052124
Q9Y6X1	P60468	1	0.00769
Q9NWT8	Q16719	0	0.00039683
P32780	P21673	0	0.0059848
P37108	P49458	1	0.0081371
Q12996	P21695	0	0.015453
Q8WYA6	Q9UBR1	0	0.00021335
Q16533	P39023	0	0.00067107
P29083	P61970	0	0.00037171
Q9UHD2	Q92844	1	0.00080945
Q15650	P19838	1	0.0037354
O00116	O15228	1	0.0042623
Q9NZJ7	P49768	1	0.022903
P61218	P15104	0	0.00038224
Q92759	Q8IVS2	0	0.011686
Q9NX01	Q7Z2X4	0	0.00075725
Q15583	Q5T3J3	1	0.0013912
Q02363	Q9P0M9	0	0.010269
O75716	P19419	1	0.0075203
P50897	P31937	0	0.10985
Q5JVS0	Q70Z53	1	0.0082878
Q9H081	O14777	1	0.012086
O95990	Q9BRJ2	0	0.00076883
O43541	Q9BZL1	0	0.00032714
Q01459	Q16719	0	0.00053983
Q92560	Q9H0U6	0	0.0022424
Q53H80	Q9Y239	0	0.000263
Q6QNY1	Q8TDH9	1	0.044183
O75934	P06401	1	0.0029251
P21673	Q9NPI5	1	0.0045101
Q99081	Q02363	1	0.00059407
Q96BP2	P49902	0	0.00017173
Q8N715	Q9BQ66	1	0.015774
O43365	Q92598	0	0.0020282
O94864	O00471	0	0.00056837
Q01081	P48200	0	0.0010056
O75503	Q9NZD4	0	0.00010795
Q8IXF0	P30838	0	0.050419
P60228	Q9HC44	1	0.0027045
Q7Z434	O95786	1	0.00095843
Q8WUH2	P09917	1	0.00067919
Q96KF2	P09132	0	0.00017023
P35475	Q9HCN4	0	0.00022894
Q9UI46	P43034	1	0.000912
O00257	O43182	0	0.00018632
O43365	Q16719	0	0.00097871
Q9Y262	P60228	1	0.0059441
Q9BWT1	Q8N427	0	0.00073289
Q92966	O75897	0	0.00077201
Q13568	Q08257	0	0.025539
Q9H147	P00558	0	0.00016967
O43395	Q15834	1	0.0097737
O15379	O75081	1	0.0043231
P18074	O14920	0	0.0057926
Q9UBD5	Q99741	1	0.00059477
P52657	Q9Y676	0	0.00028456
Q9NQ92	P32929	0	0.0043569
Q9Y5N6	Q99741	1	0.00077594
Q6ULP2	Q9NZ52	1	0.0026232
Q9H944	Q96G25	1	0.01704
O15455	Q99836	1	0.0055864
Q58WW2	P46952	0	0.0037904
P54803	P07741	0	0.0013439
Q9BSF8	P82675	0	0.00094693
Q9BV38	Q8NC60	1	0.00092172
Q07352	O75897	0	0.00097416
P17900	P82914	0	0.00013946
O76039	P82930	0	0.019085
P83369	Q01581	0	0.0007836
Q9H1D9	Q9UKN8	1	0.0020747
P16871	P13232	1	0.026219
P67870	P38432	1	0.0043995
O75528	Q8N142	0	0.005341
Q9UI12	P36543	1	0.010512
P62805	P07195	0	0.014155
Q8NBJ4	Q9H8U3	1	0.0030647
Q7L775	O60477	0	0.00013937
Q13480	Q9GZY6	1	0.00040023
Q64ET8	Q9UDX5	0	9.8714e-05
P09430	P49753	0	0.00029738
Q0VD86	P00558	0	0.00022488
Q7L4P6	Q9NSA3	1	0.00056341
O43543	Q9H7D7	0	0.00084713
Q15388	Q99689	1	0.013622
Q8WX92	P06132	0	0.0011251
P62875	P51970	0	0.00030627
P23759	P26639	0	0.0023825
P18858	O75570	0	0.0040822
Q9BWC9	Q5T3J3	1	0.0019019
Q96EC8	Q9BWQ6	1	0.0028318
P18858	Q9Y234	0	0.00029179
O00257	Q9Y676	0	0.00019912
P23921	P31350	1	0.00023311
Q9UJC5	Q9Y6K8	0	0.025124
P52434	P36954	1	0.0011863
Q9HAW0	P51580	0	0.00030873
P38571	P39023	0	0.011868
P07737	Q5T3J3	1	0.014502
O43929	P55084	0	0.0046153
O96011	P56589	0	0.00053294
P17480	P68400	1	0.016498
P04843	Q6IA17	1	0.012694
Q9NRX3	Q9GZU0	1	0.00048381
P29083	P51398	0	0.00050776
Q9NPI8	Q01581	0	0.0032443
P21246	Q9H8G2	1	0.0031714
Q16478	O43292	1	0.01093
Q9UI36	P49458	0	0.0027141
Q9HAN9	Q16698	0	0.055524
Q99933	P06400	1	0.014504
P29084	Q14442	0	0.00089189
P32780	P29084	1	0.00040411
Q9H1I8	Q15650	1	0.0013366
Q9BYD3	Q9GZR7	1	0.0042782
Q6WBX8	O75943	1	0.00068196
P0C870	P04278	1	0.06606
P15848	Q9Y239	0	0.00025884
Q8N5M1	P25705	1	0.017758
Q16594	Q00403	1	0.00062638
Q9H8T0	Q14181	1	0.0010849
Q96T60	P12081	0	0.0059873
Q15761	P01303	1	0.0063962
Q9H5F2	P51970	0	0.0001336
Q9H147	Q96HU1	0	0.00018578
P15586	Q14749	0	0.0004881
Q9UKJ5	Q9BQ66	1	0.0056509
P21246	Q96EW2	1	0.006038
Q58WW2	Q9Y3D3	0	0.004365
P21673	Q9BVJ6	1	0.039602
O00115	Q9NYK5	0	0.0012266
Q13243	Q9Y2T2	0	0.0002646
Q92560	Q9BU02	0	0.0020236
Q9NQX3	P07737	1	0.01393
Q15642	P18545	1	0.0030306
P09693	P04437	1	0.019048
Q9NYG5	Q9UJX6	1	0.020261
Q9UMX1	Q9NPA3	1	0.0013261
P21246	Q9NQZ2	1	0.0037983
Q9P0K8	O00471	0	0.00033371
Q8WYA6	Q14CX7	0	0.00021292
Q15543	P20807	0	0.0014297
Q6P1J9	Q9P0R6	0	0.0067117
Q9NR56	P55084	0	0.0024424
O75503	P78540	0	0.0014059
Q92597	P39023	1	0.019135
Q92598	P43034	1	0.0049419
P32780	P12081	0	0.0023445
O43633	O94818	1	0.0096525
Q969H0	P49768	1	0.0063537
P56537	Q14181	1	0.015192
Q9UDW3	Q9BZQ8	0	0.00017255
P07686	P09132	0	0.0002759
Q5MJ70	P63302	0	0.0081959
Q9UIF7	Q9H6S1	0	0.00072239
P04066	Q14CX7	0	0.00072701
Q8NFW8	P33402	0	0.0052873
O75460	P49768	1	0.0093218
P15927	P49736	1	0.0051898
Q8TA86	Q01081	1	0.0093538
Q9Y262	Q9UBQ5	1	0.010734
P51116	Q15834	1	0.0055486
P62304	O60239	0	0.023696
P56537	Q9BZI7	1	0.017732
P68400	P55087	1	0.0139
P10124	P02768	1	0.013888
Q86UN6	P31323	1	0.02157
P84090	Q7L5N1	1	0.0083821
P30793	P05026	1	0.056107
P54253	Q9NRX4	1	0.0066711
Q9HCC8	Q70Z53	1	0.0059475
O15514	P62875	1	0.0028787
Q8WTV0	P02649	1	0.023672
O60762	P82663	0	0.0012376
O43913	P13995	0	0.01914
P59998	O15145	1	0.0075859
P36954	Q9HD40	0	0.00050021
P12004	Q03013	0	0.013852
Q9Y294	Q13112	1	0.00078355
Q06265	Q9NQT5	1	0.0082693
Q9H8M7	P40261	0	0.00096979
Q99558	Q9UNE0	1	0.007319
O60238	P17152	1	0.0011633
O60508	Q92598	0	0.0013297
P68400	P04198	1	0.017247
P12956	P06401	1	0.00059319
Q15583	Q9Y3C7	1	0.018078
Q9UBU7	Q9HD40	0	0.00068548
Q64ET8	Q6WQI6	0	0.0016687
P61218	Q9P0J6	0	0.01051
Q9H0W9	Q9BYD2	0	0.0060262
Q9Y3A3	Q9BTT4	1	0.029899
Q64ET8	Q01581	0	0.00040467
P62487	Q92598	0	0.0055327
Q15291	Q9BYC9	0	0.028069
Q92828	O60907	1	0.001884
Q14696	P62917	0	0.022865
Q07820	Q13323	1	0.0027435
Q5T3J3	Q16891	1	0.0038669
Q5T3J3	P82932	1	0.046727
Q13243	P61970	0	0.00016975
Q6ZYL4	P19447	1	0.0012047
O43395	Q9C005	1	0.0011022
Q8TEL6	P19438	1	0.012695
Q9Y698	Q12959	1	0.0042408
P14222	Q9GZR7	1	0.021727
P21246	O76061	1	0.0063294
P12004	Q04837	0	0.01052
Q99627	Q13572	1	0.013868
P07686	Q9Y2J8	0	0.00025882
Q9UJW9	O75170	0	0.00032251
P30154	Q99497	1	0.014583
P49005	P12004	1	0.0018481
P48551	P52630	1	0.0084134
O75528	Q9BRR6	1	0.0016774
P49184	P40925	0	0.026265
Q92989	O14561	0	0.047517
Q96BN2	Q9NY33	0	0.0025778
Q9UHI5	Q07837	1	0.0050282
O95870	Q9H0R3	1	0.018426
Q9UNN5	Q9H1I8	1	0.0020743
P17480	Q8N6F7	0	0.00053259
P04066	Q92844	0	0.00062474
P17540	Q13432	1	0.02779
Q8NFW8	Q8IXM3	0	0.00090963
P20290	Q8WWV3	0	0.060246
P09012	O60239	0	0.00030012
O43929	Q9Y5N6	1	0.00082882
P13010	Q13416	1	0.00047122
Q12824	O15169	0	0.00032554
P35475	Q9NX20	0	0.013947
Q15543	P61970	0	0.00038182
Q9P0K8	O60783	0	0.00014648
P68400	Q16666	1	0.020975
P27695	P83111	0	0.0031892
P05067	P49768	1	0.0057782
Q9BTP7	Q8WXI4	0	0.05904
Q99627	Q9UBW8	1	0.024361
Q5TB30	O00764	0	0.0015795
O95411	Q9BU02	0	0.026229
O75503	P33402	0	0.00063052
Q5XKR4	Q9UHN1	0	0.057713
Q9Y2H0	Q12959	1	0.010831
Q53GS9	Q7L3B6	0	0.00026678
O76003	O95544	1	0.01165
P54368	P11926	1	0.0035938
P62487	O15091	0	0.0083594
Q96MU7	Q07666	1	0.013736
P12004	P49753	0	0.04697
O75553	P05067	1	0.0045655
O15379	Q9Y2Q9	0	0.058253
Q13432	P84090	1	0.021708
P22304	Q9Y3E5	0	0.0039115
Q13685	Q8IXH7	1	0.00092851
P21246	Q15388	1	0.0037677
O43513	O14618	0	0.00038646
Q9UM13	Q9UJX2	1	0.039584
P78536	Q12959	1	0.015369
P03372	Q99551	0	0.0064784
O43493	P05556	1	0.02431
Q5JTV8	P02545	1	0.001366
P18858	P48147	0	0.00027352
Q8WYA6	P17987	0	0.00065474
O94906	Q9BU02	0	0.0040745
Q8TDC3	P30305	1	0.0071959
P51811	P68400	1	0.020963
O60762	Q8N427	0	0.0013885
Q9H0W9	P13995	0	0.10163
Q03181	O00764	0	0.024461
Q16576	Q9UKG1	1	0.0046109
Q96HA8	Q7Z6G3	1	0.027151
Q8TCJ0	Q8WXI4	0	0.00015857
Q9UJW3	Q9UHA3	1	0.0037018
Q92597	P60228	1	0.015923
P32780	P06132	0	0.0045404
Q9UGP4	O95059	1	0.003239
O43808	P40855	1	0.038271
P46952	Q99259	1	0.028598
O15379	P06400	1	0.0029167
Q12824	Q9NT62	0	0.00028664
Q49AN0	Q9UKT4	0	0.0010959
Q99689	Q86Y56	1	0.014213
O95551	P12081	0	0.00032025
P20916	P02686	1	0.014081
Q9UHV9	Q9NQP4	1	0.0092674
O75530	Q12972	1	0.0026954
P45974	O75528	1	0.0012891
Q9NWQ8	O14745	1	0.0047837
P19320	P05556	1	0.019579
P62805	P82909	0	0.0025759
O77932	Q01780	1	0.0020146
Q8TF76	O75570	0	0.0038972
P52657	P14324	0	0.00067411
Q9P298	P0CAP2	1	0.027095
Q9NWT6	Q16665	1	0.064604
O43913	Q9BZQ8	0	0.0002081
Q9H8M7	Q93088	0	0.010428
Q7L775	Q9NZE8	0	0.00012267
Q03181	O60760	0	0.03747
P04406	Q15102	1	0.035725
Q9UNI6	Q9UI17	0	0.012306
Q9H4I2	Q9NX20	0	0.018067
O75446	Q6PRD7	0	0.012955
Q9UNE0	Q92838	1	0.0098309
Q12929	P05556	1	0.0029983
P49005	P21695	0	0.0022181
P15927	Q15011	1	0.0089207
Q96KF2	P82912	0	0.00063847
P13727	P04141	1	0.078252
Q96T60	Q9H6S1	0	0.0024267
P36542	P21246	1	0.004513
O95994	Q9Y3C7	1	0.03194
O76039	P50135	0	0.024584
O00311	O75897	0	0.011594
P51116	Q7Z6G3	1	0.021967
Q6UXN9	O60551	0	0.0003459
Q92759	Q9NP97	0	0.00025223
P67870	P68400	1	0.005391
Q92624	Q8N140	1	0.017094
P21673	Q9GZT6	1	0.024288
P52657	Q96RP9	0	0.0031389
P29274	P00813	1	0.0049691
O76003	Q70Z53	1	0.0046608
P52657	Q7L0Y3	0	0.0011017
P06400	P62269	0	0.12133
P52434	P62875	1	0.0052604
Q8IU60	Q14181	1	0.00086944
P21246	Q9Y657	1	0.0080877
Q969G3	P83111	0	0.0033258
Q9Y6D9	Q9Y2J4	1	0.010429
Q13794	Q07820	1	0.0075386
Q9Y294	Q9UK41	1	0.022973
Q9NVR2	Q9Y3D9	0	0.00018359
O43541	Q8IVS2	0	0.0020687
P40933	P14784	1	0.0042825
Q86WQ0	P49406	0	0.013293
P62487	Q92844	0	0.00075163
Q9UBU8	P06400	1	0.00064936
Q92643	O43292	1	0.018369
O43543	Q9Y2J8	0	0.00032348
O94782	P09132	0	0.00045483
Q9NXE8	Q15834	1	0.012042
Q9NR82	Q9NRI5	1	0.0019173
Q7L590	O43929	1	0.00069435
Q7L8L6	Q15834	1	0.033602
Q15049	P13693	1	0.014436
O43427	P68400	1	0.039289
P67870	P03372	1	0.0054081
Q99436	Q92979	1	0.0084379
Q6ZYL4	Q9P0J6	0	0.10921
Q13569	P03372	1	0.00072251
Q9H5F2	Q13795	0	0.00041147
P41002	P40925	0	0.033904
Q00577	P49902	0	0.00025367
P40225	P40238	1	0.022291
Q9NUP1	Q8TDH9	1	0.028764
Q9NZ42	Q92542	1	0.015404
P35222	P19838	1	0.010869
O95411	Q8WWV3	0	0.66035
Q9NY97	Q96EU7	1	0.00075914
P20290	O15235	0	0.00011923
Q05048	O14561	0	0.08548
O95229	Q9H081	1	0.0057679
Q9NVU0	Q96EK5	0	0.00064999
Q16656	O60239	0	0.00088856
Q8NFW8	Q14442	0	0.0018217
O75528	Q96ES7	1	0.0046739
P55259	P04746	1	0.014
Q9UJX3	P30260	1	0.0038084
Q16594	P38432	1	0.00068552
P49842	Q9BU02	0	0.002778
O96011	P28328	0	0.00034137
O60763	P61764	1	0.017957
P12004	P18858	1	0.001408
Q9Y5Q9	Q14CX7	0	0.00058293
O60762	Q13867	0	0.00033155
P10451	P05556	1	0.0036519
O75528	Q9BYC8	0	0.0052875
P03372	Q00403	1	0.0022654
P49184	Q9BYC8	0	0.00054
O75916	O14775	1	0.0041625
Q86WB0	Q8N1V2	0	0.00022219
Q9BVK8	O95870	1	0.023834
P62875	Q9Y2T2	0	0.00044268
P06400	Q9BYG8	0	0.00028205
Q9H1Z4	Q8NFG4	0	0.00020611
P32780	P46952	0	0.039471
P26368	Q9UKJ5	1	0.00082972
Q8WYA6	O60783	0	0.00014086
Q9NVR2	Q13794	0	0.00011866
Q13285	Q9Y2J8	0	0.027293
P05556	P15529	1	0.01997
B2CW77	Q9NP74	0	0.0028939
Q02363	Q8N142	0	0.0038323
Q9BVJ6	O43261	1	0.0084434
P61604	Q13432	1	0.026921
Q969F1	P32929	0	0.0084433
Q8N9N8	Q8WWV3	0	0.18643
P68400	P30305	1	0.018068
O15514	Q9P0J6	0	0.06858
O75506	Q9UI17	0	0.0017158
D3DTV9	Q99558	0	0.07793
O96019	Q8IUQ0	0	0.0081748
Q9NZN8	Q9UFF9	1	0.00062862
Q5XKR4	Q9H6S1	0	0.00084526
O75446	P59103	0	0.0039689
Q9UK76	P47874	0	0.00021731
O43913	P07195	0	0.010946
P46977	Q9NQX7	1	0.0070357
O60762	P83111	0	0.00084516
P38571	Q8NFG4	0	0.0092333
Q0VG06	P54577	0	0.0044653
Q92966	P51857	0	0.0020609
Q5T3J3	Q9Y2X7	1	0.0060621
P50579	P41091	1	0.0069414
Q92597	P34897	1	0.047657
P36954	P82914	0	0.00038418
P18074	O95379	0	0.0014257
P15848	P34897	0	0.013373
Q9C002	Q8WUN7	0	0.0001901
Q0VD86	Q9BYD1	0	0.011269
Q13868	Q9NQT5	0	0.010486
O14745	P15313	1	0.009068
P60228	Q9GZR7	1	0.0066071
P38432	Q8NHQ1	1	0.003223
Q16656	Q16612	0	0.0069979
Q12824	Q14442	0	0.00057989
P17509	Q8IXM3	0	0.00041104
P21673	Q7L5N1	1	0.024989
Q96JN0	Q9Y239	0	0.00094353
P62805	Q99551	0	0.00015883
P61313	Q7L5N1	1	0.016631
P21673	Q9UKR5	1	0.020232
Q16533	Q9Y3D3	0	0.042386
Q58WW2	Q16612	0	0.00023817
P63272	P82914	0	0.00045583
P83369	Q16698	0	0.075479
P10412	Q9NX20	0	0.0020498
P83436	Q8WTW3	0	0.00040488
Q7L590	O75419	1	0.0009585
Q8N715	Q96LR2	1	0.017515
Q13442	P01127	1	0.0032959
P54253	Q8TE02	1	0.001895
P78549	Q14894	0	0.0017892
Q64ET8	P15559	0	0.0020289
Q9BVJ6	Q9GZM7	1	0.018394
O60383	Q12906	1	0.012288
Q05048	P09132	0	0.0006906
O43929	P82675	0	0.0012791
O00115	Q14749	0	0.00014915
O15379	Q92828	1	0.004603
Q13094	Q8WV28	1	0.0036757
Q9Y6C7	P03372	1	0.010745
O75971	Q9BZQ8	0	0.0011482
Q8N807	Q8N427	0	0.00071047
Q13569	Q96RP9	0	0.002172
Q9UNI6	O75879	0	0.0071649
Q9HCU9	O75446	1	0.00072806
O75818	O75817	1	0.0023982
Q9GZM8	P62258	1	0.012448
Q9UFW8	Q99551	0	0.00029665
P47756	Q9BYC9	1	0.14805
Q9UJC5	Q9Y3D3	0	0.89598
Q13889	P14324	0	0.00033017
P55058	P02649	1	0.031668
Q9H0W9	Q93088	0	0.089864
Q8N9N8	Q92844	0	0.00067489
P63272	P82663	0	0.0022125
Q8NFW8	O43182	0	0.00084284
Q9NPI8	O15287	1	0.0098273
P78549	P35270	0	0.072427
P61218	Q13867	0	0.00023086
P13984	O60239	0	0.00037332
Q13568	O95848	0	0.0092437
Q9BQ83	Q9H2W6	0	0.0060203
Q96ME1	Q9BQ66	1	0.019472
P63272	Q8N4X5	0	0.00032096
O43513	Q9H0U6	0	0.0010682
Q16594	Q7L3B6	0	0.00035516
P27169	P02647	1	0.060402
Q9ULX3	Q02252	0	0.0076057
Q969F1	O60477	0	0.00042702
Q9UI36	Q9UBR1	0	0.00042805
O75553	P43034	1	0.0054406
P35475	Q15185	0	0.00011659
Q01831	P32780	1	0.00077341
P36915	Q8TAU0	0	0.0016711
P03372	Q9UN86	0	0.0012909
Q9UL03	P34897	0	0.001582
Q9Y5N6	P33402	0	0.0049883
Q9UNZ2	Q13190	1	0.0022249
Q9UKF6	Q16822	0	0.00040663
P06748	P24522	1	0.011906
P58753	P20963	1	0.012406
Q92597	P11940	1	0.017551
Q6VY07	Q9NZ52	1	0.0066358
Q9P086	Q96G25	1	0.011181
P16455	P50135	0	0.00065339
Q05048	Q9Y2J8	0	0.00051879
Q9NV56	Q92598	0	0.00076249
Q15834	Q9Y247	1	0.012527
Q7Z5Q5	Q15185	0	0.00075371
P35222	Q16665	1	0.0069233
P27695	O75534	0	0.00066275
Q9BQ66	Q9P2Z0	1	0.0023347
P49356	P49354	1	0.018754
P51946	P29084	1	0.00049554
Q9BSF8	Q9BRA2	0	0.00046073
Q99665	P29460	1	0.020452
O15342	P36543	1	0.013463
P78549	Q14442	0	0.0002003
P54253	P38432	1	0.0037708
P68400	Q6VY07	1	0.017864
Q00577	P39023	0	0.00021518
O43929	P12081	0	0.0013902
Q9UNI6	P23921	0	0.00099401
P13686	P21673	0	0.0013706
Q9Y6X1	P27824	1	0.010989
P36954	P35754	0	0.0020586
Q13416	P82933	0	0.0010811
O76039	Q9P0R6	0	0.052673
P29083	P49675	0	0.021253
P40189	P13725	1	0.029715
Q53HV7	Q9BYG8	0	0.00011435
P54253	Q96IP4	1	0.0041966
P49184	O75534	0	0.00039017
Q8NEC5	Q9UKJ5	1	0.0066929
Q9NZD8	Q53H80	1	0.014298
P56159	P39905	1	0.015519
P13686	Q99551	0	0.00018097
Q9NVU0	Q9H2W6	0	0.0043491
Q9BRK4	Q15834	1	0.0063371
P41002	Q9NZJ9	0	0.0037588
Q13416	O75419	1	0.00064021
Q5T124	Q8IYR0	1	0.002436
P04198	Q96RP9	0	0.0015554
O15379	O60907	1	0.0037776
Q9UJX6	Q12834	1	0.0017177
P13010	Q9UN86	0	0.00041608
Q13889	P54136	0	0.0025132
O75925	Q13285	1	0.0015478
Q9UBU8	P30838	0	0.019982
Q92560	Q9Y291	0	0.00018848
P37198	Q03933	1	0.009634
O14777	Q9UL45	1	0.0078681
Q16533	Q13162	0	0.01967
O94782	Q9BTM9	0	0.00081121
P13051	P15927	1	0.061386
Q96JE9	Q13077	1	0.028811
O43148	Q9H9J2	0	0.00034211
Q15257	P68400	1	0.044128
Q9BT78	P61201	1	0.01315
P51617	P02686	1	0.021256
P18074	P55084	0	0.0073958
Q13573	P82914	0	0.00053368
Q8TCE9	P21695	0	0.0027567
Q9HB89	P48645	1	0.0065921
P16150	P35222	1	0.0074911
P13686	P10451	1	0.0017584
Q9HC73	P16871	1	0.0042183
P31785	Q01113	1	0.0061417
Q9HCY8	Q96FQ6	1	0.0054476
Q15528	Q8NBJ4	1	0.01185
Q15645	Q96LM6	1	0.001992
Q8WXD5	P62304	1	0.04116
P51946	P48200	0	0.00096808
P30154	P35613	1	0.016986
P49842	Q8WUN7	0	0.0002155
Q03167	P05111	1	0.0022499
Q0VG06	Q9BUE6	0	0.002006
Q9H611	Q9P0J6	0	0.0098078
Q13888	P09132	0	0.0011064
P21673	Q9BSH4	1	0.034711
Q13573	P31937	0	0.11071
Q969G3	P82932	0	0.064888
P21695	P21246	1	0.010512
O95084	Q9H0R3	1	0.0084215
Q92979	Q96DW6	1	0.019394
P04198	Q04837	0	0.0047377
Q9H8M7	P51970	0	0.00036073
Q12857	P10155	0	0.00043467
O60925	Q16891	1	0.0037056
O75052	Q9Y272	1	0.00095176
Q07817	P99999	1	0.020539
O43325	P32929	0	0.001749
O60583	Q15102	0	0.00050309
P09012	Q9BU02	0	0.0026238
Q16514	P32929	0	0.0040085
Q6PJT7	Q96EK5	0	0.0002769
P43351	P18074	1	0.00064956
P16455	Q9Y399	0	0.016713
Q92542	P05067	1	0.0021339
Q9H2F5	Q16698	0	0.040823
Q9H611	O75897	0	0.00058872
O75901	P19021	1	0.0031272
Q9H0I2	Q15834	1	0.010978
Q7Z5Q5	P12081	0	0.014905
Q03135	Q14254	1	0.017936
P0C1Z6	Q59EK9	1	0.0019839
Q14746	Q96MW5	0	0.00049342
P12956	Q8IXM3	0	0.00054453
Q15102	Q5T3J3	1	0.024838
Q9NQ92	O76031	0	0.0090423
Q00403	P20807	0	0.006852
Q8NFZ5	P21580	1	0.010789
P78549	Q16719	0	0.00087457
Q9GZP8	O15169	0	0.00020722
Q96MU8	O94907	1	0.0033542
Q92560	P31937	0	0.060602
P16410	P33681	1	0.012101
Q99558	P46777	1	0.01413
Q13416	Q9BYG8	0	0.00029016
P06401	P03372	1	0.0012349
D3DTV9	Q9NY33	0	0.068996
Q9H4I2	Q15102	0	0.0017114
Q9HAW0	P54687	0	0.0048039
P49736	P62701	1	0.0032731
Q53HV7	P78540	0	0.00075156
P04553	P47874	0	0.00014512
P68400	P84090	1	0.027009
Q13432	P49903	1	0.015915
P61247	O00422	1	0.00071992
Q96D98	P49915	0	0.0013618
Q9UDW3	Q16740	0	0.015503
P10827	P24385	1	0.0038241
Q9UM82	Q13794	0	0.0001465
P68400	P55042	1	0.022796
Q07352	Q14914	0	0.057331
P15907	P20273	1	0.01426
Q9UJC5	Q6PRD7	0	0.17383
Q9BTP7	P49406	0	0.11286
Q9Y3T9	Q5T3J3	1	0.0057493
Q15542	Q15185	0	0.00024734
Q12857	Q8N183	0	0.00026017
O94906	Q53GS9	0	0.00097567
Q9HAN9	P48200	0	0.0012404
Q99547	Q5T3J3	1	0.0007402
Q9H4Z3	O00764	0	0.0040613
O60671	Q9NZJ9	0	0.0027699
Q01081	P31350	0	0.0001746
O75381	Q96G25	1	0.0071704
Q7L775	Q16540	0	0.020488
O95793	P62424	1	0.013965
P49005	P07195	0	0.016735
Q9H939	P04278	1	0.015984
Q9UI36	Q6P1L8	0	0.012349
Q8N807	Q9BZQ8	0	0.00028881
Q9Y6I8	P40855	1	0.032613
O75506	Q01581	0	0.00065139
Q92611	P27824	1	0.027816
Q15645	Q53HV7	1	0.021624
Q969G3	O43182	0	0.00028118
O60383	Q15102	1	0.026313
Q99836	P14778	1	0.010891
O75530	O15379	1	0.0035467
Q12996	Q8N983	0	0.00089865
P00491	Q5RL73	1	0.0032527
Q15562	P07741	0	0.0097015
O95870	P03905	1	0.02775
Q6ZYL4	Q96EK5	0	0.0020355
P47224	Q9BVJ6	1	0.019967
P55084	P05067	1	0.015018
O60383	Q9BRR6	1	0.010831
O95219	O00499	1	0.038127
Q9NP98	O15273	1	0.00030787
O15169	Q9BVJ6	1	0.0022114
Q02094	P06028	1	0.0025815
Q9Y5K6	Q13563	1	0.010123
O43541	P14061	0	0.098358
P12956	A1L0T0	1	0.0014478
P07686	Q9Y3D3	0	0.0056632
O75528	P46783	0	0.002629
Q05952	P30711	0	0.0039556
P16455	Q9NP97	0	0.00022977
Q9UFW8	O75170	0	0.0002658
P07686	Q8WUN7	0	0.00023758
Q9BWT1	Q9BZL1	0	0.0010469
Q9UPV9	Q16740	0	0.062896
Q969G3	P82914	0	0.00025941
Q9UM82	Q8WWV3	0	0.035175
Q8TAE8	P49914	0	0.00037175
Q8TCE9	Q16540	0	0.032204
Q9BWT1	P21695	0	0.0075367
Q13889	P23921	0	0.00027924
Q13951	P05060	1	0.015649
Q8IXF0	P78540	0	0.00595
P38432	Q9P2G9	1	0.0019497
P78552	Q8TDR0	1	0.011139
Q8TCE9	P51970	0	0.00014469
P36954	Q14CX7	0	0.00022733
P63272	Q96EK5	0	0.00025666
P36954	Q9P0R6	0	0.0022384
O75506	Q96RP9	0	0.0047305
O15519	Q07817	1	0.01621
Q5RKV6	Q06265	1	0.0075196
Q9UM82	O60477	0	0.00018259
Q96LW7	O95999	1	0.0030817
Q9NV58	Q9Y6H5	1	0.001398
Q14781	Q8N1V2	0	0.00043337
Q9NQ92	Q14894	0	0.0018283
P62487	Q01581	0	0.0065723
P49902	P51116	1	0.015325
Q03013	Q13432	1	0.091625
Q9UBW8	Q9UNS2	1	0.0083781
Q6NSW5	Q8N2U0	1	0.015721
O75381	P28328	0	0.00053523
O43365	Q6V1X1	0	0.00089661
P22570	P10109	1	0.022884
Q9HAF1	Q969R5	1	0.017366
P30260	Q9UM13	1	0.049221
Q9UNI6	Q07617	0	0.00070753
Q58WW2	Q96M11	0	0.00026131
Q9NV56	Q9HD33	0	0.00035435
P56537	Q02878	1	0.021061
O96020	P78540	0	0.00077132
B2CW77	P46952	0	0.0025225
O95870	P03897	1	0.017138
Q13868	Q9Y3B2	0	0.0085262
Q92624	Q6PEW1	1	0.0065229
Q969G3	Q9HCN4	0	0.00039318
O60925	Q9H7V2	1	0.0023062
Q9H9Q4	P49917	1	0.0013206
P30519	Q7L5N1	1	0.015114
P15848	Q9UI17	0	0.042767
O43513	P39023	0	0.00016266
O43261	Q7L5N1	1	0.0081765
Q14061	Q7L5N1	1	0.011392
P03372	P82650	0	0.0040755
Q12972	O76061	1	0.0064016
O60925	Q9Y3C7	1	0.023093
Q9P0K8	Q9NVV4	0	0.00021729
P38432	Q9GZT8	1	0.0041275
Q9Y675	O14618	0	0.0087576
O94811	P04406	1	0.017869
P00491	Q5T3J3	1	0.0037252
P06400	Q9BYC9	0	0.051117
P57739	Q9BQ66	1	0.0055887
O60508	Q9P0M9	0	0.00080297
O00716	P17987	0	0.00035625
Q16594	Q9UI17	0	0.0096403
P07686	P83881	0	0.00037548
Q01780	Q99828	1	0.0061653
Q8IU60	Q9UJ70	1	0.0062155
P03950	Q15904	1	0.011437
P04066	Q9BYC2	0	0.01154
Q13416	P21695	0	0.012378
P14866	P26599	1	0.0016053
Q9P0K8	Q9BYG8	0	0.00016918
P12004	Q99819	0	0.017357
P15848	P08319	0	0.17604
Q9UBR2	P63302	0	0.045132
Q16594	Q96IV0	0	0.00055898
Q9Y2U9	O75648	0	0.00016738
Q8IYF3	Q96M91	1	0.0060375
Q9Y6K8	Q96N11	1	0.00052966
P49736	P30711	0	0.22476
Q96RU7	Q5RL73	1	0.0032369
Q9UIF7	P40925	0	0.056369
P52434	P53803	1	0.0023866
O94906	Q9UHN1	0	0.050553
Q96FZ7	P60002	1	0.020836
Q16790	P35222	1	0.014452
Q9Y5X5	P01303	1	0.0081082
Q9H4I2	Q9NY74	0	0.00032645
Q16656	O60551	0	0.0010675
Q16891	Q9NX18	1	0.00055451
O15514	Q9H5Q4	0	0.027079
O60256	Q8N8Q3	1	0.013255
Q7L5N1	Q8IYL3	1	0.0018598
Q16576	P30711	0	0.22246
P62258	Q92934	1	0.02838
O60383	Q9Y3C0	1	0.010536
P62487	P49842	1	0.033639
O75503	Q8N183	0	0.00010922
O00628	P50542	1	0.0061416
Q13568	Q14894	0	0.0016577
P27695	Q9UI17	0	0.0060732
O43325	P47874	0	0.0001455
Q9Y294	Q7L0Y3	0	0.0016422
P06753	Q9BQD3	1	0.013192
O60671	P49458	0	0.0021705
P17480	P83881	0	0.00081899
O96019	O75897	0	0.014161
Q9H5J8	Q6UB35	0	0.00076618
Q8NFW8	Q9HCN4	0	0.0014805
P12956	Q9BYD1	0	0.034413
P49736	Q8IXM3	0	0.0020334
P27701	Q9P2B2	1	0.0066545
Q96EY5	Q9Y5K6	1	0.0045245
Q15025	P46777	1	0.015099
Q96T37	P48735	0	0.0035585
Q03828	Q7L0Y3	0	0.0021596
P06401	O75925	1	0.00083307
Q6VY07	Q13563	1	0.0014975
Q13200	Q5T3J3	1	0.0042375
P30291	P40261	0	0.0013039
P16444	Q96EK5	1	0.003069
Q14696	P0C7P0	0	0.17973
Q9UJC5	Q9Y2Q9	0	0.50478
Q9BSF8	P10155	0	0.00061292
P46777	P67870	1	0.0049037
Q12996	Q8IXM3	0	0.00058615
Q9UKF6	Q16698	0	0.060874
Q13569	P82921	0	0.00014301
Q8TE85	Q96M11	0	0.00028789
Q9NQS3	P15151	1	0.018528
P54253	O75935	1	0.0083722
Q8IV45	P19838	1	0.026188
Q9NQ92	P47874	0	0.0003276
P11940	O95793	1	0.0047652
Q96FZ7	Q9BRG1	1	0.013867
Q9Y6D9	Q14134	1	0.019902
P07738	P04406	1	0.014641
Q9UKN8	Q8WUA4	1	0.00042512
Q15181	Q13432	1	0.033817
P62875	Q15834	1	0.029066
Q9NV56	Q9UBU8	1	0.00040642
Q9NV58	Q9UMX1	1	0.0026905
P29084	P12081	0	0.0017203
Q9H9Q4	Q13162	0	0.0033403
O75381	P40855	1	0.016568
P61289	Q64LD2	1	0.0083786
Q16533	Q08257	0	0.028491
Q53H80	P21673	0	0.00287
Q13671	P62258	1	0.026156
Q01780	Q13868	0	0.0034176
Q8N1S5	Q96D05	1	0.0085314
Q15543	Q9GZT8	0	0.0009579
O14744	Q9NTK5	1	0.015295
Q96BN2	P13995	0	0.033142
P68400	Q9NQB0	1	0.020168
P37108	Q9UNZ2	1	0.0051007
P05423	P31937	0	0.10798
P19419	Q9Y3A3	1	0.012297
Q16656	Q9NRN7	0	0.0052998
P62380	Q96EY7	1	0.008117
P35475	Q6WQI6	0	0.0028419
Q969F1	Q9Y2T2	0	0.00046415
O95182	Q9BQ52	1	0.00042996
Q7Z5Q5	Q14894	0	0.019626
Q9BPZ3	P11940	1	0.0010627
P51398	P35869	1	0.0044821
O00462	P49406	0	0.0009287
Q14696	P59103	0	0.0014792
P27695	Q16540	0	0.010904
Q9UMX1	Q15274	1	0.0145
P60174	Q9GZR7	1	0.0053255
Q14627	P35225	1	0.027443
Q9H2F5	Q9BRA2	0	0.00039441
Q01081	P51580	0	0.00024102
P04554	Q8IXM3	0	0.00028933
P63241	Q9BU89	1	0.03111
Q9Y535	Q9H9J2	0	0.00021107
P20807	Q7Z6G3	1	0.010467
P62875	O95786	0	0.000703
P27695	P49902	0	0.00029138
O75446	Q16576	1	0.00046845
Q01081	P34897	0	0.0022553
P35520	Q9NP79	1	0.0066644
Q92597	P62241	1	0.0073377
Q15633	Q9UKV8	1	0.015417
P48147	P30990	1	0.0015437
P17342	P01160	1	0.008991
P52657	Q9Y2R5	0	0.0057423
P06400	Q02363	1	0.00071447
Q5U623	P49914	0	0.0006152
Q6P1J9	Q13795	0	0.00061813
Q7L622	O00453	1	0.0037486
P06746	P51553	0	0.019084
O00287	Q14442	0	0.00026844
Q9Y5Q9	Q8WXF8	1	0.0023182
P62304	Q9P032	0	0.15794
O75503	Q9HCN4	0	0.0001916
P27930	P01584	1	0.031392
Q6IA17	P14778	1	0.0093311
P49736	Q9Y399	0	0.013266
P22304	Q15185	0	0.00022661
Q8TCE9	Q9BYD1	0	0.053104
P13798	Q0P6H9	1	0.017585
Q14186	Q9P032	0	0.0015313
Q99967	Q9NP74	0	0.00039857
Q8WUA4	Q9NZD4	0	0.00021075
Q9H4Z3	Q9H7D7	0	0.0011918
P35244	P15927	1	0.020893
Q9BQ83	P63302	0	0.15722
Q9GZP8	Q8IVS2	0	0.001377
O00311	Q9NP74	0	0.0010156
P10827	Q9HBU6	0	0.0071431
Q9UBU7	Q9UJM3	0	0.00019695
P34981	P20396	1	0.0049689
O43148	P53384	0	0.0042554
Q14181	Q8IW50	1	0.00057647
Q92759	P15104	0	0.0076314
O43543	Q9NX18	0	0.00026772
O00462	Q9P0J6	0	0.21796
Q5MJ70	P59103	0	0.00068535
P13984	P55084	0	0.0040853
Q9UMX1	Q9P2Y4	1	0.002392
P19447	P34897	0	0.0041571
Q15388	Q8NEY8	1	0.017169
Q13568	Q8IVS2	0	0.0024638
P35869	Q13620	1	0.0068938
Q6P2C8	Q9HBU6	0	0.0014984
Q99967	Q16612	0	0.00052889
O00311	O43182	0	0.0018772
O60508	Q14442	0	0.00022632
P35244	Q9BZL1	0	0.003871
P02647	Q13790	1	0.050123
P41002	Q8N183	0	0.00013078
P63272	P13010	1	0.00025017
Q92466	Q01831	1	0.00085752
P18858	Q96M11	0	0.00029567
Q9NPI8	Q00597	1	0.00049573
Q8NB91	O75394	0	0.0017408
Q15025	P21580	1	0.0083653
Q9H147	P04053	1	0.00025627
P20963	Q9BZW8	1	0.0085991
Q14181	Q8N2I9	1	0.0016258
Q16594	O15235	0	0.00025112
Q9UBX1	P52815	0	0.00073713
Q03135	Q9Y6H8	1	0.0045148
Q92989	O60760	0	0.0019188
O94782	Q9NX18	0	0.00030235
P49366	Q9GZT8	1	0.0028455
P27694	O60239	0	0.0010928
Q9HAN9	P33402	0	0.0012216
P46777	P68400	1	0.015024
B2CW77	Q9P0M9	0	0.00047698
Q9Y675	P15104	0	0.28926
O60508	P07741	0	0.006572
Q9BQ83	P34897	0	0.0062167
P60033	Q9C086	1	0.0036624
P61289	Q9BXC9	1	0.023287
Q8WUA4	P06400	1	0.0004847
Q9UBU7	P49736	1	0.00042814
O95551	P78417	0	0.00048351
O43513	Q9UJM3	0	0.00020138
Q9BQ66	Q5T681	1	0.0049023
Q9Y240	P21583	1	0.018683
Q96BI3	Q9NZ42	1	0.0098162
Q9Y3A3	Q9Y3C7	1	0.015001
Q86YW7	Q96T91	1	0.0037312
P43489	O15304	1	0.012689
Q86WQ0	Q15185	0	0.00073443
O94782	Q16612	0	0.00048219
Q92759	P51970	0	0.0002466
P04183	Q5T3J3	1	0.0082121
Q13888	P19447	1	0.0012017
Q9UBD5	Q13416	1	0.00046793
Q15573	P49753	0	0.00095448
P20273	Q13094	1	0.011016
Q58WW2	Q92844	0	0.00020722
Q9Y5N6	Q13416	1	0.00049571
P30291	P68400	1	0.026024
Q92597	P35222	1	0.015948
Q03181	P30041	1	0.036885
P49247	O75716	1	0.028037
O94906	Q14894	0	0.0046634
P54803	Q6WQI6	0	0.00086214
O96006	Q9GZT8	1	0.0040103
Q0VD86	Q9NVV4	0	0.00020526
Q16514	P49914	0	0.00071305
Q92560	Q9P0J6	0	0.0099227
P21673	Q13432	1	0.05196
Q7Z5Q5	P82930	0	0.032675
Q16514	P14061	0	0.046061
Q9Y2T3	Q12959	1	0.011792
P02489	P02768	1	0.020217
Q9NV56	Q9BRA2	0	0.00042179
O95990	P48147	0	0.00012751
Q07820	Q92934	1	0.0016025
O43929	P24385	1	0.0015219
P13727	Q5RL73	1	0.0090172
O00253	Q9UBU3	1	0.0077553
Q99967	Q16665	1	0.0026716
O43929	Q8WWV3	0	0.058152
P28331	P40926	1	0.024907
P32971	P03950	1	0.032771
P31785	P60568	1	0.019178
P86791	P46952	0	0.003878
O43914	Q9NY25	1	0.0064878
P16383	Q6NUP7	0	0.00025817
P62304	P82921	0	0.066238
Q8N9N8	Q9Y3B7	0	0.0009219
Q9UJW9	Q9UJM3	0	0.00019409
O14713	P05556	1	0.0022004
O75478	O95990	1	0.00080978
Q6PJT7	Q9UPT5	1	0.0008324
P04437	P20963	1	0.034599
P61218	O43182	0	0.00023058
O94906	Q16854	0	0.0019398
Q14134	Q9BRK4	1	0.025442
Q9UP83	O15553	1	0.0057051
O95059	O75818	1	0.0014733
P07602	Q7L5N1	1	0.015425
Q96HA8	Q9H773	1	0.046587
Q14696	Q9BYC2	0	0.00066586
P13686	Q9Y3D3	0	0.004047
Q14738	P30154	1	0.020903
Q86XR7	P14778	1	0.014571
Q9H8M7	P40939	0	0.0079429
P86791	Q9BRJ2	0	0.0012987
Q9UN74	Q5T3J3	1	0.012543
Q14696	Q99819	0	0.0013901
Q12996	Q9P0J6	0	0.035342
P38432	Q8TAP6	1	0.0025986
Q12857	P35754	0	0.0039964
Q8WUA4	P55084	0	0.0049604
Q13285	Q9Y3E5	0	0.0069503
Q9P0U1	Q9NS69	1	0.043447
P15848	P62269	0	0.58318
P10827	Q14749	0	0.010839
P49917	Q6PRD7	0	0.12
P12004	P10155	0	0.0024254
P09012	P26599	1	0.00098624
P08697	P59665	1	0.015713
Q15645	P07902	1	0.059337
P35222	P49768	1	0.0070715
Q9Y294	O75534	0	0.0007041
P68400	P04004	1	0.031099
Q8TC92	Q9GZT8	1	0.002065
Q9UBD5	O96020	1	0.00028846
O15155	Q13190	1	0.0021404
Q92597	P13010	1	0.0057483
Q13416	Q6V1X1	0	0.0022215
P32927	P04141	1	0.07246
Q13416	Q02252	0	0.020389
Q9UI26	P30050	1	0.0028733
Q9NQ34	Q9GZR7	1	0.0044077
O96007	P32969	1	0.0070374
P20823	P02768	1	0.016702
Q9ULX3	Q9BY32	0	0.004114
P24666	Q9BYC9	1	0.31676
Q9C002	O15169	0	0.00031008
Q9BXL8	Q9BZQ8	0	0.0001577
Q9BZW8	O43561	1	0.0016632
O43809	Q5RL73	1	0.0046915
Q9GZS1	O15446	1	0.0063173
P62805	P54136	0	0.0027402
P13686	P50591	1	0.002987
Q96RR1	Q9H8T0	1	0.0022002
P05423	O75936	0	0.019017
Q96T37	Q13405	0	0.00034327
O75818	P78345	1	0.014635
Q5XKR4	P82930	0	0.0033268
P32969	P23396	1	0.0095373
Q8WY64	Q9Y2B0	1	0.011683
P83369	Q7L3B6	0	0.00021882
P29084	Q9NP97	0	0.00045176
O43365	P62495	0	0.0002104
Q8NEC5	Q9BQ66	1	0.010446
Q15650	P03372	1	0.0010017
Q02878	O95793	1	0.00072918
Q86VN1	Q96FZ7	1	0.011302
P17509	P21673	1	0.0025795
P15848	Q6UB35	0	0.0093757
Q6X4U4	P22004	1	0.0055597
Q8TCJ0	P49753	0	0.0013568
P51946	P35270	0	0.035374
Q9BXR5	O95232	1	0.010977
Q9UJX6	Q8NHZ8	1	0.0013753
Q9NV56	Q7L0Y3	0	0.00065539
Q9BQ52	Q9H1I8	1	0.0024359
Q9UIF7	O60783	0	0.00018398
Q9H5J8	P13995	0	0.0062717
P10827	P14061	0	0.059296
Q15834	Q6ZU52	1	0.017366
Q8N9N5	P35754	0	0.034889
P38432	P61289	1	0.021331
Q13416	P07195	0	0.018155
Q00577	Q8TDY4	0	0.00085247
Q9BRV8	Q9UHD2	1	0.021275
Q9NVU0	P05423	1	0.00071631
Q8IUW5	O95747	1	0.002926
Q01459	Q99819	0	0.00032721
P38432	Q9P2K6	1	0.0026975
Q9UGJ1	Q15834	1	0.032079
P62805	Q13867	0	0.00020523
Q9NPJ4	Q13285	1	0.00067203
P68400	P21673	1	0.055888
P0DPB6	O15160	1	0.0175
O00115	P48147	0	0.00012176
Q0VG06	Q96EK5	0	0.00044467
Q8IXF0	Q9Y291	0	0.010144
Q00577	Q8TCS8	0	0.0042421
Q9UNS2	P58340	1	0.00075042
Q9NT62	O95352	1	0.0022468
O60671	P30838	0	0.012343
Q5VWK5	Q9NPF7	1	0.011244
Q9Y5M8	Q96JB5	1	0.0048265
Q6IA17	P51617	1	0.0095084
P52272	P06731	1	0.040045
O60763	O15498	1	0.022016
Q13889	Q9BXI3	0	0.00024743
Q96RL1	Q15406	1	0.0013333
Q03828	P24666	0	0.02346
Q8NE71	P56537	1	0.011919
P12004	Q9H5Q4	0	0.012919
Q4G0F5	Q96QK1	1	0.003711
Q99689	Q6PGQ7	1	0.00039345
P28300	Q07507	1	0.0032028
Q14596	Q9NP79	1	0.0034761
Q9H0Q3	Q5RL73	1	0.0034899
P04040	Q9BXR5	1	0.029435
P54803	P15374	0	0.00021879
Q8WYA6	Q8NFG4	0	0.00021835
Q05952	O75880	0	0.00023741
Q13888	Q9HD40	0	0.0022194
Q99705	P20382	1	0.0028285
P30154	Q13033	1	0.011436
P09012	Q9BRA2	0	0.00030161
Q9P0K8	Q9H7D7	0	0.00080832
P27701	P28067	1	0.0047803
Q92870	P05067	1	0.0011852
Q9GZS1	O15160	1	0.0021143
O00499	Q9Y2H0	1	0.021988
Q9BTP7	Q9BY32	0	0.5982
P62805	Q16854	0	0.00015049
P13686	Q03013	0	0.00010587
O60671	Q9UHD2	0	0.0015207
O43543	Q9Y6K8	0	0.00025197
P20290	P67870	1	0.0045914
P17509	Q9UHN1	0	0.012904
Q13416	Q9HD40	0	0.0014959
P41002	Q9NPB1	0	0.0011008
Q02363	Q5RL73	1	0.00065958
Q9H5Z6	Q15834	1	0.018738
B2CW77	Q96M11	0	0.0004422
Q9UQB8	Q9UKR5	1	0.0096218
O95551	P28908	1	0.0025426
P42677	Q9UHY7	1	0.00099705
O60232	Q9BVV2	1	0.019046
Q6WBX8	O60671	1	0.00045473
P06280	Q9Y6K8	0	0.0011561
Q13794	Q07817	1	0.046219
O43633	Q13144	1	0.019224
O60232	P51946	1	0.0034315
Q9P0K8	P21673	0	0.001465
Q8IW19	P49917	1	0.011579
Q92759	Q02252	0	0.065246
P50897	A2A3N6	0	0.0036245
Q96G25	O43513	1	0.0041118
P06400	P30260	1	0.0012031
Q9H840	P62304	1	0.04109
Q13480	Q07021	1	0.017699
P32780	P03372	1	0.00093853
Q53GS9	P30838	0	0.033882
P67870	O60763	1	0.006112
Q99460	Q99933	1	0.01345
P21246	Q9Y6H5	1	0.0037154
Q7L5N1	Q53FE4	1	0.0034818
O14832	O00628	1	0.012468
P02775	Q9UBW8	1	0.015848
P06400	Q16533	1	0.0008886
Q92966	P49406	0	0.00071716
Q9UKB5	P35222	1	0.014558
O43913	Q9UBD5	1	0.000279
Q9UBU8	Q96M11	0	0.00047801
O15379	Q92837	0	0.0091009
Q13889	O15169	0	0.00024107
P27695	Q9Y676	0	0.00026703
Q8IU57	Q8IZJ0	1	0.025017
Q96JN0	Q13867	0	0.022463
P46777	P12081	1	0.038769
P47901	P01185	1	0.0078129
Q96JN0	Q08257	0	0.017695
Q969F1	O60239	0	0.00040963
O00462	Q9UHD2	0	0.014127
Q58WW2	O60783	0	0.00013255
P51003	P62258	1	0.016451
Q9H0W9	Q9BYD6	0	0.001625
P02647	P11597	1	0.021271
Q02363	P30838	0	0.020049
P43351	P15927	1	0.0060111
P49771	P36888	1	0.018833
Q16594	Q9NP92	0	0.0013989
Q96T60	Q9P032	0	0.0042263
Q9UIF7	P12004	1	0.0033999
Q9BV90	Q6XE24	0	0.0010011
P46779	O95793	1	0.0021147
Q969N2	Q92643	1	0.011536
O43913	Q9NVV4	0	0.00023062
Q9ULX3	Q15185	0	0.00021372
Q16533	O75170	0	0.00068644
Q8NFW8	Q9UHD2	0	0.016774
