O43325	Q13162	0	0.00011586
Q99828	P49768	1	0.3302
Q9UIF7	P27694	1	0.050435
Q9BSF8	Q8IUQ0	0	8.8075e-05
P01589	P14784	1	0.080041
Q01081	Q9P0M9	0	0.00011684
P30533	Q14181	1	0.331
Q9NQB0	P35222	1	0.20732
Q96SZ6	Q15078	1	0.71748
Q9Y6W3	Q14CX7	0	9.0518e-05
Q13243	Q9Y234	0	0.00010378
Q64ET8	Q96IV0	0	8.7639e-05
P12272	Q03431	1	0.17339
Q8IYF3	Q7Z6G3	1	0.00076924
O43543	P46783	0	0.00011094
Q92759	O75534	0	0.0001182
Q9UDW3	Q8NEL9	0	0.00074767
Q16576	O75880	0	0.0011838
P56537	Q92665	1	0.077491
P27695	P82650	0	0.012099
Q12874	Q01081	1	0.00057681
P49755	Q9NZ42	1	0.068984
P24522	Q13561	1	0.88133
P36954	Q9H6S1	0	8.9177e-05
P54803	Q93088	0	0.00010803
Q13416	P27694	1	0.16802
O43929	Q08257	0	0.015088
Q13113	Q7L5N1	1	0.032411
Q9HCU9	Q16576	1	0.0055786
Q9Y657	O14920	0	0.00025524
P36542	P60002	1	0.53128
P15927	Q8NBJ4	1	0.062095
Q9ULC0	Q9NPF4	1	0.1886
Q5RL73	Q16594	1	0.93795
Q9UM13	Q12834	1	0.24737
Q9GZP8	Q9HCN4	0	9.7136e-05
P12956	P49406	0	0.00011575
P54253	Q9H4I2	1	0.83005
P52630	P17181	1	0.52016
Q13503	P10827	1	0.37387
Q13432	Q9NXU5	1	0.68538
Q96SB4	P02686	1	0.0035102
Q64ET8	Q9NY33	0	8.967e-05
P10451	P16070	1	0.12461
P16383	P09132	0	9.8605e-05
O96019	P82664	0	0.001097
Q8N5C8	Q15750	1	0.025451
Q9H4I2	P06132	0	0.00017459
Q13416	Q13794	0	0.00043715
Q96G25	Q6P2C8	1	0.037164
Q96BP2	Q9BYN0	0	0.00010674
O60383	P04183	1	0.88417
Q96BN2	Q9Y676	0	0.0001023
Q9BSH3	Q8IVS2	0	0.00012301
Q9UJX4	P11940	1	0.035838
Q9Y5Q9	P63302	0	9.5395e-05
O43325	Q9P032	0	9.3954e-05
Q8TCE9	Q8IUQ0	0	0.00011994
Q92759	P20807	0	9.6287e-05
P29084	P19447	1	0.004612
P29083	Q9UHD2	0	0.0040953
Q14181	Q8N142	0	0.00046079
Q9Y294	P34897	0	0.00029361
Q8N9N5	Q9Y3E5	0	8.9853e-05
P20290	P06132	0	0.0041738
Q0VG06	O76031	0	0.00011739
Q06495	O14745	1	0.58079
Q9Y2U9	Q8TE02	0	9.1586e-05
Q9UPV9	Q8NEL9	0	9.3918e-05
Q6ZYL4	Q9NP97	0	0.029137
Q8NB91	P48735	0	0.0001134
Q9UMS4	P04053	1	0.004567
Q9BXW7	P04278	1	0.81567
Q9UHD2	Q7Z434	1	0.00074583
Q12824	P06400	1	9.594e-05
Q9H8M7	O75891	0	0.00021066
P36542	Q9NY33	1	0.68968
Q9NRG1	Q96G04	1	0.9363
O15514	P54687	0	0.00012118
Q13243	P07741	0	0.00014495
Q9UHQ9	P99999	1	0.85158
Q99665	P42701	1	0.0074804
P19838	O15519	1	0.0060876
P56589	P40855	1	0.0057946
P16383	Q6P1L8	0	9.1471e-05
Q14919	Q16594	1	0.51909
P78549	Q9P032	0	0.00091365
P16870	Q14181	1	0.69126
Q6PJT7	Q9HD40	0	0.0010069
Q13569	Q9GZZ1	0	0.001332
Q86WB0	P54687	0	0.00010495
Q99741	P49736	1	0.0030792
Q8N612	Q96HR9	1	0.030603
Q9NTM9	Q6IA69	1	0.53189
Q86WQ0	P31937	0	0.00012369
P20618	Q99436	1	0.68838
P61604	Q5T3J3	1	0.97877
Q13077	P21580	1	0.75652
P62875	Q04837	0	0.001067
Q53GS9	Q9H6S1	0	8.7298e-05
Q96T37	Q6UB35	0	0.00050972
Q8IXF0	P82909	0	0.00015394
Q9UHR5	O60239	0	0.0001533
O00214	P05556	1	0.89768
Q9NXR7	Q9NWV8	1	9.0487e-05
O15235	Q9UKR5	1	0.77107
Q9BWT1	Q9HCN2	0	8.9102e-05
Q9UBU7	Q9BYC2	0	0.00010574
P26368	Q01081	1	0.0036574
Q9UIF7	P51970	0	0.00010659
Q9H611	Q9NZD2	0	9.3801e-05
P17480	Q9Y291	0	9.3264e-05
P25208	P40925	0	0.00045538
O96019	O95848	0	0.00010729
Q9NYH9	Q9BQD3	1	0.26814
P36543	O75348	1	0.088719
Q9Y2X7	Q96RU7	1	0.17121
P15927	Q9Y3C7	1	0.96628
Q03828	P48147	0	0.0020059
P07686	Q9H9J2	0	0.00015554
Q9NRI5	O15372	1	0.0016756
P05112	P78552	0	0.87053
O43929	P82933	0	9.6087e-05
Q8NHZ8	P30260	1	0.4554
Q8IXF0	P50135	0	0.00020091
Q16891	Q9H8K7	1	0.00045432
Q8N2H9	P51617	1	0.090799
P98082	O15169	1	0.00013924
Q8TDV0	P22466	1	0.32854
Q8N336	Q9NWX6	1	9.5264e-05
P25208	Q01581	0	0.00021688
P27694	Q9H8T0	1	0.84402
Q92667	Q03135	1	0.00058046
P17480	O15446	1	0.00029327
O60762	Q9NVV4	0	0.04108
O43365	Q07617	0	0.0011273
P23759	P31350	0	0.00031089
O00311	Q01581	0	0.00010254
P61604	P10809	1	0.88025
Q8TCE9	Q8WUN7	0	0.00015359
P13807	P46976	1	0.00019312
A0A5B6	P04437	1	0.44404
P36915	Q9UHR5	0	0.00016467
O75528	Q8N183	0	0.00043971
Q9Y6W3	Q07617	0	9.4443e-05
Q9H9Q4	Q13867	0	8.851e-05
Q9UKF6	Q9BYD6	0	0.00086546
P16383	Q9NY74	0	8.6715e-05
O15169	P35222	1	0.053894
Q9NZL9	P31153	1	0.081193
Q99741	Q13416	1	0.002949
Q92597	P62854	1	0.61495
Q96BN2	Q8N142	0	0.00016807
P29084	Q7Z2X4	0	0.00017319
P02774	Q6P1J9	1	0.0061574
P30291	O95379	0	9.4774e-05
Q9NQ92	Q9NYK5	0	8.8753e-05
P52434	O15514	1	0.85144
Q9HAW0	P56277	0	9.6328e-05
Q9NYK6	Q15834	1	0.012531
Q9Y535	Q9H7D7	0	0.00011105
O00716	P62269	0	9.0767e-05
Q12824	Q13795	0	0.00063477
Q99836	Q9BXR5	1	0.33779
Q15542	P13984	1	9.7421e-05
Q9NSA3	P35222	1	0.88701
Q8IU60	Q8IZD4	1	0.012486
Q8TCJ0	Q9NZE8	0	9.4104e-05
P29084	P07195	0	0.00070975
Q9UKF6	P06132	0	0.00039953
Q13042	P30260	1	0.0092585
P13984	Q9BZL1	0	0.00045011
Q16594	Q15542	1	9.4973e-05
Q13901	Q99598	1	0.23059
P60033	Q9P2B2	1	0.024234
O14744	P54105	1	0.00065011
Q99726	Q92572	1	0.6392
Q8NB91	P13726	1	9.8745e-05
Q03167	P61812	1	0.48574
P10515	Q15118	1	0.0059057
O95926	P0C7P0	0	9.7719e-05
Q9UL45	Q96EV8	1	0.0011896
Q8N9N8	Q9H5Q4	0	0.00013347
O15130	P01303	1	0.072369
O75971	P82921	0	9.21e-05
P12956	P82663	0	0.00010293
P83369	Q07020	0	8.8826e-05
Q9Y6W8	O75144	1	0.00040619
Q8IZD4	Q5RKV6	1	0.4355
P19447	P32929	0	0.0062697
O43513	Q5EBM0	0	9.1763e-05
P23510	P43489	1	0.052047
Q9UBU7	P07741	0	0.00013395
O95926	Q6P1L8	0	9.745e-05
Q5BKT4	O95259	1	0.012709
O94782	Q9H0U6	0	9.3209e-05
P20618	P49720	1	0.81445
Q9UI36	P13798	0	0.00039131
P43351	P19447	1	0.00053437
Q14134	Q8NHQ1	1	0.021534
Q8TCJ0	P63208	1	0.92127
Q13568	Q99551	0	9.1696e-05
Q9NXU5	P62917	1	0.088776
Q9GZT8	P61201	1	0.025156
Q8NBJ7	Q969H0	1	0.15695
Q9C002	Q9UJM3	0	9.091e-05
Q9BQ66	Q14781	1	0.00077966
Q9Y5A7	Q9NZN9	1	0.43451
O43543	P51970	0	9.5848e-05
Q9UL45	Q6QNY1	1	0.60241
O60583	P50135	0	9.5245e-05
Q8IYF3	Q96GY3	1	0.00021986
Q9UN74	Q5RL73	1	0.70062
Q9UIF7	Q9BXI3	0	0.00010764
Q92597	P41091	1	0.78968
Q9BSF8	O43776	0	0.00010269
O95391	Q15834	1	0.0088571
O43572	P31323	1	0.018641
O95926	P54136	0	0.00013609
Q9NPI8	Q2VPK5	0	9.7344e-05
O75528	Q9Y2T2	0	0.0069408
P20290	Q6P1L8	0	0.12734
Q9P0K8	P10155	0	0.00010412
Q9NVU0	Q9UD71	0	8.7566e-05
P27701	P27824	1	0.5357
O00623	P50542	1	0.0037774
O95411	Q9UBR1	0	0.00012531
P55060	Q0P6H9	1	0.0010101
Q99081	O95084	1	0.0063809
P36954	Q14914	0	0.020412
Q8WX92	Q8N6F7	0	8.9997e-05
P55789	Q9H1I8	1	0.86055
P29083	Q6WQI6	0	0.0022611
P03372	Q16698	0	0.00082177
Q12889	P02808	1	0.29048
Q00403	Q9BY32	0	0.00015661
Q13432	Q13200	1	0.66963
P04004	P15151	1	0.36621
P07686	P30711	0	0.00020372
Q07817	Q96LC9	1	0.96605
P40855	P33897	1	0.015998
Q12981	Q9P2W9	1	0.00026751
P40200	P15151	1	0.020136
Q14696	Q9BYG8	0	0.00010073
Q86WB0	P13995	0	0.11705
Q01459	Q14749	0	0.00060715
Q9H5J8	O43182	0	8.814e-05
Q15562	O14920	0	0.00017849
O75330	Q9ULW0	1	9.1418e-05
Q8WUA4	O15091	0	8.7893e-05
P01589	P60568	1	0.64031
Q9UFW8	P13798	0	0.00030645
P49959	P12956	1	0.17826
P09012	Q9NP74	0	0.00033672
Q8IYX3	Q9BQ66	1	0.0025224
Q6PIZ9	P20963	1	0.31032
P81172	Q9NP59	1	0.34677
Q969G3	P03372	1	0.0013081
P40189	P05231	1	0.89396
Q969J3	Q9UHX1	1	0.063604
Q9H1Z4	P12081	0	0.00011652
P16383	Q9BY32	0	9.3945e-05
Q9BVJ6	Q9H8T0	1	0.87297
P31785	P16871	1	0.036327
Q8NB12	Q13765	1	0.0085955
Q6PJT7	Q9NZD2	0	0.00028935
Q03013	Q5T3J3	1	0.0018996
Q8N3L3	Q12846	1	0.00069612
Q92844	Q9BYM8	0	0.023283
Q99689	Q14596	1	0.0011942
P30039	Q9Y3F4	1	0.33724
O43752	O14662	1	0.00090826
Q7Z7C8	Q16514	1	0.11961
O95926	Q2VPK5	0	9.2729e-05
Q14140	Q14186	1	0.00010064
P35475	P54136	0	0.00011579
P61218	P62487	1	0.0051301
Q15464	Q12929	1	0.63379
O96020	Q6P1L8	0	9.318e-05
Q9UBR2	Q13794	0	0.00015951
Q9UNI6	Q8N427	0	0.00052405
Q07817	P49768	1	0.93764
O43365	Q8NFG4	0	0.0033304
Q03181	Q6PRD7	0	9.2609e-05
Q13888	O15169	0	0.0017792
Q13888	Q9UBR1	0	0.00085001
Q15562	Q9H9J2	0	9.4776e-05
O43929	Q2VPK5	0	9.5433e-05
P13686	P15927	1	0.056054
Q9UQB8	Q12929	1	0.0050505
Q9NX01	P06132	0	0.00015251
Q86XR7	P51617	1	0.044691
B2CW77	P49914	0	0.00010738
Q16594	Q9NPB1	0	0.00012012
Q9UJW3	Q9NRX4	1	0.0034871
P54253	O43809	1	0.97267
Q13432	O14569	1	0.82045
O43513	Q14749	0	0.00044038
Q6P1K2	Q9Y3C7	1	0.9
Q5JR12	P47710	1	0.01457
Q15645	Q9GZT8	1	0.020388
P12956	Q9BXJ9	1	0.018969
O43493	O00189	1	0.24948
Q8NCW5	P02647	1	0.5891
O94906	P03372	1	0.00043863
Q9NV56	O75880	0	0.00042192
P32780	P49736	1	0.0027491
Q15102	Q9GZT6	1	0.034591
A0A5B6	P20963	1	0.51182
Q99967	Q7L3B6	0	9.0075e-05
Q9BQ83	Q8TE02	0	0.00057973
Q8NFW8	Q9BYC8	0	0.00010561
P30519	Q9Y3C7	1	0.97919
Q9UMS0	Q8NC60	1	0.9516
P35244	Q9Y6K8	0	0.0024774
P05423	Q16822	0	8.8566e-05
Q00403	Q13285	1	0.00066697
P12956	P16284	1	0.0035348
Q9Y2X7	Q9H7E9	1	0.00083274
O15143	O15144	1	0.029124
Q9NX01	P62495	0	9.8808e-05
O14717	Q7L5N1	1	0.088584
Q9UI36	Q92844	0	0.00012844
O43365	Q9BYG8	0	0.0014708
Q9UKX7	Q14974	1	0.0091601
Q13573	P82921	0	0.00010054
P16870	P06307	1	0.092667
Q5RKV6	O43809	1	0.80439
P28328	P56589	0	0.0023559
O15145	Q86YJ6	1	0.74462
Q969F1	Q2VPK5	0	8.9515e-05
Q5D1E8	Q9NZD4	1	0.00084024
P20382	P16870	1	0.32389
P00367	P00505	1	0.59041
O75528	Q9H2W6	0	0.0042383
P29084	O75880	0	0.0026472
O95551	Q9UD71	0	0.00012996
O15503	P04035	1	0.00081795
Q9UEE9	P68400	1	0.97976
P12004	Q9P0J6	0	0.0017108
Q13285	P35222	1	0.3453
Q92908	P26639	0	0.0011913
Q12857	Q9Y3B7	0	0.00018039
P01579	P38484	1	0.066888
Q16533	P62917	0	0.00016106
Q92902	Q9NQG7	1	8.7317e-05
Q9UDW3	Q16719	0	0.00081806
P17540	Q5T3J3	1	0.00010898
O00165	P01583	1	0.010035
O95411	Q9BRJ2	0	9.0134e-05
Q8NFW8	P51857	0	0.085944
P41227	P11245	1	0.67285
Q9HAN9	Q12849	0	0.00010321
Q9UHI6	P62304	1	0.04336
O95990	Q7L3B6	0	9.9544e-05
Q7L590	P24385	1	0.058475
Q99689	Q5MIZ7	1	0.00044167
Q96FX7	Q9UJA5	1	0.017948
Q7Z6G3	Q9BU64	1	0.00047054
Q9NWT8	Q9H9J2	0	9.5463e-05
O75460	P19438	1	0.0092239
Q15562	P15104	0	9.6851e-05
Q9Y675	P54577	0	9.5897e-05
Q92908	P20807	0	0.00010374
P62487	P35270	0	0.048343
P62304	P48200	0	0.042254
Q13416	Q9BRA2	0	0.049155
Q96AV8	P20807	0	0.00010175
Q969H0	P63208	1	0.88105
P12956	P54687	0	0.00017303
Q9UMX1	O00422	1	0.18343
Q14186	Q9P2R7	0	0.00021828
Q15388	Q6P1J9	1	0.24931
Q9UJW9	P15927	1	0.16481
Q9H2F5	P82932	0	0.00010062
Q13568	Q9NZD4	0	0.00055626
P62875	Q14914	0	0.025268
Q9NV56	Q14749	0	0.00039373
P12956	Q15102	1	0.064249
Q8N9N8	P83881	0	0.00010011
Q969G3	Q9BUE6	0	0.0073158
O43927	Q99731	1	0.087293
Q9UMF0	P49768	1	0.0076405
Q99627	Q7L5N1	1	0.1902
P49917	P63302	0	9.243e-05
Q9Y3U8	Q02543	1	0.00015443
O95219	Q53H12	1	0.00064442
O15116	O43776	1	0.78903
P38571	O60783	0	0.00014406
Q9H773	Q8NC60	1	0.013581
P29122	P20382	1	0.031889
Q6ZYL4	O60239	0	0.021148
P59998	Q9BPX5	1	0.98895
Q00403	P29084	1	0.0026205
Q15834	Q8NE31	1	0.016797
Q9BRT9	Q9Y248	1	0.39766
P01579	P01375	1	0.32897
Q9NV56	Q9NPF5	1	0.00017025
Q07352	Q8TDY4	0	0.019237
Q9BWG6	Q15834	1	0.0074066
Q99933	Q07817	1	0.87171
Q8NCR6	P04278	1	0.78403
P62304	P34897	0	0.034194
P68400	P27695	1	0.86125
Q9P086	Q15528	1	0.45159
Q9UPT5	Q96A65	1	0.00017983
Q9H147	P31350	0	9.3382e-05
P61218	P78417	0	0.0010046
P09466	Q5T3J3	1	0.93054
Q96BN2	Q9UHN1	0	9.1656e-05
P26368	Q9UHX1	1	0.11898
Q9H9Q4	Q9BZQ8	0	8.7649e-05
Q96JB2	Q14746	1	0.00010991
P03372	Q99623	1	0.18388
Q16656	P62269	0	9.103e-05
Q92934	Q07817	1	0.87388
P49755	Q96BI3	1	0.13735
Q01459	Q92837	0	9.7665e-05
P04062	P07602	1	0.0034902
Q92994	P68400	1	0.97423
P13798	P04278	1	0.82724
O60895	P01258	1	0.035398
Q0VD86	P62917	0	0.00010377
P22674	P15927	1	0.13138
Q96BI3	P49768	1	0.27297
Q9H0Q3	Q9GZT6	1	0.40168
O95551	P49902	0	0.00013301
Q8NE01	Q9BQ66	1	0.0048054
P12272	P05231	1	0.61638
P46527	P63208	0	0.83493
P78549	Q9Y399	0	0.00093998
Q01344	P05113	1	0.65443
Q15645	Q96HA8	1	0.055785
Q9NQT5	Q9Y3B2	0	0.0046733
O14744	P02686	1	0.0033457
Q9UDW3	Q8N1V2	0	0.00023118
Q9Y657	Q99558	0	0.00062897
O43929	P49736	1	0.0036073
Q969E3	Q08334	1	0.01735
P51946	P82930	0	9.2479e-05
P86791	P54136	0	0.00011982
Q6P2C8	Q15528	1	0.00043518
Q9Y535	Q9BYD1	0	0.00010114
O00462	P82932	0	0.00012253
P36543	P04075	1	0.89181
Q9BWC9	Q5RL73	1	0.92727
P60228	O43292	1	0.0078359
Q6PIZ9	P07766	1	0.12877
Q13569	Q6P1L8	0	0.00013507
Q15543	Q9NP97	0	0.0002262
Q13200	P19438	1	0.24174
Q8N668	Q9NX08	1	0.14033
O75925	P03372	1	0.047869
Q96BI3	Q92542	1	0.50735
P12956	Q9H910	1	0.00041318
O75381	P56589	0	0.00013094
Q92989	Q92844	0	9.3192e-05
O14737	Q5T3J3	1	0.0882
P17480	Q14442	0	0.00010686
P16383	P12081	0	0.00012277
Q12857	Q9NX18	0	9.3187e-05
P49842	P40925	0	0.00021312
O43929	Q9UBD5	1	0.00014464
P16455	P30838	0	0.00091602
O75352	P04278	1	0.86082
P62805	Q01581	0	0.00011065
Q9UIF7	P63302	0	0.00013495
Q9NX08	Q9NRX3	1	0.3819
P15848	P47874	0	0.00010004
P51946	Q9Y2J8	0	9.0323e-05
Q15102	Q9GZR7	1	0.23917
Q16576	P82932	0	0.00041711
P30291	P62917	0	0.00022952
Q16533	Q92966	1	8.779e-05
Q13352	P19838	1	0.0094576
Q13573	Q13405	0	9.7406e-05
Q01780	Q5RKV6	1	0.37824
Q99547	P60866	1	0.85089
Q9Y3B2	Q06265	1	0.16
Q13432	O14717	1	0.77734
P05111	P08476	1	0.92624
P50616	O43541	1	0.0012101
Q13571	P21580	1	0.08273
P21246	Q9NXU5	1	0.49765
O00257	P15104	0	9.458e-05
Q53HV7	Q8TE02	0	0.00010617
O60921	P12004	1	0.10936
P62875	P30838	0	0.00056413
P12956	P49914	0	0.00050069
P61247	P04179	1	0.93351
Q9UDW3	P63302	0	0.00013654
Q9P0K8	P49753	0	0.00011244
P04406	P04183	1	0.94553
Q16533	O76031	0	0.00010148
Q8N6Q3	P04278	1	0.5339
Q9Y6W3	Q9NZJ9	0	9.571e-05
Q9Y2H0	Q96A65	1	0.00013033
O60760	P52790	1	0.00011351
P41002	Q8IXM3	0	9.3917e-05
O15514	P62487	1	0.011769
O00311	P21695	0	0.00010935
Q12996	P53384	0	0.00015958
O96020	Q9Y234	0	8.9642e-05
Q8WUA4	P31937	0	0.00013632
O00462	P54577	0	0.0001141
Q9BYT8	P30990	1	0.14469
Q9Y535	O75534	0	0.00012502
Q96KF2	Q6P1L8	0	9.0681e-05
P36954	Q16822	0	9.3271e-05
P63208	O60907	1	0.80659
Q92624	Q4U2R8	1	0.35459
Q8TF76	P62917	0	0.00015118
P40926	P00505	1	0.3544
Q8N807	P49915	0	0.0002008
P10827	Q96RP9	0	0.00018333
Q05952	Q9HCN4	0	0.00011809
O60583	O75570	0	9.3938e-05
P19532	P39023	0	0.0001313
Q9Y3C7	Q9H6R7	1	0.97387
P06400	P02545	1	0.0015787
P27824	P15260	1	0.71519
P19838	P01589	1	0.12849
P10827	O60477	0	9.4019e-05
P62805	Q9BYD2	0	0.00018783
Q96BP2	P34897	0	0.00015473
P35244	Q9H0U6	0	0.0043165
Q9H633	P78345	1	0.32248
P36954	Q9HCN4	0	9.3812e-05
P54253	P04406	1	0.96733
P51843	Q13573	1	0.00017957
P26368	P49789	0	0.067573
O75947	Q7L5D6	1	0.73855
Q9H467	P03372	1	0.012911
Q92560	O60783	0	9.3039e-05
Q9HAN9	Q16612	0	9.6216e-05
O43513	Q03013	0	0.0008578
O60232	Q53TS8	1	0.18674
O95551	O76031	0	0.00017466
P17509	Q13162	0	0.0076469
Q9UBX1	P49789	0	0.042523
P27694	Q15102	0	0.098621
Q14181	O00471	0	0.34409
Q13200	Q16401	1	0.42064
O94864	P35754	0	0.00016235
O96019	P13798	0	0.000481
Q9BSF8	Q9Y3D9	0	8.8814e-05
O43913	Q13416	1	0.0006877
Q86WQ0	P07741	0	0.00011045
Q9UBR2	Q7Z2X4	0	0.00012175
Q9BRG1	Q86VN1	1	0.34059
Q9UKV8	Q9UHI6	1	0.00091147
Q9UIF7	Q8NEL9	0	0.00011515
Q96CD2	Q96BT3	1	0.5481
Q99623	O15379	1	0.24533
Q9BTX1	Q8N1F7	1	9.578e-05
O43365	P08319	0	0.0019682
Q12996	Q9BPZ3	0	0.00010548
P19447	P18074	1	0.00013135
Q9BXY8	Q9BQ66	1	0.0012892
Q8TAE8	P48735	0	0.00034743
Q9UKI8	O00161	1	0.10144
O75943	O60921	1	0.107
Q07820	Q9UMX3	1	0.0013716
P56537	Q9NWY4	1	0.036447
Q16611	P10809	1	0.59437
P68400	P35222	1	0.85268
P62487	Q9Y2Q9	0	0.010218
D3DTV9	Q9H0U6	0	9.7683e-05
P19438	Q06643	1	0.040957
Q9UBS8	P03372	1	0.030036
Q7L5N1	Q8N2I9	1	0.058578
P29084	P83111	0	0.00051647
O43541	O75891	0	0.00071552
P21246	Q9NPJ1	1	0.52524
P49366	P63241	1	0.79015
P20290	Q16740	0	0.5002
O00628	P28328	0	0.0019768
Q99967	P82914	0	9.2477e-05
P61970	P37198	1	0.23158
Q6ZYL4	P17987	0	0.012664
Q15645	Q8IVS8	1	0.0033157
Q8N668	Q86X83	1	0.27086
P35475	Q14914	0	0.021953
P15509	P04141	1	0.8908
Q96T60	Q9GZZ1	0	0.0021042
P13686	Q8N6F7	0	0.0024301
Q5TB30	Q9UHD2	0	9.8975e-05
O94906	Q8N1V2	0	0.00012751
P60981	P04278	1	0.80171
P03372	O15514	1	0.00018789
P63272	P55084	0	0.00031017
Q9Y262	O15371	1	8.9145e-05
P19429	Q13563	1	0.0050429
Q8TF76	P82663	0	9.0022e-05
Q9UL03	Q9BZL1	0	0.00029076
Q5FBB7	P62906	1	0.0037102
Q16518	P02753	1	0.15652
P54278	O60760	0	0.00011118
P04198	Q92844	0	0.00011237
O43747	P08247	1	0.023664
Q8TAE8	Q9BUE6	0	0.0012588
P19447	Q9Y3D9	0	9.1699e-05
O95990	Q9UI17	0	0.00011037
Q9HAW0	Q9P032	0	9.0001e-05
P27694	P21695	0	0.011379
P04053	P12004	1	0.010591
P51116	Q9BQD3	1	0.26069
Q13191	P36888	1	0.80714
Q8TDR0	Q9NRI5	1	9.6417e-05
P51116	Q15041	1	0.0055575
P49842	P49753	0	9.9288e-05
Q8TCE9	Q9UHN1	0	0.00011249
O60671	Q9Y3D3	0	0.00010813
O43776	P54253	1	0.68169
P48147	P20366	1	0.15849
Q9Y421	Q9UNZ2	1	0.2533
O95721	O43752	1	0.0099928
P05423	Q9NZE8	0	9.3817e-05
Q8NFW8	O75880	0	0.00081083
Q96KF2	Q9NZJ9	0	9.4456e-05
P62805	Q16612	0	9.908e-05
Q8N9N8	Q9Y234	0	9.8658e-05
O00311	Q9Y5N6	1	0.00010318
Q9H9Q4	P31350	0	9.4059e-05
Q15543	Q9BYC8	0	0.0001023
O15379	Q12849	0	0.0024398
P27930	P01583	1	0.0008117
O15379	P24385	1	0.31392
Q8WUA4	Q92837	0	9.0398e-05
P63208	Q9UK99	1	0.86492
O00311	P50135	0	9.8632e-05
P04066	Q9NY74	0	0.00011348
Q9NR56	Q7L3B6	0	0.0031485
Q9GZR7	Q14181	1	0.35192
P32780	Q9BYC2	0	0.0002451
Q5U623	Q14914	0	0.037374
P23759	P30711	0	0.00040957
P49005	Q9Y2J8	0	9.3365e-05
Q12929	Q13155	1	0.00086888
Q9Y6H5	Q8N5H7	1	0.92269
Q8N2H9	Q99558	1	0.00069959
P21246	P47756	1	0.45648
O43543	Q8WXI4	0	0.00010468
O43561	Q13094	1	0.61624
P62424	Q96A33	1	0.026086
O95551	Q8IXM3	0	0.00011024
O00566	Q96G21	1	0.0005441
Q15573	O15446	1	0.00018481
P12004	Q13867	0	0.0050947
P19532	P82921	0	9.5006e-05
P06280	P63302	0	0.00012216
O43365	P48200	0	0.0011045
Q13573	Q9UDX5	0	8.9609e-05
Q15291	P21695	0	9.7784e-05
P61254	O43390	1	0.47884
Q99627	Q9BT78	1	0.32021
P05026	Q5T3J3	1	0.0017116
O95551	P51970	0	0.00010816
Q12857	O95848	0	9.8169e-05
P52815	Q9NW97	1	0.0011543
P27695	P78540	0	0.025603
P16455	P46952	0	0.10154
O43543	Q9Y291	0	9.1088e-05
P08571	O15455	1	0.02717
Q8WUA4	P21673	0	0.15269
Q05952	Q6P1L8	0	0.00010075
P35221	Q12959	1	0.92665
Q9Y3F4	P62304	1	0.31517
Q92597	Q92499	1	0.85149
Q9Y657	Q16540	0	0.00012036
Q96E40	Q9GZR7	1	0.41181
Q8TF76	P82933	0	9.0253e-05
Q9P2W1	O75534	0	0.00011429
P78345	O75817	1	0.42352
P38432	Q9NRM2	1	0.55733
P20396	P16870	1	0.66211
P50897	P08319	0	0.0011181
Q9BVV2	Q15834	1	0.0047732
Q9GZS1	P17480	1	0.0009678
Q9Y3F4	Q8WXD5	1	0.10437
Q96HR3	Q96G25	1	0.31211
Q9P299	P48444	1	0.63608
P16455	Q9Y3B7	0	0.001828
O60508	Q96IV0	0	9.0028e-05
P12956	Q9BZQ8	0	0.00033019
Q9Y535	Q9P2R7	0	0.00018607
P21246	Q13200	1	0.53581
Q16656	P82914	0	9.1731e-05
O15381	P46777	1	0.97343
P35869	P03372	1	0.0071155
Q00577	Q9NZE8	0	9.5599e-05
Q969F1	P82650	0	8.8831e-05
O95059	P78345	1	0.59967
P32780	P49406	0	0.00015688
Q13889	Q9P0J6	0	0.00011168
Q16576	Q8N427	0	0.00085465
P35244	O60760	0	0.0019043
Q15562	Q8NFG4	0	0.0001214
Q53HV7	Q92837	0	0.00010651
P04843	Q9NYS7	1	0.0024997
Q15542	Q9NX18	0	9.2113e-05
Q5FBB7	P12956	1	0.0014821
O15514	Q9BYN0	0	0.00015603
O15297	P46777	1	0.97636
P61218	Q8WWV3	0	0.0026693
P09012	P21673	0	0.12151
Q15542	P48200	0	0.00014388
Q9NZD8	Q9NTM9	1	0.65997
P62854	Q969E8	1	0.83642
P62487	O75394	0	0.00076719
Q5RKV6	P20618	1	0.58314
Q03135	P05067	1	0.16097
P38571	Q9BXI3	0	0.00021154
P51513	P46783	0	0.00013844
P29084	Q9BYC8	0	0.00012539
P00374	P10809	1	0.77162
Q9NVR2	P13798	0	0.00056222
Q969H6	O95707	1	0.001545
Q9UJC5	P47874	0	0.00010109
P68400	Q03135	1	0.78724
Q9H4Z3	Q9Y6K8	0	0.00010085
Q5TB30	Q9NRN7	0	8.848e-05
Q13888	P18074	1	0.00185
Q7L590	O00311	1	0.06934
Q9Y6W3	O43182	0	8.7934e-05
Q9UDW3	P82912	0	0.00033701
O00115	P30711	0	0.00014866
Q9HBM1	O14777	1	0.34387
P06280	P62495	0	0.00012482
Q6UXN9	P40939	0	0.00013842
Q9BSH3	P53384	0	0.00012543
O95551	Q9Y399	0	0.00012094
Q9UGJ1	Q96GA7	1	0.06038
P49768	P31150	1	0.00027303
P68400	Q9UD71	1	0.96591
Q13867	P47914	1	0.01657
P25101	P14138	1	0.1026
P68400	P06744	1	0.90368
Q96BN2	O43776	0	0.00010166
P62380	Q00403	1	0.18177
P54852	Q99572	1	0.0026217
O43325	P48200	0	0.00013065
Q92908	O60477	0	9.0591e-05
Q15562	Q9BYG8	0	8.7997e-05
P27694	Q13228	1	0.090878
Q6P2C8	Q8TE02	0	8.7395e-05
Q16658	P35222	1	0.17894
O75503	Q8N142	0	0.00022268
Q15583	P23921	0	0.0001027
Q6ZS82	O75916	1	0.00026557
Q96G25	Q15528	1	0.053605
Q9NP84	O43508	1	0.51252
O60762	O15235	0	0.22363
Q96RU7	Q7L5N1	1	0.17696
Q8TCE9	Q9BZQ8	0	0.00013745
Q9H5J8	P06746	1	0.00049097
P05000	P17181	1	0.30639
O43365	Q9BYD1	0	0.00076594
Q9UNM6	O00232	1	0.088651
Q8IXH7	Q8N8Q3	1	0.00014436
Q15102	Q9Y3C7	1	0.90574
P22304	P49914	0	0.00013455
P10827	O75534	0	0.00014427
Q16533	Q9NVV4	0	8.8125e-05
Q9UK76	P50135	0	0.00010355
Q9UJX6	P30260	1	0.0011734
P21549	P50542	1	0.51068
Q9GZT8	Q15555	1	0.0059241
Q969G3	O43776	0	0.00024182
P32780	O43182	0	0.00038422
Q8TAE8	P83111	0	0.00022016
Q8NCW5	P02652	1	0.49459
P17900	P51970	0	0.00088752
P51946	O60551	0	9.2538e-05
Q9Y275	Q02223	1	0.14298
Q96D98	P48200	0	0.00013645
Q01459	P52815	0	0.00035299
P41227	Q16665	1	0.81306
O43541	Q9HCY8	0	0.0018335
Q9NV56	P51580	0	0.00010191
Q9H0Y0	O95352	1	0.00010631
P23759	O14713	0	0.00022646
P0DPI2	Q70Z53	1	0.16995
P04183	Q7L5N1	1	0.93108
O95741	Q9Y6K8	1	0.00059089
O75446	Q9NZJ9	0	9.6743e-05
P02775	Q14061	1	0.80671
Q9Y5Q9	Q9Y2R5	0	0.00010454
Q9Y5N6	P49736	1	0.00038889
P62875	O15091	0	0.00040297
Q8TCE9	O60760	0	0.00012218
P49005	Q7L3B6	0	9.2645e-05
P12004	P27695	1	0.12755
Q8NFW8	Q04837	0	0.00071653
Q9HCU9	Q969G3	1	0.0051187
Q9C002	O95786	0	0.00011045
P54278	Q07617	0	0.00010346
O75419	O43913	1	9.7234e-05
O75940	Q14974	1	0.0053902
O95059	Q969H6	1	0.0093843
P12004	P24522	1	0.71757
P35244	P49736	1	0.0049083
Q9UBW8	Q6P1K2	1	0.86962
Q9UBD9	O75462	1	0.51916
Q8NFW8	O14920	0	0.00029469
Q8IU60	P20618	1	0.19146
P30519	Q5T3J3	1	0.00014566
P13984	Q13867	0	9.2966e-05
Q96FZ7	Q96H20	1	0.70868
Q9BVJ6	Q9BWC9	1	9.3964e-05
Q9Y5N6	Q9UBD5	1	9.68e-05
Q9UGL9	Q5T3J3	1	0.9322
P49005	Q8N1V2	0	0.000102
P61218	Q9Y399	0	0.00012163
O94777	O60762	1	0.8109
P21673	O95251	1	0.30306
Q9P2W1	Q6PRD7	0	9.2748e-05
Q16576	Q16822	0	0.00054988
P32970	P26842	1	0.00053084
O00462	P49753	0	0.00010565
B2CW77	O75891	0	0.00016602
Q9UKF6	Q9UI17	0	0.00052169
P40926	O75390	1	0.002793
O43292	Q9H490	1	0.00028194
Q9Y3A3	Q5T3J3	1	0.9515
Q07820	Q96LC9	1	0.00011629
O60671	Q9NPB1	0	0.00014717
Q02363	P40261	0	0.0001594
O75528	O95361	0	0.019521
P21549	Q9Y6H5	1	0.62106
D3DTV9	Q6P1L8	0	9.6901e-05
P68400	Q9UNN4	1	0.97997
Q00577	A2A3N6	0	0.00010043
P15848	Q2VPK5	0	0.00010614
Q969F1	Q9Y239	0	8.8822e-05
P62917	Q11203	1	0.0013967
Q8WXF8	O15519	1	0.00014334
O75506	Q9Y676	0	0.00069813
P46783	O95251	1	0.00049705
P62304	Q8N1V2	0	0.015141
B2CW77	P49915	0	0.00012568
P62805	Q14914	0	0.026672
O60268	Q96HW7	1	9.4037e-05
Q14186	Q9BY32	0	0.0001031
Q00577	P56277	0	9.3265e-05
P15927	Q9BVJ6	1	0.21409
P14866	P27695	1	0.17292
O75354	P54253	1	0.69823
P21246	Q9UGL9	1	0.63552
Q13571	O95208	1	0.01539
O43257	P67870	1	0.46326
Q03431	P49407	1	0.18589
O60383	Q6P1K2	1	0.89271
P49842	Q14749	0	0.00035033
P42701	P29460	1	0.01647
Q9H1Z4	Q6V1X1	0	9.9905e-05
O95990	P82663	0	9.6783e-05
Q969F1	Q13867	0	8.841e-05
Q9UIF7	Q7L0Y3	0	0.00011584
O43365	P20807	0	0.0015272
P17900	Q14894	0	0.10006
Q14696	Q9NP92	0	0.00010201
P17900	Q14CX7	0	0.0030552
Q96BP2	Q2VPK5	0	0.00010277
P52961	P01127	1	0.76661
P22304	O75534	0	0.00018461
Q13432	O43252	1	0.69117
Q13573	P49458	0	0.00014409
Q5U623	O75879	0	9.287e-05
Q8IXF0	P30711	0	0.00033606
Q9UJX3	Q12834	1	0.050145
P14778	P01584	1	0.0077685
O94777	Q92535	1	0.68885
P38571	Q9NVV4	0	0.00020123
P04004	P61812	1	0.67724
P06280	Q92598	0	0.00018311
O96006	Q9Y4P9	1	0.0077158
P03372	P10827	1	0.001957
O75818	P78346	1	0.00054574
Q6IB77	Q5RL73	1	0.78455
Q9H4I2	Q9BZQ8	0	9.261e-05
O76003	Q9BQ66	1	0.016517
Q7L5N1	Q9BXR0	1	0.90059
Q96JN0	Q9NZD4	0	0.00064927
Q99967	Q8TDY4	0	0.0047
Q9BW71	P62805	1	0.00010263
Q5FBB7	P30154	1	0.0022783
Q96BP2	O14561	0	0.0006985
P19532	P31937	0	0.00015712
Q9NQ92	O14713	0	8.9586e-05
P34741	Q03167	1	0.033587
P08700	P32927	1	0.91157
P10912	P01242	1	0.8878
P12956	P54577	0	0.00019279
O75925	O15169	1	0.3091
O75528	P82909	0	0.0007699
Q9Y2H0	Q05586	1	0.0006353
Q13610	Q6V1X1	0	0.00011691
Q16478	P58340	1	0.0055532
Q7L775	P26639	0	0.0018729
O96020	Q12849	0	9.5912e-05
Q13216	O14949	1	0.97338
Q13094	Q15464	1	0.8691
Q9Y6W3	P06132	0	0.00017039
P53618	P48444	1	9.2464e-05
O00716	Q9P0R6	0	8.7661e-05
P21246	Q9BTY7	1	0.64856
Q13077	P19438	1	0.66277
Q9UBR2	P46952	0	0.0068078
Q03113	P16473	1	0.33661
P22304	Q8TE02	0	0.00010894
Q6P1J9	Q9BYG8	0	0.00014846
Q9HBE4	Q9HBE5	1	0.4657
Q8N1I8	O00453	1	0.00024253
Q96BD8	Q9UL45	1	0.0051125
Q09161	O95793	1	0.016192
Q9UL40	Q12906	1	0.037096
O75330	P16070	1	0.17874
Q9NWT8	P59103	0	9.275e-05
O75506	Q9BPZ3	0	9.1874e-05
Q8TAE8	Q9GZZ1	0	0.0011573
O60583	P39023	0	0.00011934
Q03181	Q9NP74	0	0.00015073
O60583	P33402	0	0.00013185
Q99558	Q13077	1	0.43839
Q01459	Q9NP92	0	9.4648e-05
P07602	O96006	1	0.021771
P13010	P82930	0	9.6052e-05
P10827	P61201	1	0.0028609
Q13432	Q99547	1	0.64586
Q8WY41	Q05586	1	0.022318
Q9H1D9	Q92994	1	0.00081626
Q96T60	Q9NT62	0	0.0049838
Q9UM13	Q13042	1	0.68561
Q8TDH9	Q96EV8	1	0.0013165
P22087	Q99558	1	0.0018861
P23759	O00764	0	0.00031791
Q5T0L3	Q15834	1	0.0018516
Q92908	Q9BYD6	0	9.8616e-05
O00115	P51553	0	0.00018093
Q6PIZ9	A0A5B6	1	0.49133
Q16656	O95786	0	9.2391e-05
O00198	Q07021	1	0.55571
Q9ULX3	P51970	0	9.6032e-05
Q12996	Q92844	0	0.00012304
P18858	Q8N4X5	0	9.1038e-05
O77932	Q14254	1	0.071174
Q05048	O14920	0	0.00013454
Q9UK76	Q6XE24	0	0.00010273
Q8TCJ0	P82933	0	9.2771e-05
Q9UGJ1	P23258	1	0.00040455
Q9H211	P12004	1	0.015389
Q9NTK5	Q9H1I8	1	0.25928
O00287	O14618	0	0.00010478
P62380	O60664	1	0.26081
Q14019	P09917	1	0.78864
Q9BUI4	Q9UKN8	1	0.00085698
Q9Y2T2	P55087	1	0.019711
P25208	Q9Y2J8	0	0.00018095
Q9NWT8	P82909	0	0.00012246
Q92966	Q9BUE6	0	0.00025283
Q6UXN9	Q9H7D7	0	0.00041988
O60508	P49675	0	9.4061e-05
Q9Y3F4	Q9H840	1	0.32414
Q9Y3C7	Q96G25	1	0.87455
Q86WB0	P82675	0	9.1065e-05
Q15645	P30039	1	0.0081539
Q99933	P03372	1	0.011848
O95926	Q16612	0	9.4478e-05
Q92973	P09132	1	0.00045433
Q9UMS4	Q9UPT5	1	0.0083177
P16455	P82932	0	0.0016208
Q01459	A2A3N6	0	0.00017865
Q92908	Q07617	0	0.00010193
Q9BSH3	Q8N6F7	0	8.9183e-05
O95273	P82933	1	9.2434e-05
Q53GS9	Q9NZD2	0	9.3642e-05
Q6ZYL4	Q9BTM9	0	0.28913
O00623	P56589	0	0.0025158
Q7L5N1	Q9Y4P8	1	0.012291
Q96AV8	Q07617	0	9.77e-05
P26368	P54577	0	0.0070732
Q8N9N5	P31937	0	0.00013437
Q6P1J9	Q9UBR1	0	0.00025493
Q9UKA2	P63208	1	0.92958
P05060	O15527	1	0.60994
Q16589	Q15257	1	9.9612e-05
P30519	P05067	1	0.70043
Q9H2F5	P15374	0	8.9019e-05
Q15185	P35869	1	0.0057048
Q9BYH8	P19838	1	0.12125
Q9NP85	Q9Y5K6	1	0.56215
P50150	O14775	1	0.00010413
Q02363	Q9HCN4	0	0.00043543
O60583	P28799	0	0.00011869
O96020	P46527	1	0.00011722
Q9GZX6	Q08334	1	0.88672
O43325	P21695	0	0.00010157
P49184	Q9BY32	0	9.4149e-05
Q5MJ70	Q2VPK5	0	9.0064e-05
P04198	Q8WXI4	0	0.00010995
Q9NX01	P30711	0	0.00013837
P18858	Q13405	0	9.4539e-05
Q58WW2	Q8TDY4	0	0.016433
Q13285	Q14894	0	0.21492
P03372	P19838	1	0.010847
Q8TDC3	P30291	1	0.00060713
Q9BT78	Q9UNS2	1	0.0020949
O60907	P35222	1	0.058017
P17480	Q03188	1	0.00056538
O43913	Q9UD71	0	9.1374e-05
O94776	Q16576	1	0.0012634
P12004	P12956	1	0.078369
P03372	Q9H2W6	0	0.00088892
Q00403	P47874	0	0.00010242
Q8N9N8	Q12849	0	0.00010435
Q92989	O75648	0	0.00022514
Q53H80	Q15834	1	0.0022215
P13010	P12956	1	0.055503
P21673	P49903	1	0.25228
O14745	Q03431	1	0.46937
Q6PJT7	O75880	0	0.0014112
P83369	Q6UB35	0	0.0003583
Q12929	Q9BYC9	1	0.00037572
Q9HB96	Q00597	1	8.7846e-05
Q9BSH3	Q8WUN7	0	0.00014383
Q92597	P26639	1	0.77403
Q9HAN9	Q04837	0	0.00049489
Q8NB91	Q04837	0	0.0016194
P49736	O95848	0	0.0001184
Q9BWT1	O60783	0	9.325e-05
O43261	Q9GZT6	1	0.0016482
O95081	Q9UBC2	1	0.0036102
Q00403	P29083	1	0.0033902
Q06265	Q9Y2L1	1	0.20281
Q16514	Q99551	0	0.0024302
P13984	Q9NY74	0	9.2695e-05
P54278	Q16740	0	0.32335
Q8NFZ5	P19838	1	0.032966
P04155	Q86XP6	1	0.442
P21673	Q5RL73	1	0.67201
Q96N16	Q9UBS5	1	0.0054262
P21673	Q9BQ70	1	0.19161
Q96SB4	P26368	1	0.025272
Q96D98	Q16698	0	0.0005703
Q8TCE9	P61970	0	0.00043971
Q16665	P27695	1	0.084746
Q15029	O15145	1	0.76012
P02774	Q5T3J3	1	0.0059149
Q14974	P55060	1	0.015714
P35869	P06400	1	0.0021599
Q9NP62	O15379	1	0.0042912
P15848	Q92844	0	0.00011011
Q9BWT1	O14618	0	0.0001092
Q8N9N5	Q16822	0	8.8637e-05
O43929	Q13416	1	0.0011488
Q07352	P13995	0	0.23675
Q7Z5Q5	Q9GZZ1	0	0.00058479
Q9UHR5	O60477	0	0.00011456
Q15543	P30711	0	0.0001546
Q00403	P13984	1	0.00026995
O14544	Q15370	1	0.89791
Q99547	Q8N392	1	0.080403
O00716	Q03013	0	0.0010705
Q9H2F5	Q7L3B6	0	8.9543e-05
P52657	P29083	1	0.064025
Q9H2F5	P61970	0	0.0017076
Q9HCU9	Q5T3J3	1	0.012265
Q86WB0	Q99558	0	0.00020839
Q03181	Q9BPZ3	0	9.1096e-05
Q15583	Q96HU1	0	9.6192e-05
Q9Y678	P48444	1	0.082884
Q8TF76	Q9HD33	0	9.169e-05
P29084	Q9BRJ2	0	0.00012018
O00462	P55084	0	0.00039731
P05060	P17480	1	0.00046909
P59998	Q8IXH7	1	0.99096
P46977	Q8NCD3	1	0.0019643
Q9H1D9	Q5T3J3	1	0.0013163
Q9BRA2	P01185	1	0.053385
O00623	O75381	0	0.0015639
Q9NWT8	Q9Y3D9	0	9.4612e-05
Q9NX01	P35754	0	0.00019704
O95793	P05388	1	0.23056
Q92990	Q9UNZ2	1	0.73233
P49917	Q6UB35	0	0.00055502
O95994	Q9GZT6	1	0.25336
Q9NQ92	P59103	0	8.7136e-05
P07498	P05814	1	0.51515
O43913	P63302	0	9.3486e-05
O94782	Q9BYD6	0	9.0795e-05
P86791	Q96RP9	0	0.00011141
Q9NVU0	Q16851	0	9.0586e-05
Q96H20	Q86VN1	1	0.08094
P07686	P63302	0	0.00016769
P62888	Q99558	1	0.00019322
Q15762	P15151	1	0.034791
Q96RL1	Q9C086	1	0.00028266
Q16656	Q9Y234	0	9.0056e-05
Q92542	P49768	1	0.0040314
P50897	Q9GZT8	0	0.0060286
Q9H5J8	P59103	0	8.7964e-05
Q13347	P03372	1	0.83205
O00311	O43913	1	0.000118
Q9BPX7	Q70Z53	1	0.001598
P18074	P82650	0	9.309e-05
Q07352	P54136	0	0.0033159
P35268	Q9UNZ2	1	0.061306
Q9H4Z3	O60760	0	9.9975e-05
Q9UBU7	O00311	1	8.8873e-05
P35475	Q9BYD6	0	9.6031e-05
Q13889	P31937	0	0.00015916
Q7L590	Q15834	1	0.038885
P36915	Q70SY1	0	0.00014427
O43541	P82909	0	0.00086202
Q9NPI8	O14713	0	9.498e-05
P60174	Q9Y234	1	0.029174
Q9UDW3	O43776	0	0.0005111
Q9BWT1	Q9P2W6	0	9.1239e-05
Q8NB91	O75534	0	0.00012347
P54253	P16383	1	0.88329
Q99828	Q14596	1	0.45638
P16455	P68400	1	0.83188
P55060	P35268	1	0.003555
Q6UXN9	Q9NZE8	0	0.00016905
Q5VVH5	P51617	1	0.085662
O95059	O95707	1	0.034874
O43513	Q9NRN7	0	8.9389e-05
Q8NB91	P62269	0	9.0235e-05
O95251	P49736	1	0.061807
P62875	Q9BU02	0	0.0013751
Q9P021	Q12959	1	0.88605
O95990	Q9Y291	0	0.00010033
Q14186	Q9UHD2	0	0.00010685
Q14186	P82912	0	0.00013261
O15514	P82932	0	0.00020828
O43513	P40925	0	0.00020345
Q9H4I2	O15235	0	0.17839
Q7Z5Q5	Q9P2R7	0	0.00016475
Q53GS9	Q9NP97	0	9.4653e-05
O95059	P78346	1	0.034768
P10827	Q13569	1	0.00045312
O95926	Q9H0U6	0	9.4123e-05
Q9UNL2	P51571	1	0.1663
Q9P2W1	P33402	0	0.0001227
Q9NWT8	P49406	0	9.8061e-05
Q9UDW3	P55084	0	0.0022562
O15372	Q15834	1	0.020791
Q15583	Q9Y3D9	0	9.1134e-05
Q9GZT8	Q9H773	1	0.076792
Q9NQ92	P49902	0	9.243e-05
P51116	Q5VSY0	1	0.021633
Q03013	Q96ID5	1	0.023344
P84090	Q96ID5	1	0.61742
Q9Y294	P82663	0	9.7183e-05
Q5FBB7	P18124	1	0.0032581
D3DTV9	P54577	0	0.00010354
P38432	Q9Y4C2	1	0.71386
Q13790	P02652	1	0.019444
P06401	Q9H467	1	0.0029876
Q8NBJ4	Q9GZP1	1	0.10529
Q9HAN9	Q9P032	0	9.339e-05
Q9H147	P78540	0	0.00010595
Q02878	P47914	1	0.010735
P09669	P21246	1	0.30209
Q9NVR2	P13693	0	9.2781e-05
P56537	Q9Y2X7	1	0.1189
P13686	O14737	1	0.17192
O60583	Q9BYD1	0	9.0125e-05
P29084	O75891	0	0.00078048
P36542	Q9HCC8	1	0.55176
Q15542	Q14CX7	0	9.3848e-05
P17480	P48147	0	0.00077808
Q9UHX1	Q05519	1	0.10519
P18074	Q9H0U6	0	9.3497e-05
Q03113	Q15283	1	0.017588
O15287	Q00597	1	9.9098e-05
Q9UNI6	Q04837	0	0.0018554
O60583	Q7Z2X4	0	9.1529e-05
P09132	P49458	0	0.0034714
P37198	Q14974	1	0.32623
Q9UHR5	Q9BYC2	0	0.00014845
Q9Y675	Q9BYC2	0	0.00010386
P16383	O60551	0	9.1183e-05
Q12929	Q15834	1	0.023618
P21246	Q9HC16	1	0.47636
P63208	Q9UKT4	1	0.8202
Q9Y657	Q9NRN7	0	0.00012241
P38484	P15260	1	0.1468
Q92979	Q07666	1	0.38683
P04066	Q9UN86	0	0.00011835
P21673	Q9BWH2	1	0.77072
O00623	O96011	0	0.0034425
Q9Y6X1	P60468	1	0.52658
Q9H147	Q9H7D7	0	9.1697e-05
Q9NWT8	Q16719	0	0.00015731
P32780	P21673	0	0.16865
P37108	P49458	1	0.66068
Q12996	P21695	0	0.00011581
Q8WYA6	Q9UBR1	0	0.00015043
Q16533	P39023	0	0.00011155
P29083	P61970	0	0.031428
Q9UHD2	Q92844	1	0.0001034
Q15650	P19838	1	0.0062413
O00116	O15228	1	0.00096475
Q9NZJ7	P49768	1	0.00045726
Q92759	Q8IVS2	0	0.0001141
Q9NX01	Q7Z2X4	0	0.00010433
Q15583	Q5T3J3	1	0.00012871
Q9H6T0	Q92598	0	0.00023271
Q02363	Q9P0M9	0	0.00023204
O75716	P19419	1	0.11419
P50897	P31937	0	0.0002801
Q5JVS0	Q70Z53	1	0.054266
O60762	Q9BPZ3	0	0.0098578
Q13416	Q8N4X5	0	0.00054523
Q9H081	O14777	1	0.81508
O95990	Q9BRJ2	0	9.5335e-05
O43541	Q9BZL1	0	0.0010188
Q92560	Q9H0U6	0	9.4029e-05
Q53H80	Q9Y239	0	9.0606e-05
Q6QNY1	Q8TDH9	1	0.4531
P24385	P49736	0	0.12689
O75934	P06401	1	0.81059
P21673	Q9NPI5	1	0.092966
Q99081	Q02363	1	0.00027333
Q96BP2	P49902	0	0.00010383
Q8N715	Q9BQ66	1	0.021745
O43365	Q92598	0	0.00090133
Q96KF2	Q9NZD4	0	0.00032578
O75503	Q9NZD4	0	0.00028476
Q8IXF0	P30838	0	0.00031877
P60228	Q9HC44	1	0.0024132
Q7Z434	O95786	1	0.00060103
Q8WUH2	P09917	1	0.00015811
O43148	Q9H6S1	0	9.2629e-05
Q96KF2	P09132	0	9.6061e-05
P35475	Q9HCN4	0	0.00011871
Q9UI46	P43034	1	0.00060769
O00257	O43182	0	8.7781e-05
O43365	Q16719	0	0.0010969
Q9Y262	P60228	1	0.0077253
Q9BWT1	Q8N427	0	9.3914e-05
Q92966	O75897	0	9.0578e-05
Q13568	Q08257	0	0.0101
Q9H147	P00558	0	0.088662
O43395	Q15834	1	0.023428
O15379	O75081	1	0.047959
P18074	O14920	0	0.00035989
Q9UBD5	Q99741	1	0.0002116
P52657	Q9Y676	0	0.033521
Q9NQ92	P32929	0	0.00054278
Q9Y5N6	Q99741	1	0.00032702
Q6ULP2	Q9NZ52	1	0.00047388
P09012	Q9NZJ9	0	0.00021408
Q9H944	Q96G25	1	0.18282
O15455	Q99836	1	0.35987
Q58WW2	P46952	0	0.1334
P54803	P07741	0	0.00013332
Q9BSF8	P82675	0	9.0413e-05
Q9BV38	Q8NC60	1	0.00013045
Q07352	O75897	0	0.0026034
P17900	P82914	0	0.0035706
O76039	P82930	0	9.4059e-05
P83369	Q01581	0	9.5848e-05
Q9H1D9	Q9UKN8	1	0.0015227
P16871	P13232	1	0.22969
P67870	P38432	1	0.60199
O75528	Q8N142	0	0.00057753
Q9UI12	P36543	1	0.24115
P62805	P07195	0	0.00018832
Q8NBJ4	Q9H8U3	1	0.025828
Q7L775	O60477	0	0.00010829
Q13480	Q9GZY6	1	0.0025927
Q64ET8	Q9UDX5	0	8.8525e-05
P09430	P49753	0	9.9468e-05
Q0VD86	P00558	0	0.059212
Q7L4P6	Q9NSA3	1	0.88445
O43543	Q9H7D7	0	0.00011121
Q15388	Q99689	1	0.20575
P62875	P51970	0	0.00040267
P18858	O75570	0	9.5278e-05
Q9BWC9	Q5T3J3	1	0.00010778
Q96EC8	Q9BWQ6	1	0.00010194
O00257	Q9Y676	0	0.00010771
P23921	P31350	1	0.00010281
P52434	P36954	1	0.89548
P16383	Q96RP9	0	0.00012221
Q9HAW0	P51580	0	9.7718e-05
P38571	P39023	0	0.00036091
P07737	Q5T3J3	1	0.99089
O43929	P55084	0	0.00085098
O96011	P56589	0	9.0323e-05
P17480	P68400	1	0.97786
P04843	Q6IA17	1	0.071347
Q9NRX3	Q9GZU0	1	0.2105
Q92908	Q16540	0	9.7402e-05
Q9NPI8	Q01581	0	0.00011907
P21246	Q9H8G2	1	0.51123
Q16478	O43292	1	0.00049547
Q9UI36	P49458	0	0.0001323
Q9HAN9	Q16698	0	0.00073165
Q99933	P06400	1	0.0096298
P29084	Q14442	0	0.00049321
P32780	P29084	1	0.0067779
Q9H1I8	Q15650	1	0.0010453
Q8TF76	Q9P2W6	0	8.8763e-05
Q9BYD3	Q9GZR7	1	0.60181
Q6WBX8	O75943	1	9.1972e-05
P0C870	P04278	1	0.82356
P15848	Q9Y239	0	0.00010782
Q8N5M1	P25705	1	0.0081802
Q16594	Q00403	1	0.00022174
Q9H8T0	Q14181	1	0.85588
Q96T60	P12081	0	0.00092445
Q15761	P01303	1	0.30622
Q9H5F2	P51970	0	9.8164e-05
Q9H147	Q96HU1	0	8.8071e-05
P15586	Q14749	0	0.00024442
Q9UKJ5	Q9BQ66	1	0.000826
Q99967	Q9Y2R5	0	9.7016e-05
P21246	Q96EW2	1	0.53293
Q58WW2	Q9Y3D3	0	9.4454e-05
P21673	Q9BVJ6	1	0.18322
O00115	Q9NYK5	0	9.2617e-05
Q13243	Q9Y2T2	0	0.00011734
Q92560	Q9BU02	0	9.3031e-05
Q9NQX3	P07737	1	0.95652
Q15642	P18545	1	0.0029218
P09693	P04437	1	0.024345
Q9NYG5	Q9UJX6	1	0.057004
Q9UMX1	Q9NPA3	1	0.0021251
P21246	Q9NQZ2	1	0.52648
Q9P0K8	O00471	0	0.00010945
Q8WYA6	Q14CX7	0	0.0001404
Q15543	P20807	0	0.00012403
P50897	Q9P0M9	0	0.00013794
Q6P1J9	Q9P0R6	0	0.00011072
Q9NR56	P55084	0	0.014696
O75503	P78540	0	0.00012175
P20290	Q99819	0	0.084885
Q92597	P39023	1	0.7721
Q92598	P43034	1	0.00049042
P32780	P12081	0	0.00028166
O43633	O94818	1	0.0044499
Q969H0	P49768	1	0.00043405
P56537	Q14181	1	0.22406
Q9UDW3	Q9BZQ8	0	0.00037465
P07686	P09132	0	0.00017266
Q5MJ70	P63302	0	9.237e-05
Q9UIF7	Q9H6S1	0	0.00010617
P04066	Q14CX7	0	0.00010587
O75460	P49768	1	0.0041475
P15927	P49736	1	0.43937
Q8TA86	Q01081	1	0.00058182
Q9Y262	Q9UBQ5	1	0.77812
P51116	Q15834	1	0.087543
P62304	O60239	0	0.049075
P56537	Q9BZI7	1	0.23434
P68400	P55087	1	0.65363
P10124	P02768	1	0.015139
Q86UN6	P31323	1	0.066166
P84090	Q7L5N1	1	0.19674
P30793	P05026	1	0.57833
P54253	Q9NRX4	1	0.22466
Q9HCC8	Q70Z53	1	0.0017409
O15514	P62875	1	0.0022719
Q8WTV0	P02649	1	0.024522
O60762	P82663	0	0.0061918
O43913	P13995	0	0.56463
P59998	O15145	1	0.85084
P36954	Q9HD40	0	9.3887e-05
P12004	Q03013	0	0.0055423
Q9Y294	Q13112	1	0.00010851
Q06265	Q9NQT5	1	0.085343
Q9H8M7	P40261	0	9.7834e-05
Q99558	Q9UNE0	1	0.00041283
O60238	P17152	1	0.00050145
O60508	Q92598	0	0.00010526
P68400	P04198	1	0.97675
P12956	P06401	1	0.0015541
Q15583	Q9Y3C7	1	0.98562
Q9UBU7	Q9HD40	0	9.2054e-05
P61218	Q9P0J6	0	0.000126
Q9H0W9	Q9BYD2	0	0.0001002
Q9Y3A3	Q9BTT4	1	0.83848
Q64ET8	Q01581	0	9.4181e-05
P62487	Q92598	0	0.013941
Q15291	Q9BYC9	0	0.0001268
Q92828	O60907	1	0.00087913
Q07820	Q13323	1	0.0023234
Q5T3J3	Q16891	1	0.00047268
Q5T3J3	P82932	1	0.00010597
Q13243	P61970	0	0.022505
Q6ZYL4	P19447	1	0.016628
O43395	Q9C005	1	0.00010491
Q9C002	Q99558	0	0.00025009
Q8TEL6	P19438	1	0.00013812
Q9Y698	Q12959	1	0.43981
P14222	Q9GZR7	1	0.032704
P21246	O76061	1	0.36666
Q99627	Q13572	1	0.55976
P07686	Q9Y2J8	0	0.00017162
Q9UJW9	O75170	0	8.8212e-05
P30154	Q99497	1	0.83893
P49005	P12004	1	0.0075777
P48551	P52630	1	0.23264
O75528	Q9BRR6	1	0.036749
P49184	P40925	0	0.00017113
Q92989	O14561	0	0.0019664
Q96BN2	Q9NY33	0	9.0683e-05
Q9UHI5	Q07837	1	0.0074644
O95870	Q9H0R3	1	0.00032599
Q9UNN5	Q9H1I8	1	0.10662
P17480	Q8N6F7	0	9.2561e-05
Q5XKR4	P15104	0	0.00015544
P17540	Q13432	1	0.80487
P20290	Q8WWV3	0	0.11188
P09012	O60239	0	0.00043176
O43929	Q9Y5N6	1	0.0001837
P13010	Q13416	1	0.0053857
Q12824	O15169	0	9.4417e-05
P35475	Q9NX20	0	9.6417e-05
Q15543	P61970	0	0.0047264
Q13569	P62917	0	0.00045292
Q9P0K8	O60783	0	9.6425e-05
P68400	Q16666	1	0.97068
P05067	P49768	1	0.56615
Q99627	Q9UBW8	1	0.24529
O95411	Q9BU02	0	9.3641e-05
O75503	P33402	0	0.0001149
Q5XKR4	Q9UHN1	0	0.00015092
Q9Y2H0	Q12959	1	0.93194
Q53GS9	Q7L3B6	0	8.7839e-05
O76003	O95544	1	0.070389
P54368	P11926	1	0.69489
P62487	O15091	0	0.010692
Q96MU7	Q07666	1	0.042228
P12004	P49753	0	0.0075653
O75553	P05067	1	0.45416
Q9H5J8	P82930	0	8.9779e-05
O15379	Q9Y2Q9	0	0.0017744
Q13432	P84090	1	0.75305
P22304	Q9Y3E5	0	0.00011703
Q13685	Q8IXH7	1	0.00015567
P21246	Q15388	1	0.6404
Q9UM13	Q9UJX2	1	0.72736
P78536	Q12959	1	0.90804
P03372	Q99551	0	0.00010631
O43493	P05556	1	0.70093
Q5JTV8	P02545	1	0.0035463
P18858	P48147	0	0.00048398
Q8WYA6	P17987	0	0.00026263
O94906	Q9BU02	0	0.00010206
Q8TDC3	P30305	1	0.35558
P51811	P68400	1	0.96304
O60762	Q8N427	0	0.033907
Q9H0W9	P13995	0	0.15589
Q03181	O00764	0	0.00019533
Q16576	Q9UKG1	1	0.046995
Q96HA8	Q7Z6G3	1	0.02679
Q8TCJ0	Q8WXI4	0	0.00010827
Q9UJW3	Q9UHA3	1	0.0013689
Q92597	P60228	1	0.81882
P32780	P06132	0	0.00033235
Q9UGP4	O95059	1	0.0096414
O43808	P40855	1	0.013752
P46952	Q99259	1	0.34601
O15379	P06400	1	0.0042385
Q12824	Q9NT62	0	8.6095e-05
Q49AN0	Q9UKT4	0	0.00053411
Q99689	Q86Y56	1	0.00043741
P20916	P02686	1	0.0084747
Q9UHV9	Q9NQP4	1	0.00059556
Q9UBR2	Q9NYK5	0	0.00010804
O75530	Q12972	1	0.20699
P45974	O75528	1	0.025426
Q9NWQ8	O14745	1	0.24014
P19320	P05556	1	0.93827
P62805	P82909	0	0.0001103
O77932	Q01780	1	0.0014016
Q8TF76	O75570	0	9.3099e-05
P52657	P14324	0	0.0059212
Q9P298	P0CAP2	1	0.00011334
Q9NWT6	Q16665	1	0.51331
O43913	Q9BZQ8	0	9.0341e-05
Q9H8M7	Q93088	0	0.00010353
Q7L775	Q9NZE8	0	9.8483e-05
Q03181	O60760	0	0.00011491
P04406	Q15102	1	0.93079
Q9UNI6	Q9UI17	0	0.00025434
Q9H4I2	Q9NX20	0	9.9509e-05
O75446	Q6PRD7	0	9.3352e-05
Q9UNE0	Q92838	1	0.71435
Q6UXN9	Q2VPK5	0	0.00020565
Q12929	P05556	1	0.92928
P49005	P21695	0	0.00011986
P15927	Q15011	1	0.57352
P13727	P04141	1	0.91943
Q96BP2	P15374	0	9.7601e-05
Q96T60	Q9H6S1	0	0.00462
P36542	P21246	1	0.74464
O95994	Q9Y3C7	1	0.72174
O76039	P50135	0	0.00010565
O00311	O75897	0	9.7189e-05
P51116	Q7Z6G3	1	0.016363
Q6UXN9	O60551	0	0.0001848
Q92759	Q9NP97	0	9.5299e-05
P67870	P68400	1	0.8085
Q92624	Q8N140	1	0.00046876
P21673	Q9GZT6	1	0.49476
P30291	P46783	0	0.00011157
P52657	Q96RP9	0	0.012551
P29274	P00813	1	0.65229
O76003	Q70Z53	1	0.04592
P52657	Q7L0Y3	0	0.024068
P06400	P62269	0	9.4635e-05
P52434	P62875	1	0.2294
Q8IU60	Q14181	1	0.0043869
Q14186	P82664	0	0.0012856
P21246	Q9Y657	1	0.36813
Q13243	P62495	0	0.00010338
Q969G3	P83111	0	0.00020074
Q9Y6D9	Q9Y2J4	1	0.10433
Q13794	Q07820	1	0.00021319
Q9Y294	Q9UK41	1	0.00064471
Q9NVR2	Q9Y3D9	0	9.12e-05
O43541	Q8IVS2	0	0.00047463
P40933	P14784	1	0.098494
Q86WQ0	P49406	0	9.1317e-05
P62487	Q92844	0	0.012629
Q9UBU8	P06400	1	0.00011944
Q92643	O43292	1	0.0005057
Q9NXE8	Q15834	1	0.02396
Q9NR82	Q9NRI5	1	0.00044018
Q7L590	O43929	1	0.06414
Q7L8L6	Q15834	1	0.0031259
Q15049	P13693	1	0.00019249
O43427	P68400	1	0.97101
P67870	P03372	1	0.84
Q99436	Q92979	1	0.73795
Q6ZYL4	Q9P0J6	0	0.013763
Q13569	P03372	1	0.00059023
Q9H5F2	Q13795	0	0.0002674
P41002	P40925	0	0.00026438
Q00577	P49902	0	8.9478e-05
P40225	P40238	1	0.050048
Q9NUP1	Q8TDH9	1	0.0021708
Q9NZ42	Q92542	1	0.14847
P35222	P19838	1	0.12319
Q9NY97	Q96EU7	1	0.0020776
P20290	O15235	0	0.50939
Q05048	O14561	0	0.00047514
O95229	Q9H081	1	0.83428
Q9NVU0	Q96EK5	0	9.3233e-05
Q16656	O60239	0	9.1013e-05
Q8NFW8	Q14442	0	0.00013577
O75528	Q96ES7	1	0.043683
P55259	P04746	1	0.092048
Q9UJX3	P30260	1	0.01905
Q16594	P38432	1	0.46473
P49842	Q9BU02	0	9.472e-05
O96011	P28328	0	0.0040703
O60763	P61764	1	9.6159e-05
P12004	P18858	1	0.01486
O60762	Q13867	0	0.030562
P10451	P05556	1	0.87593
O75528	Q9BYC8	0	0.00045354
P03372	Q00403	1	0.00073695
P49184	Q9BYC8	0	9.4093e-05
O75916	O14775	1	9.6867e-05
Q86WB0	Q8N1V2	0	9.4676e-05
Q9BVK8	O95870	1	0.20801
P62875	Q9Y2T2	0	0.00068997
P06400	Q9BYG8	0	9.061e-05
P32780	P46952	0	0.13607
P26368	Q9UKJ5	1	0.0019209
Q9Y675	Q01581	0	9.3237e-05
Q8WYA6	O60783	0	9.3079e-05
Q9NVR2	Q13794	0	0.00015443
Q13285	Q9Y2J8	0	0.0001003
P05556	P15529	1	0.86489
B2CW77	Q9NP74	0	8.8041e-05
Q02363	Q8N142	0	0.0003185
Q9BVJ6	O43261	1	0.00036557
P61604	Q13432	1	0.79015
Q969F1	P32929	0	0.00057482
Q8N9N8	Q8WWV3	0	0.0034096
P68400	P30305	1	0.92779
O15514	Q9P0J6	0	0.00012479
O75506	Q9UI17	0	0.00012397
D3DTV9	Q99558	0	0.00012181
O96019	Q8IUQ0	0	9.7517e-05
Q9NZN8	Q9UFF9	1	0.00092822
Q5XKR4	Q9H6S1	0	0.00021122
O75446	P59103	0	9.2032e-05
Q9UK76	P47874	0	9.3321e-05
O43913	P07195	0	0.000128
P46977	Q9NQX7	1	0.004177
O60762	P83111	0	0.0038824
P38571	Q8NFG4	0	0.00038287
Q0VG06	P54577	0	0.00010843
Q92966	P51857	0	0.09276
Q92560	O15235	0	0.13376
Q5T3J3	Q9Y2X7	1	0.0063783
P50579	P41091	1	0.01002
Q92597	P34897	1	0.72951
P36954	P82914	0	9.3065e-05
Q15542	P49789	0	0.04712
P18074	O95379	0	9.0871e-05
P15848	P34897	0	0.00026456
Q9C002	Q8WUN7	0	0.0001084
Q0VD86	Q9BYD1	0	9.1953e-05
Q13868	Q9NQT5	0	0.00077964
O14745	P15313	1	0.17872
P60228	Q9GZR7	1	0.33918
P38432	Q8NHQ1	1	0.74947
Q16656	Q16612	0	9.1661e-05
P17509	Q8IXM3	0	0.19692
P21673	Q7L5N1	1	0.26329
Q96JN0	Q9Y239	0	8.9654e-05
P62805	Q99551	0	9.92e-05
P61313	Q7L5N1	1	0.0052426
P21673	Q9UKR5	1	0.67145
Q16533	Q9Y3D3	0	9.2509e-05
Q58WW2	Q16612	0	9.0167e-05
P63272	P82914	0	9.2738e-05
P83369	Q16698	0	0.00056502
P10412	Q9NX20	0	0.00023631
Q7L590	O75419	1	0.038493
Q8N715	Q96LR2	1	0.0015968
Q13442	P01127	1	0.67351
P54253	Q8TE02	1	0.77618
P78549	Q14894	0	0.0503
Q64ET8	P15559	0	0.00010916
Q9BVJ6	Q9GZM7	1	0.29154
O60383	Q12906	1	0.97729
Q05048	P09132	0	9.8649e-05
Q86WQ0	Q93088	0	9.7912e-05
O43929	P82675	0	9.2498e-05
O00115	Q14749	0	0.00058912
O15379	Q92828	1	0.0076928
Q9BSF8	P62495	0	8.78e-05
Q13094	Q8WV28	1	0.84094
Q9Y6C7	P03372	1	0.0001089
O75971	Q9BZQ8	0	9.3464e-05
Q8N807	Q8N427	0	0.00012538
Q13569	Q96RP9	0	0.00027135
Q9UNI6	O75879	0	0.00027478
Q9HCU9	O75446	1	0.0015123
O75818	O75817	1	0.061218
Q9GZM8	P62258	1	0.44809
Q9UFW8	Q99551	0	8.9648e-05
P47756	Q9BYC9	1	0.00042026
Q13889	P14324	0	0.00014869
P55058	P02649	1	0.031764
Q9H0W9	Q93088	0	0.00010283
Q8NFW8	O43182	0	0.00013424
Q9NPI8	O15287	1	0.00010224
P61218	Q13867	0	0.00010738
P13984	O60239	0	0.00011529
Q13568	O95848	0	0.0001024
Q9BQ83	Q9H2W6	0	0.00076103
Q96ME1	Q9BQ66	1	0.0013983
P63272	Q8N4X5	0	9.1621e-05
O43513	Q9H0U6	0	9.3171e-05
Q16594	Q7L3B6	0	9.1103e-05
P27169	P02647	1	0.62546
Q9ULX3	Q02252	0	0.00051617
Q969F1	O60477	0	8.9239e-05
Q9UI36	Q9UBR1	0	0.00015763
O75553	P43034	1	0.038083
Q01831	P32780	1	0.0006528
P36915	Q8TAU0	0	0.0020638
Q9UL03	P34897	0	0.00032342
Q9Y5N6	P33402	0	0.00014052
Q9UNZ2	Q13190	1	0.61639
Q9UKF6	Q16822	0	0.0011668
P06748	P24522	1	0.84711
P58753	P20963	1	0.40948
Q92597	P11940	1	0.7724
Q6VY07	Q9NZ52	1	0.00081173
Q9P086	Q96G25	1	0.51966
O43148	P14061	0	0.0072845
P16455	P50135	0	0.0014014
Q05048	Q9Y2J8	0	8.8605e-05
Q9NV56	Q92598	0	0.00011674
Q15834	Q9Y247	1	0.021934
Q7Z5Q5	Q15185	0	0.00093651
P35222	Q16665	1	0.14468
P27695	O75534	0	0.043842
Q9BQ66	Q9P2Z0	1	0.00064988
P49356	P49354	1	0.0012615
P51946	P29084	1	0.0011901
Q9BSF8	Q9BRA2	0	0.020926
Q99665	P29460	1	0.00077782
O15342	P36543	1	0.085897
P54253	P38432	1	0.8895
P68400	Q6VY07	1	0.97402
Q00577	P39023	0	0.00010625
O43929	P12081	0	0.00014037
Q9UNI6	P23921	0	0.00032599
P13686	P21673	0	0.094903
Q9Y6X1	P27824	1	0.78123
P36954	P35754	0	9.8797e-05
Q13416	P82933	0	0.00019333
P29083	P49675	0	0.0024479
P40189	P13725	1	0.0097475
Q53HV7	Q9BYG8	0	0.00010937
P54253	Q96IP4	1	0.96643
P49184	O75534	0	0.00013242
Q8NEC5	Q9UKJ5	1	0.00035671
Q9NZD8	Q53H80	1	0.65918
P56159	P39905	1	0.38966
P13686	Q99551	0	0.0025572
Q9NVU0	Q9H2W6	0	0.00019732
Q9BRK4	Q15834	1	0.1312
Q13416	O75419	1	0.00064504
Q5T124	Q8IYR0	1	0.00079436
P04198	Q96RP9	0	0.00015721
O15379	O60907	1	0.014188
Q9UJX6	Q12834	1	0.081963
P13010	Q9UN86	0	0.00011073
Q13889	P54136	0	0.00014349
O75925	Q13285	1	0.12869
Q9UBU8	P30838	0	0.00034265
Q92560	Q9Y291	0	9.1712e-05
P37198	Q03933	1	0.40825
O14777	Q9UL45	1	0.0009637
Q16533	Q13162	0	0.00012681
O94782	Q9BTM9	0	0.30047
P13051	P15927	1	0.20225
Q96JE9	Q13077	1	0.57934
O43148	Q9H9J2	0	9.3485e-05
P04066	O95361	0	0.00048491
Q15257	P68400	1	0.93553
Q9BT78	P61201	1	0.0061966
P51617	P02686	1	0.24941
P18074	P55084	0	0.00063863
Q13573	P82914	0	9.3901e-05
Q8TCE9	P21695	0	0.00012188
Q9HB89	P48645	1	0.17925
P16150	P35222	1	0.30876
P13686	P10451	1	0.017956
Q9HC73	P16871	1	0.0089915
P31785	Q01113	1	0.0093456
Q9HCY8	Q96FQ6	1	0.015363
Q15528	Q8NBJ4	1	0.0067437
Q15645	Q96LM6	1	0.00045545
Q8WXD5	P62304	1	0.0056884
P51946	P48200	0	0.00015366
P30154	P35613	1	0.010486
P49842	Q8WUN7	0	0.00012252
Q03167	P05111	1	0.0003133
O60671	Q9BYC9	0	0.0002447
Q0VG06	Q9BUE6	0	0.0039193
Q9H611	Q9P0J6	0	0.00010509
Q13888	P09132	0	0.0010027
P21673	Q9BSH4	1	0.75783
Q13573	P31937	0	0.00015556
Q969G3	P82932	0	0.00014396
P21695	P21246	1	0.40235
O75528	Q93088	0	0.00055013
O95084	Q9H0R3	1	0.0027334
Q92979	Q96DW6	1	0.17464
P04198	Q04837	0	0.0011525
Q9H8M7	P51970	0	9.8699e-05
Q12857	P10155	0	9.047e-05
O60925	Q16891	1	0.94913
O75052	Q9Y272	1	0.026374
Q07817	P99999	1	0.57878
O60583	Q15102	0	0.010983
Q16514	P32929	0	0.010945
Q6PJT7	Q96EK5	0	0.0014185
P43351	P18074	1	0.00027725
P16455	Q9Y399	0	0.0029338
Q92542	P05067	1	0.78058
Q9H2F5	Q16698	0	0.00058987
Q9H611	O75897	0	9.7739e-05
O75901	P19021	1	0.00021564
P07686	Q9NP97	0	0.00014683
Q9H0I2	Q15834	1	0.027003
Q7Z5Q5	P12081	0	0.00012561
Q03135	Q14254	1	0.028196
P0C1Z6	Q59EK9	1	0.0038132
Q14746	Q96MW5	0	0.00010445
Q15102	Q5T3J3	1	0.018912
Q9NQ92	O76031	0	9.7149e-05
Q00403	P20807	0	0.00019127
Q8NFZ5	P21580	1	0.22058
P78549	Q16719	0	0.00096393
Q9GZP8	O15169	0	9.9854e-05
Q96MU8	O94907	1	0.53839
Q92560	P31937	0	0.00014475
P16410	P33681	1	0.07843
Q99558	P46777	1	0.98345
Q13416	Q9BYG8	0	0.00023249
P06401	P03372	1	0.00029081
D3DTV9	Q9NY33	0	9.6089e-05
Q9UBX1	Q9NZJ9	0	0.00010815
O00716	Q9GZZ1	0	0.00082341
Q9H4I2	Q15102	0	0.0068785
Q9HAW0	P54687	0	0.00010456
P49736	P62701	1	0.00014933
Q53HV7	P78540	0	0.00013389
P04553	P47874	0	0.00019499
P68400	P84090	1	0.89183
Q13432	P49903	1	0.73712
P61247	O00422	1	0.079802
Q96D98	P49915	0	0.00015009
Q9UDW3	Q16740	0	0.23862
P10827	P24385	1	0.053309
Q9UM82	Q13794	0	0.0001692
P68400	P55042	1	0.89938
Q07352	Q14914	0	0.061738
P15907	P20273	1	0.00086947
Q9UJC5	Q6PRD7	0	0.00010407
Q9BTP7	P49406	0	9.7675e-05
Q9Y3T9	Q5T3J3	1	0.00010009
Q15542	Q15185	0	0.00063078
Q12857	Q8N183	0	9.1401e-05
O94906	Q53GS9	0	9.6602e-05
Q9HAN9	P48200	0	0.00013715
Q99547	Q5T3J3	1	0.15583
Q9H4Z3	O00764	0	0.00016027
O60671	Q9NZJ9	0	0.00011552
Q01081	P31350	0	0.0002647
O75381	Q96G25	1	0.073384
Q7L775	Q16540	0	0.00012208
O95793	P62424	1	0.0066659
P49005	P07195	0	0.00013998
Q9H939	P04278	1	0.80258
Q9UI36	Q6P1L8	0	9.2546e-05
Q8N807	Q9BZQ8	0	0.00010351
Q9Y6I8	P40855	1	0.0032871
O75506	Q01581	0	0.0001215
Q92611	P27824	1	0.47809
Q15645	Q53HV7	1	0.00099876
Q969G3	O43182	0	0.00013524
O60383	Q15102	1	0.94416
Q99836	P14778	1	0.32005
O75530	O15379	1	0.040285
Q12996	Q8N983	0	0.00011032
P00491	Q5RL73	1	0.9089
Q15562	P07741	0	0.00014786
O95870	P03905	1	0.2498
Q6ZYL4	Q96EK5	0	0.036004
P47224	Q9BVJ6	1	0.94232
P55084	P05067	1	0.19604
O60383	Q9BRR6	1	0.97712
O95219	O00499	1	0.023373
Q9NP98	O15273	1	0.19841
P50897	P54136	0	0.00021827
O15169	Q9BVJ6	1	0.00010305
Q02094	P06028	1	0.18252
Q9Y5K6	Q13563	1	0.023973
O43541	P14061	0	0.0091441
P12956	A1L0T0	1	0.0031398
P07686	Q9Y3D3	0	0.00014418
O75528	P46783	0	0.00021158
Q05952	P30711	0	0.00015985
P16455	Q9NP97	0	0.0021582
Q9UFW8	O75170	0	8.8653e-05
P07686	Q8WUN7	0	0.00022607
Q9BWT1	Q9BZL1	0	0.00043875
Q9UPV9	Q16740	0	0.30186
Q969G3	P82914	0	0.00012059
Q9UM82	Q8WWV3	0	0.0061337
Q8TAE8	P49914	0	0.00034793
Q8TCE9	Q16540	0	0.00012363
Q9BWT1	P21695	0	0.00010654
Q13889	P23921	0	0.00010128
Q13951	P05060	1	0.00024337
Q8IXF0	P78540	0	0.00021778
P38432	Q9P2G9	1	0.20227
P78552	Q8TDR0	1	0.10733
P09012	Q9NZD4	0	0.0027498
Q8TCE9	P51970	0	0.00011673
P36954	Q14CX7	0	8.8963e-05
P63272	Q96EK5	0	9.499e-05
P36954	Q9P0R6	0	9.1158e-05
O15519	Q07817	1	0.95271
Q5RKV6	Q06265	1	0.48727
Q9UM82	O60477	0	0.00011362
Q96LW7	O95999	1	9.3463e-05
Q9NV58	Q9Y6H5	1	0.013713
Q14781	Q8N1V2	0	9.4592e-05
Q9NQ92	Q14894	0	0.0092248
Q8TAE8	Q14894	0	0.019045
P62487	Q01581	0	0.010381
P49902	P51116	1	0.0097253
Q03013	Q13432	1	0.52407
Q9UBW8	Q9UNS2	1	0.11964
Q6NSW5	Q8N2U0	1	0.90751
O75381	P28328	0	0.0015206
O43365	Q6V1X1	0	0.00071143
P22570	P10109	1	0.97822
Q9HAF1	Q969R5	1	0.011207
P30260	Q9UM13	1	0.62851
Q9UNI6	Q07617	0	0.0004763
Q58WW2	Q96M11	0	8.7711e-05
Q9NV56	Q9HD33	0	9.7165e-05
P56537	Q02878	1	0.049101
O96020	P78540	0	0.0001151
B2CW77	P46952	0	0.0017962
O95870	P03897	1	0.27287
Q13868	Q9Y3B2	0	0.01552
Q92624	Q6PEW1	1	0.0010796
O60925	Q9H7V2	1	0.95117
Q9H9Q4	P49917	1	8.7968e-05
P30519	Q7L5N1	1	0.011991
P15848	Q9UI17	0	0.00011239
O43513	P39023	0	0.00010855
O43261	Q7L5N1	1	0.0010077
Q14061	Q7L5N1	1	0.85329
P03372	P82650	0	0.00010504
Q12972	O76061	1	0.17304
O60925	Q9Y3C7	1	0.82347
Q9P0K8	Q9NVV4	0	9.5726e-05
P38432	Q9GZT8	1	0.11577
Q9Y675	O14618	0	9.7176e-05
O94811	P04406	1	0.94762
P00491	Q5T3J3	1	0.95186
P06400	Q9BYC9	0	0.0001914
P57739	Q9BQ66	1	0.011238
O60508	Q9P0M9	0	9.4729e-05
O00716	P17987	0	0.0002483
Q16594	Q9UI17	0	0.00011163
P07686	P83881	0	0.0001451
Q01780	Q99828	1	0.33794
Q8IU60	Q9UJ70	1	0.001638
P03950	Q15904	1	0.0055722
P04066	Q9BYC2	0	0.0001658
P14866	P26599	1	0.020412
Q9P0K8	Q9BYG8	0	9.3595e-05
P12004	Q99819	0	0.011409
P15848	P08319	0	0.00059834
Q9UBR2	P63302	0	0.00014251
Q16594	Q96IV0	0	8.9996e-05
Q8IYF3	Q96M91	1	0.0086118
Q9Y6K8	Q96N11	1	0.00031874
P49736	P30711	0	0.00014409
Q96RU7	Q5RL73	1	0.92749
Q9UIF7	P40925	0	0.00029969
P52434	P53803	1	0.94886
O94906	Q9UHN1	0	0.00010218
Q9NVR2	Q9UJM3	0	9.0157e-05
Q96FZ7	P60002	1	0.52945
Q16790	P35222	1	0.047962
Q9Y5X5	P01303	1	0.32698
Q9H4I2	Q9NY74	0	9.0816e-05
Q16656	O60551	0	9.1507e-05
Q16891	Q9NX18	1	9.9127e-05
O15514	Q9H5Q4	0	0.00018531
O60256	Q8N8Q3	1	0.10498
Q7L5N1	Q8IYL3	1	0.0059511
Q16576	P30711	0	0.00044939
P62258	Q92934	1	0.41301
O60383	Q9Y3C0	1	0.89885
P62487	P49842	1	0.0064442
O75503	Q8N183	0	9.1133e-05
O00628	P50542	1	0.00042388
Q13568	Q14894	0	0.012823
P27695	Q9UI17	0	0.026791
O43325	P47874	0	9.5137e-05
Q9Y294	Q7L0Y3	0	9.7475e-05
P06753	Q9BQD3	1	0.34963
O60671	P49458	0	0.00023714
P17480	P83881	0	9.3927e-05
O96019	O75897	0	0.00010833
Q9H5J8	Q6UB35	0	0.00040279
Q8NFW8	Q9HCN4	0	0.00019181
P12956	Q9BYD1	0	0.00010909
P49736	Q8IXM3	0	9.6967e-05
P27701	Q9P2B2	1	0.069101
Q96EY5	Q9Y5K6	1	0.0044166
Q15025	P46777	1	0.98804
Q96T37	P48735	0	0.0001259
Q03828	Q7L0Y3	0	0.0005653
P06401	O75925	1	0.19555
Q6VY07	Q13563	1	0.0050409
Q13200	Q5T3J3	1	0.43722
P30291	P40261	0	0.0001081
P16444	Q96EK5	1	0.9527
Q14696	P0C7P0	0	0.0001204
Q9UJC5	Q9Y2Q9	0	0.00012085
Q12996	Q8IXM3	0	0.00010234
P46777	P67870	1	0.68949
Q13569	P82921	0	0.00013046
Q9NQS3	P15151	1	0.032531
P54253	O75935	1	0.53376
Q8IV45	P19838	1	0.0014141
Q9NQ92	P47874	0	8.9986e-05
P11940	O95793	1	0.33376
Q96FZ7	Q9BRG1	1	0.84796
Q9Y6D9	Q14134	1	0.019839
P07738	P04406	1	0.85269
Q9UKN8	Q8WUA4	1	0.00045501
Q15181	Q13432	1	0.68835
P62875	Q15834	1	0.0045372
Q9NV56	Q9UBU8	1	0.00010469
Q9NV58	Q9UMX1	1	0.013183
P29084	P12081	0	0.00072837
Q9H9Q4	Q13162	0	0.00012278
O75381	P40855	1	0.0085092
P61289	Q64LD2	1	0.00031265
Q16533	Q08257	0	0.011285
Q53H80	P21673	0	0.052863
Q13671	P62258	1	0.41454
Q8N1S5	Q96D05	1	0.17436
Q15543	Q9GZT8	0	0.0027797
O14744	Q9NTK5	1	0.21902
Q96BN2	P13995	0	0.23257
P68400	Q9NQB0	1	0.97323
P37108	Q9UNZ2	1	0.68784
Q5XKR4	P83881	0	0.00010805
P12956	Q8N183	0	9.9992e-05
P05423	P31937	0	0.00013769
P19419	Q9Y3A3	1	0.76194
Q16656	Q9NRN7	0	8.8537e-05
P62380	Q96EY7	1	0.27182
P35475	Q6WQI6	0	9.3751e-05
Q969F1	Q9Y2T2	0	9.0626e-05
O95182	Q9BQ52	1	0.045703
Q7Z5Q5	Q14894	0	0.037743
Q9BPZ3	P11940	1	0.0037823
P51398	P35869	1	0.0041866
Q96T60	Q9H9J2	0	0.0033486
O00462	P49406	0	0.00010133
Q14696	P59103	0	9.7182e-05
P27695	Q16540	0	0.022625
Q9UMX1	Q15274	1	0.35141
P60174	Q9GZR7	1	0.2056
Q14627	P35225	1	0.77772
Q01081	P51580	0	0.0003585
P04554	Q8IXM3	0	8.995e-05
P63241	Q9BU89	1	0.62823
P20807	Q7Z6G3	1	0.00033557
P27695	P49902	0	0.043429
P62875	O95786	0	0.0030033
O75446	Q16576	1	0.00079169
Q01081	P34897	0	0.0019175
P35520	Q9NP79	1	0.81383
Q92597	P62241	1	0.55765
Q15633	Q9UKV8	1	0.056836
P48147	P30990	1	0.33881
P17342	P01160	1	0.28763
P52657	Q9Y2R5	0	0.019867
P06400	Q02363	1	0.00015379
Q5U623	P49914	0	0.00012595
Q6P1J9	Q13795	0	0.00087341
Q7L622	O00453	1	0.0003089
P06746	P51553	0	0.00048787
O00287	Q14442	0	9.1628e-05
Q9Y5Q9	Q8WXF8	1	0.00011023
P62304	Q9P032	0	0.0043625
Q6UXN9	O15169	0	0.00036896
O75503	Q9HCN4	0	0.00011096
P27930	P01584	1	0.0011393
Q6IA17	P14778	1	0.12224
P49736	Q9Y399	0	0.00013753
P22304	Q15185	0	0.0019546
Q8TCE9	Q9BYD1	0	0.00011109
O60671	Q13795	0	0.00086886
P13798	Q0P6H9	1	0.0019771
Q14186	Q9P032	0	9.5448e-05
Q9UI36	Q9Y234	0	9.0165e-05
O76039	Q9UHN1	0	9.6802e-05
Q99967	Q9NP74	0	9.2464e-05
Q8WUA4	Q9NZD4	0	0.00078071
Q9H4Z3	Q9H7D7	0	9.7166e-05
P35244	P15927	1	0.20954
Q9BQ83	P63302	0	0.00022088
Q9GZP8	Q8IVS2	0	0.00010975
O00311	Q9NP74	0	0.00010241
P10827	Q9HBU6	0	0.00010858
Q9UBU7	Q9UJM3	0	8.7583e-05
P34981	P20396	1	0.4122
O43148	P53384	0	0.00012194
Q15573	Q9UN86	0	0.00011138
Q14181	Q8IW50	1	0.0014211
Q92759	P15104	0	9.4883e-05
O43543	Q9NX18	0	9.1736e-05
P27694	Q9NZD2	0	0.031125
O00462	Q9P0J6	0	0.00010407
Q6PJT7	O00764	0	0.00036723
P13984	P55084	0	0.00043623
Q9UMX1	Q9P2Y4	1	0.0082944
P19447	P34897	0	0.00053889
Q15388	Q8NEY8	1	0.36252
Q13568	Q8IVS2	0	0.00013946
P35869	Q13620	1	0.0069916
Q6P2C8	Q9HBU6	0	9.1158e-05
Q99967	Q16612	0	9.2481e-05
O00311	O43182	0	8.9197e-05
O60508	Q14442	0	9.8848e-05
O00115	P82930	0	9.7479e-05
P35244	Q9BZL1	0	0.0022779
P02647	Q13790	1	0.85781
P41002	Q8N183	0	9.0173e-05
P63272	P13010	1	0.00010697
Q13610	Q9BYD1	0	9.4059e-05
Q92466	Q01831	1	9.2923e-05
P18858	Q96M11	0	8.9235e-05
Q15542	Q16740	0	0.32912
Q9NPI8	Q00597	1	9.0977e-05
Q15025	P21580	1	0.097249
Q9H147	P04053	1	8.8346e-05
P20963	Q9BZW8	1	0.38893
Q14181	Q8N2I9	1	0.25153
Q16594	O15235	0	0.091553
Q9UBX1	P52815	0	0.00047292
Q03135	Q9Y6H8	1	0.0012272
O94782	Q9NX18	0	9.1679e-05
P49366	Q9GZT8	1	0.11217
P27694	O60239	0	0.036793
Q9HAN9	P33402	0	0.00011248
P46777	P68400	1	0.90965
B2CW77	Q9P0M9	0	9.2577e-05
Q9Y675	P15104	0	9.4565e-05
O60508	P07741	0	0.00012207
Q9BQ83	P34897	0	0.00090867
P60033	Q9C086	1	0.012299
P61289	Q9BXC9	1	0.00039287
Q8WUA4	P06400	1	9.3028e-05
Q9UBU7	P49736	1	0.00011423
O95551	P78417	0	0.00092397
Q9BQ66	Q5T681	1	0.016692
Q9Y240	P21583	1	0.82258
O00257	Q9UHD2	0	8.9598e-05
Q96BI3	Q9NZ42	1	0.18434
Q9Y3A3	Q9Y3C7	1	0.85745
Q86YW7	Q96T91	1	0.0075564
P43489	O15304	1	0.042537
Q86WQ0	Q15185	0	0.00016992
O94782	Q16612	0	9.0009e-05
Q92759	P51970	0	9.5555e-05
P04183	Q5T3J3	1	0.99119
Q13888	P19447	1	0.0021563
Q9UBD5	Q13416	1	0.00046825
Q15573	P49753	0	0.00012342
P20273	Q13094	1	0.5889
Q58WW2	Q92844	0	9.0808e-05
Q9Y5N6	Q13416	1	0.00059686
P30291	P68400	1	0.97311
Q92597	P35222	1	0.68848
Q03181	P30041	1	0.00015347
P49247	O75716	1	0.87162
O96006	Q9GZT8	1	0.029945
Q16514	P49914	0	0.0021317
P21673	Q13432	1	0.57843
Q7Z5Q5	P82930	0	9.4998e-05
Q9Y2T3	Q12959	1	0.83357
P02489	P02768	1	0.033481
O95990	P48147	0	0.00061345
Q07820	Q92934	1	0.48137
O43929	P24385	1	0.10165
P13727	Q5RL73	1	0.95366
O00253	Q9UBU3	1	0.06827
Q99967	Q16665	1	0.0016176
O43929	Q8WWV3	0	0.0095612
P28331	P40926	1	0.0056493
P32971	P03950	1	0.019906
P31785	P60568	1	0.81381
P86791	P46952	0	0.0061382
O43914	Q9NY25	1	0.48074
P16383	Q6NUP7	0	0.00013205
P62304	P82921	0	0.0065012
Q8N9N8	Q9Y3B7	0	0.00014322
Q9UJW9	Q9UJM3	0	8.8482e-05
O14713	P05556	1	0.94369
O75478	O95990	1	0.0001264
Q6PJT7	Q9UPT5	1	0.0011374
P04437	P20963	1	0.29451
P61218	O43182	0	0.00010267
O94906	Q16854	0	0.00010486
Q14134	Q9BRK4	1	0.025302
Q9UP83	O15553	1	0.87494
O95059	O75818	1	0.025005
P07602	Q7L5N1	1	0.025658
Q96HA8	Q9H773	1	0.025989
Q9BSH3	Q9P0M9	0	9.4925e-05
P13686	Q9Y3D3	0	0.00086052
Q9H611	Q02252	0	0.00044402
Q14738	P30154	1	0.016578
Q86XR7	P14778	1	0.016629
P86791	Q9BRJ2	0	8.8375e-05
Q9UJC5	P82909	0	0.0001486
Q9UN74	Q5T3J3	1	0.13766
Q14696	Q99819	0	0.00024723
Q58WW2	Q07617	0	9.3825e-05
Q12996	Q9P0J6	0	9.8922e-05
P38432	Q8TAP6	1	0.82255
Q12857	P35754	0	0.0001061
Q8WUA4	P55084	0	0.00032911
Q13285	Q9Y3E5	0	9.7748e-05
Q9P0U1	Q9NS69	1	0.0011689
P15848	P62269	0	0.00011208
P10827	Q14749	0	0.00096299
P49917	Q6PRD7	0	8.9273e-05
P12004	P10155	0	0.018591
P09012	P26599	1	0.0014165
P08697	P59665	1	0.5127
Q15645	P07902	1	0.0054142
P35222	P49768	1	0.036053
Q9Y294	O75534	0	0.00017029
P68400	P04004	1	0.81375
Q8TC92	Q9GZT8	1	0.014365
Q9UBD5	O96020	1	9.3383e-05
O15155	Q13190	1	0.011717
Q92597	P13010	1	0.87471
Q13416	Q6V1X1	0	0.00021678
P32927	P04141	1	0.92512
Q13416	Q02252	0	0.00065238
Q9UI26	P30050	1	0.64199
Q9NQ34	Q9GZR7	1	0.027765
O96007	P32969	1	0.9234
P20823	P02768	1	0.017398
P24666	Q9BYC9	1	0.0020592
Q9BXL8	Q9BZQ8	0	8.7719e-05
Q9BZW8	O43561	1	0.0036864
O43809	Q5RL73	1	0.96008
Q9GZS1	O15446	1	0.0002737
P62805	P54136	0	0.00016337
P13686	P50591	1	0.16178
Q96RR1	Q9H8T0	1	0.704
P05423	O75936	0	0.00013375
Q96T37	Q13405	0	0.00011028
O75818	P78345	1	0.59364
Q9UNI6	O75891	0	0.00037972
Q5XKR4	P82930	0	0.00011071
P32969	P23396	1	0.67186
Q8WY64	Q9Y2B0	1	0.018893
P83369	Q7L3B6	0	8.8323e-05
P29084	Q9NP97	0	0.00022259
Q8NEC5	Q9BQ66	1	0.0057483
Q15650	P03372	1	0.0003823
Q02878	O95793	1	0.02806
Q86VN1	Q96FZ7	1	0.57446
P17509	P21673	1	0.41829
P15848	Q6UB35	0	0.00054667
Q6X4U4	P22004	1	0.38485
Q8TCJ0	P49753	0	9.818e-05
P51946	P35270	0	0.0015133
Q9BXR5	O95232	1	0.0082143
Q9UJX6	Q8NHZ8	1	0.52459
Q9NV56	Q7L0Y3	0	9.4729e-05
Q9BQ52	Q9H1I8	1	0.0038059
Q9UIF7	O60783	0	0.00010792
Q9H5J8	P13995	0	0.29318
P10827	P14061	0	0.0067954
Q15834	Q6ZU52	1	0.0090325
Q8N9N5	P35754	0	0.00010069
P38432	P61289	1	0.060771
Q13416	P07195	0	0.00019156
Q00577	Q8TDY4	0	0.012232
Q9BRV8	Q9UHD2	1	0.00054354
Q9NVU0	P05423	1	8.7905e-05
Q8IUW5	O95747	1	0.17707
Q01459	Q99819	0	0.00017469
P38432	Q9P2K6	1	0.55712
Q9UGJ1	Q15834	1	0.010137
P62805	Q13867	0	9.9666e-05
Q9NPJ4	Q13285	1	0.056062
P68400	P21673	1	0.84722
P0DPB6	O15160	1	0.98512
O00115	P48147	0	0.00061014
Q0VG06	Q96EK5	0	0.00010216
Q00577	Q8TCS8	0	0.00010745
Q9UNS2	P58340	1	0.0012914
Q9NT62	O95352	1	8.7646e-05
O60671	P30838	0	0.00023772
Q5VWK5	Q9NPF7	1	0.0037656
Q9Y5M8	Q96JB5	1	0.0020979
Q6IA17	P51617	1	0.32737
P52272	P06731	1	0.78758
O60763	O15498	1	0.042089
Q13889	Q9BXI3	0	8.9973e-05
Q96RL1	Q15406	1	0.0001753
Q03828	P24666	0	0.0041397
Q8NE71	P56537	1	0.16391
P12004	Q9H5Q4	0	0.003745
Q4G0F5	Q96QK1	1	0.00018012
Q99689	Q6PGQ7	1	0.00011764
P28300	Q07507	1	0.0010599
Q14596	Q9NP79	1	0.91127
Q9H0Q3	Q5RL73	1	0.4267
P05423	Q5EBM0	0	9.1018e-05
P04040	Q9BXR5	1	0.060123
P54803	P15374	0	9.2186e-05
Q8WYA6	Q8NFG4	0	0.00019122
Q05952	O75880	0	0.00023937
Q13888	Q9HD40	0	0.0014627
Q99705	P20382	1	0.45412
P30154	Q13033	1	0.0052875
Q9P0K8	Q9H7D7	0	0.00014349
P27701	P28067	1	0.11051
Q92870	P05067	1	0.58258
Q9GZS1	O15160	1	0.00012913
O00499	Q9Y2H0	1	0.017577
Q9BTP7	Q9BY32	0	9.7705e-05
P62805	Q16854	0	0.0001406
O60671	Q9UHD2	0	0.00014146
O43543	Q9Y6K8	0	0.00010229
P20290	P67870	1	0.59082
P17509	Q9UHN1	0	0.025751
Q13416	Q9HD40	0	0.00024192
P27694	Q13405	0	0.021154
Q02363	Q5RL73	1	0.67966
Q9H2F5	Q9BYD1	0	8.9903e-05
Q9H5Z6	Q15834	1	0.0019106
B2CW77	Q96M11	0	8.8589e-05
Q9UQB8	Q9UKR5	1	0.84038
O95551	P28908	1	0.0066868
P42677	Q9UHY7	1	0.63488
O60232	Q9BVV2	1	0.1296
Q6WBX8	O60671	1	0.00014082
P06280	Q9Y6K8	0	0.0001456
Q13794	Q07817	1	0.95254
O43633	Q13144	1	0.12305
O60232	P51946	1	0.20796
Q9P0K8	P21673	0	0.26227
Q8IW19	P49917	1	0.009197
Q92759	Q02252	0	0.00049
P50897	A2A3N6	0	0.00021296
Q96G25	O43513	1	0.048128
P06400	P30260	1	0.00055099
Q9H840	P62304	1	0.24076
Q13480	Q07021	1	0.98802
P32780	P03372	1	0.0017785
Q53GS9	P30838	0	0.00021113
P67870	O60763	1	0.93125
Q99460	Q99933	1	0.012019
P21246	Q9Y6H5	1	0.53565
Q7L5N1	Q53FE4	1	0.0020637
O14832	O00628	1	0.38565
Q8TAE8	Q08257	0	0.012473
P02775	Q9UBW8	1	0.17641
P06400	Q16533	1	9.4194e-05
Q92966	P49406	0	8.9221e-05
Q9UKB5	P35222	1	0.069028
O43913	Q9UBD5	1	0.00010106
Q9UBU8	Q96M11	0	9.4742e-05
P27695	Q9Y676	0	0.022551
Q8IU57	Q8IZJ0	1	0.89095
Q96JN0	Q13867	0	8.8842e-05
P46777	P12081	1	0.98835
P47901	P01185	1	0.1779
Q96JN0	Q08257	0	0.009573
Q969F1	O60239	0	8.7877e-05
O00462	Q9UHD2	0	0.00010605
Q58WW2	O60783	0	9.3091e-05
P51003	P62258	1	0.30504
Q9H0W9	Q9BYD6	0	9.4758e-05
P02647	P11597	1	0.85396
P43351	P15927	1	0.1521
P49771	P36888	1	0.75737
Q16594	Q9NP92	0	8.9839e-05
Q9UIF7	P12004	1	0.0079422
Q9BV90	Q6XE24	0	0.00086647
P46779	O95793	1	0.084048
Q969N2	Q92643	1	0.00029014
O43913	Q9NVV4	0	8.9995e-05
Q9ULX3	Q15185	0	0.00042664
Q16533	O75170	0	8.7916e-05
Q8NFW8	Q9UHD2	0	0.00020073
