Q9NRG1	Q96G04	1	0.060823
O96006	Q9Y221	1	0.10081
P36542	Q9HCC8	1	0.6799
Q12929	Q9BYC9	1	0.12832
Q99836	P14778	1	0.16661
Q14738	P30154	1	0.23688
P55060	P14866	1	0.17098
O60383	P04183	1	0.27541
Q96BI3	P49768	1	0.1158
Q92597	P51659	1	0.85225
Q9UKI8	P02686	1	0.078926
Q9UGL9	Q96ID5	1	0.61103
P51116	O60232	1	0.15668
O75419	Q9UBD5	1	0.059785
P21246	Q9UHF0	1	0.49708
P16870	P06307	1	0.59218
O95251	Q9H079	1	0.23129
O15514	P62875	1	0.17816
Q969G3	P03372	1	0.056515
Q9P2M1	Q13573	1	0.03822
Q92598	P43034	1	0.20245
P06753	P0C1Z6	1	0.01992
Q99828	P49768	1	0.47479
P52797	O95084	1	0.37942
P09466	Q96ID5	1	0.58536
P12956	P06401	1	0.054476
Q92979	Q07666	1	0.36404
O75631	O75841	1	0.15976
O15235	Q13432	1	0.80476
P40429	Q8NBJ4	1	0.11392
P49903	Q96ID5	1	0.25068
P31785	P16871	1	0.11938
Q96H20	Q86VN1	1	0.049421
P68400	Q03135	1	0.37114
P51116	Q15834	1	0.56339
Q15388	P00374	1	0.10105
Q99627	Q9BT78	1	0.19417
Q8IYF3	Q9UNH6	1	0.091958
Q9H1D9	Q9UKN8	1	0.13409
Q01780	Q99547	1	0.27025
Q15102	Q5RL73	1	0.060355
P13686	O14737	1	0.071908
Q8TDC0	O15273	1	0.11067
P10451	Q8WYA6	1	0.20999
O00257	P06400	1	0.046602
Q6IAA8	Q9GZT6	1	0.89661
P50579	P41091	1	0.18341
P06753	Q9BQD3	1	0.036351
Q9NWT6	Q16665	1	0.054549
Q5T124	P61587	1	0.061446
P0DPB6	O15160	1	0.13188
O75528	Q9BRR6	1	0.061585
P29084	P19447	1	0.15253
P46777	P67870	1	0.40094
P50150	O14775	1	0.23106
Q13432	P84090	1	0.6883
O60907	P35222	1	0.14221
Q13371	P17987	1	0.032583
P68400	Q16665	1	0.15389
P68400	Q9UNN5	1	0.35156
Q9HCB6	P05067	1	0.23086
Q9UL45	Q6QNY1	1	0.50557
P05067	P49768	1	0.22307
P08865	P63220	1	0.1533
O75884	P06400	1	0.074493
O14788	P78536	1	0.58481
P04406	Q9NXU5	1	0.18778
Q9UBU7	Q9UBD5	1	0.14245
Q9Y5N6	Q13416	1	0.055053
O95372	Q9Y3C7	1	0.27917
P30990	Q99523	1	0.17136
Q9GZX9	Q9H2X0	1	0.21942
P09086	P12956	1	0.11651
Q99689	Q9NRI5	1	0.13792
O43913	Q99741	1	0.057421
Q92945	Q13868	1	0.17314
Q92597	P11940	1	0.35054
Q9UM13	Q9UJX3	1	0.24924
O60583	P06400	1	0.0462
P18428	P49913	1	0.54797
P06401	O75925	1	0.051873
P56537	Q9BWH2	1	0.5178
Q8IYX3	Q15834	1	0.78586
Q9HB96	Q00597	1	0.15268
Q99665	P29460	1	0.17922
Q15645	O95865	1	0.10911
Q8N2H9	Q99558	1	0.075994
Q07820	Q9UMX3	1	0.5018
P02647	P18428	1	0.44523
Q9NYH9	Q9BQD3	1	0.18754
P12956	A1L0T0	1	0.089813
Q5FBB7	P12956	1	0.052329
Q99558	O14920	1	0.073307
P38432	Q15020	1	0.094463
O00220	P50591	1	0.37073
P24666	Q9BYC9	1	0.12854
O15514	P62487	1	0.13456
Q9Y5X5	O43612	1	0.34861
P61812	P05067	1	0.51412
Q16790	P35221	1	0.77199
Q8TDC0	P16298	1	0.067875
P46777	Q14974	1	0.17448
Q96KJ9	P99999	1	0.20877
Q15834	Q9UPT5	1	0.57583
Q8NFH4	Q8NFH3	1	0.053856
Q9UGP4	O95059	1	0.28402
Q15102	Q9GZT6	1	0.64367
Q5VVH5	P51617	1	0.051803
O75052	Q9Y272	1	0.10815
O95551	P28908	1	0.33983
Q9Y3A3	Q5T3J3	1	0.2559
Q96FZ7	Q9BRG1	1	0.13156
Q15388	Q6P1J9	1	0.064999
P13807	P46976	1	0.078226
P48147	P30990	1	0.17659
P19320	P05556	1	0.43152
P49441	P18858	1	0.1937
Q16891	Q9BQ95	1	0.25179
P21246	Q96EW2	1	0.45506
Q12788	Q9BTM9	1	0.012248
Q9NRX3	Q9GZU0	1	0.1092
Q9HCU9	Q5T3J3	1	0.31906
P10124	P16070	1	0.2174
P40926	P00505	1	0.14156
P20916	P02686	1	0.16178
O60921	O60671	1	0.085456
O43809	Q9GZT8	1	0.074569
P49366	P32969	1	0.10762
Q15397	Q86YV9	1	0.15632
Q96EC8	Q9BWQ6	1	0.64138
P40225	P40238	1	0.16481
Q9GZS1	O15160	1	0.04827
Q86VP1	P21580	1	0.048059
Q99836	P51617	1	0.082916
P55060	Q0P6H9	1	0.24516
P20674	Q7L5N1	1	0.17479
P01583	P14778	1	0.14755
Q969Y2	Q9NP50	1	0.29599
P09327	Q8IYF3	1	0.1194
O96020	P46527	1	0.096195
O00220	O95999	1	0.13709
P35244	P15927	1	0.11086
P62258	P46527	1	0.2048
P35221	Q12959	1	0.46872
P40189	Q16619	1	0.32136
Q13416	P49736	1	0.090173
P67870	P35222	1	0.28088
P35222	P49768	1	0.26798
Q9UMS0	Q8NC60	1	0.26086
P20382	P01303	1	0.46129
P13010	P12956	1	0.10987
O14713	P05556	1	0.64072
Q9GZT8	Q9NRG1	1	0.024744
P68400	P10451	1	0.51265
Q8N1I8	O00453	1	0.58508
P60981	P04278	1	0.30126
Q15834	Q8NHQ1	1	0.51419
Q8WXF8	O15519	1	0.069326
P26368	Q96LR2	1	0.11337
P16150	P35222	1	0.23045
P37268	Q15041	1	0.28737
Q96IP4	Q9UBS8	1	0.11674
O60268	O00165	1	0.055256
Q9BYT8	P30990	1	0.025706
Q15800	P54253	1	0.45184
Q99081	Q02363	1	0.17484
Q12929	Q9UL45	1	0.31849
Q9Y5Q8	Q9UKN8	1	0.076738
P54253	Q8TE02	1	0.81415
Q8TAE8	P24522	1	0.12834
O75528	O00422	1	0.11184
O43427	Q14512	1	0.15059
Q14919	Q16594	1	0.031601
P54253	P26368	1	0.30976
O75934	P03372	1	0.16594
P68400	P55042	1	0.41445
Q15645	P30039	1	0.097351
Q8NI08	P03372	1	0.083863
Q14739	P04553	1	0.00010589
Q8WUA4	P06400	1	0.16476
Q9Y5N6	P49736	1	0.06267
Q99627	P61201	1	0.20059
P41159	P52790	1	0.6922
Q9H944	Q96G25	1	0.079677
Q9NZJ7	P49768	1	0.38236
P24385	P35222	1	0.04181
P0C870	P04278	1	0.16299
Q01780	Q99828	1	0.18323
Q15464	Q12929	1	0.23577
Q9Y2H0	Q96A65	1	0.14756
P06401	Q9H467	1	0.067452
P61289	Q9BXC9	1	0.088836
Q9H1I8	Q15650	1	0.054214
Q9UNN5	P67870	1	0.46775
O15514	P53803	1	0.17977
P04437	P20963	1	0.32842
Q92542	P05067	1	0.42014
Q9H9Q4	P49917	1	0.04236
P04843	Q6IA17	1	0.13455
P24522	Q13561	1	0.4769
Q8N3L3	Q12846	1	0.085069
Q92597	P60866	1	0.67421
O95391	Q15834	1	0.50262
P32971	P28908	1	0.095162
Q9NYK6	Q15834	1	0.35105
Q9Y3A3	Q15834	1	0.65825
Q9BUE0	Q9H944	1	0.10588
O15273	O14793	1	0.56427
Q8WVM8	Q13190	1	0.33759
Q9BRT9	Q9Y248	1	0.038882
Q9H840	Q8WXD5	1	0.099432
P32780	P49736	1	0.07548
Q5JTD0	Q12959	1	0.17886
P25101	P14138	1	0.19621
Q92990	Q9UNZ2	1	0.028203
P62280	Q99558	1	0.067987
Q9NP59	Q8NBJ4	1	0.031539
P32418	P62258	1	0.53924
Q9UIF7	P27695	1	0.22528
Q9UBW8	P60228	1	0.081376
Q16891	Q9BQD7	1	0.21505
P05556	Q9UKP3	1	0.22934
Q16665	P00558	1	0.018284
Q9GZT8	Q96H20	1	0.038787
O15235	Q5T3J3	1	0.15218
Q96JE9	Q13077	1	0.17281
P68400	P06401	1	0.24066
Q53TS8	Q15834	1	0.39315
Q9UN86	P19838	1	0.11219
Q9Y2B0	Q9HAP2	1	0.17886
P68400	P06744	1	0.21444
Q8TCG2	P20963	1	0.27187
P62805	O60907	1	0.2742
Q9Y5X5	O15130	1	0.62789
O95721	Q96LR2	1	0.39587
Q9BT78	Q15834	1	0.54429
Q9Y2H0	Q12959	1	0.44934
O43493	O00189	1	0.45105
P68400	P18858	1	0.33456
O15519	O14920	1	0.063943
Q13042	Q9UJX2	1	0.090849
P38432	Q9Y4C2	1	0.13834
Q9UBD9	O75462	1	0.55688
Q96RU7	Q7L5N1	1	0.11779
Q9UNE0	Q92838	1	0.20102
Q96HR3	Q96G25	1	0.10818
Q969H0	P63208	1	0.16159
Q9NWF9	O15455	1	0.083578
Q13077	Q02223	1	0.21249
A0A5B6	P04437	1	0.51357
P30305	P67870	1	0.28782
Q6IB77	Q5RL73	1	0.079918
Q9Y5X5	P01303	1	0.68338
Q15078	P61764	1	0.39002
Q99665	P42701	1	0.18142
P21580	O76080	1	0.056293
Q07817	P99999	1	0.42704
P21673	Q9NPI5	1	0.047493
Q01344	P32927	1	0.15082
O75330	Q9ULW0	1	0.072202
Q7L5N1	Q9BWC9	1	0.081969
P48147	P01042	1	0.2413
O95870	P03897	1	0.60901
Q8IW19	P78411	1	0.049152
Q9GZX6	Q08334	1	0.41688
Q5RKV6	Q07021	1	0.88715
Q9UM13	Q13042	1	0.32987
Q13416	P27694	1	0.10657
Q96JB2	Q14746	1	0.16524
Q12906	Q9BQ66	1	0.057928
Q8NBJ7	Q969H0	1	0.075861
P43351	P49736	1	0.077209
Q9UKV8	Q9UHI6	1	0.055928
O75688	O14920	1	0.044941
Q96BI3	Q9NZ42	1	0.06486
P21673	Q6PI98	1	0.099168
P07602	O96006	1	0.33332
Q96FV9	P06400	1	0.11474
P38432	Q96HA8	1	0.13698
P35221	P49768	1	0.59707
P12004	P24522	1	0.067706
Q9NY26	Q15464	1	0.3543
P27694	P49736	1	0.11875
Q16553	P20963	1	0.12699
P20963	P06127	1	0.23052
O43561	P12318	1	0.59343
P38432	Q4J6C6	1	0.24678
Q9UPT5	Q96A65	1	0.1142
Q9UBW8	Q9BT78	1	0.11652
P01275	P16870	1	0.56835
Q9UQ80	P06400	1	0.039355
Q6NSW5	Q8N2U0	1	0.51947
P04278	P57057	1	0.091724
O75534	P11940	1	0.086677
Q07817	Q96LC9	1	0.86338
Q15257	P68400	1	0.31916
P58753	Q99836	1	0.16734
P07737	Q13432	1	0.71525
O60383	Q12906	1	0.32903
P51003	Q9UKF6	1	0.02716
Q7L5N1	Q8IYL3	1	0.19011
P13686	P15927	1	0.081017
P08700	P32927	1	0.17509
Q99967	Q16665	1	0.093324
Q13573	P06400	1	0.050134
Q6P2C8	Q96HR3	1	0.098557
P48551	P52630	1	0.055991
O14732	Q15011	1	0.096382
P21246	Q6IB77	1	0.59524
Q7L775	O95278	1	0.097527
P26368	Q9UKJ5	1	0.14733
P61289	P51116	1	0.25569
Q9NZD8	Q53H80	1	0.042643
P06400	P30260	1	0.12331
Q9Y294	Q9UK41	1	0.033776
P35869	Q13620	1	0.096961
P20823	P35222	1	0.1889
P67870	P68400	1	0.33017
Q9Y3B2	Q06265	1	0.053674
P62380	P52657	1	0.12362
O96006	Q9Y4P9	1	0.069782
Q06495	O14745	1	0.14391
O60573	Q9NRA8	1	0.10938
Q5RKV6	Q06265	1	0.26675
Q8NEV9	Q6UWB1	1	0.32842
Q9NV56	Q9NPF5	1	0.095741
Q99689	Q16891	1	0.3057
Q92624	Q6PEW1	1	0.099794
P62380	O60664	1	0.35131
Q86UU9	P29371	1	0.36339
Q9NQX5	Q9BQ66	1	0.039419
Q96SB4	P26368	1	0.11171
Q8IXH7	Q8N8Q3	1	0.15667
Q6ULP2	Q9NZ52	1	0.032234
Q07820	Q92934	1	0.39276
P26639	P12081	1	0.010031
Q00403	P29084	1	0.19466
Q06265	Q9NQT5	1	0.065886
P50591	Q5RL73	1	0.1994
Q96CD2	Q96BT3	1	0.065642
O43261	Q7L5N1	1	0.2638
O43395	Q9C005	1	0.13629
Q8NE71	P56537	1	0.18939
P04406	Q15102	1	0.23599
P03372	P30305	1	0.057262
Q13765	Q9GZT6	1	0.67689
P47804	Q96EK5	1	0.2424
O75354	P54253	1	0.61223
Q9NRX3	Q9BXR0	1	0.084896
Q12981	Q9P2W9	1	0.25087
Q13620	P03372	1	0.11936
O60383	Q15102	1	0.27872
P17480	O15446	1	0.099251
P34981	P49407	1	0.048076
Q8N612	Q96HR9	1	0.17317
P67870	P03372	1	0.43843
Q9Y6D9	P17480	1	0.035437
O95251	P49736	1	0.12765
Q9NQX3	P07737	1	0.14023
O14544	Q15370	1	0.14228
Q9NTM9	Q9H1I8	1	0.1129
Q9Y294	Q9UKI8	1	0.040874
Q9UMX1	Q9NPA3	1	0.095496
O00311	P49736	1	0.091112
P01589	P60568	1	0.75363
P13798	P04278	1	0.33026
Q13432	Q9H0Q3	1	0.78091
Q15293	P54253	1	0.46645
Q9Y6X1	P61619	1	0.48927
Q9Y5Q9	Q92994	1	0.10091
P21673	Q9BQ70	1	0.15953
O95251	P06746	1	0.10586
Q8TDR0	Q9NRI5	1	0.23735
Q9NZ42	P49768	1	0.18599
Q96JB2	Q8WTW3	1	0.070854
P31785	P60568	1	0.48484
O14920	Q9UHD2	1	0.15736
Q9Y3F4	Q9P0P8	1	0.11747
P78346	O95707	1	0.14645
Q9UJW3	Q9NRX4	1	0.11582
P51617	P02686	1	0.055301
P78536	P01375	1	0.62236
Q8NFZ5	P19838	1	0.085057
P62913	Q13867	1	0.032043
Q5T3J3	P82932	1	0.13821
Q92597	P41091	1	0.42061
O75925	Q9UPW6	1	0.056394
Q8N668	Q86X83	1	0.19019
P12956	Q96FF9	1	0.057081
Q12981	Q07817	1	0.71072
P49755	Q96BI3	1	0.19334
P02774	Q5T3J3	1	0.38742
P21246	Q9Y3C0	1	0.35273
Q9UBW8	Q6P1K2	1	0.15379
Q07817	Q9HB09	1	0.9662
Q92597	P62854	1	0.36982
P02775	Q8WVM8	1	0.33428
P06400	Q02363	1	0.079249
Q9NP84	Q13077	1	0.79084
O43633	Q13144	1	0.2524
P68400	O14958	1	0.44322
P61970	P37198	1	0.33549
P21246	Q9NXU5	1	0.56431
P13693	Q07820	1	0.59007
O15143	O15144	1	0.035682
P17480	P68400	1	0.25517
P02775	Q9UBW8	1	0.26935
P34897	P67870	1	0.38254
P38432	Q8TAP6	1	0.091656
Q9UBU3	P41159	1	0.34792
Q96G25	Q6P2C8	1	0.028982
Q93052	P56134	1	0.3922
Q07820	P12004	1	0.3796
O60925	Q9H7V2	1	0.28096
O60671	P06746	1	0.10312
Q8NBJ4	Q9H8U3	1	0.20812
Q6IA17	P51617	1	0.07689
P35249	O75943	1	0.088154
O00161	P51116	1	0.21266
P02774	Q6P1J9	1	0.36904
Q9BZW7	Q16665	1	0.028947
P56537	Q02878	1	0.19518
P10124	P02768	1	0.36645
Q13685	Q8IXH7	1	0.067155
Q13571	Q6ZVM7	1	0.18299
P68400	Q13144	1	0.33717
P02647	P22061	1	0.37432
Q13889	P19447	1	0.17487
Q02363	Q5T3J3	1	0.14901
Q9H773	Q8NC60	1	0.18379
P19438	O14920	1	0.16715
Q15025	P46777	1	0.1684
O76061	O95831	1	0.59286
P25705	P04278	1	0.21579
P35869	P06400	1	0.068373
Q9UFN0	Q8NBJ4	1	0.10407
Q12972	Q9UKR5	1	0.28981
Q7L590	P49736	1	0.1273
Q9BPZ3	P11940	1	0.011249
Q9UKN8	Q8WUA4	1	0.17072
P62857	Q9BQ66	1	0.11288
P21673	Q9HBL7	1	0.12455
Q9UJX6	Q8NHZ8	1	0.11386
Q00403	Q13285	1	0.15995
P50616	O43541	1	0.075324
Q13794	Q07820	1	0.84059
Q13113	Q9BVJ6	1	0.093269
P40933	P31785	1	0.56269
Q13432	O14717	1	0.78502
O43427	P68400	1	0.28041
Q9Y5M8	Q96JB5	1	0.090726
Q9HBM1	O14777	1	0.062664
P68400	Q16666	1	0.50441
Q09161	O95793	1	0.15252
O60383	Q9Y3A3	1	0.46924
Q86XR7	O15455	1	0.13222
Q11203	P02766	1	0.099385
P42226	P19838	1	0.059772
Q9HBM1	P60468	1	0.78389
P03372	P35222	1	0.083676
Q8WUH2	P09917	1	0.085292
Q5T3J3	Q9Y2X7	1	0.072634
Q4G0F5	Q96QK1	1	0.074025
O75344	P04406	1	0.20902
P04406	P15927	1	0.26102
Q9Y6B2	P06400	1	0.078632
Q14940	P49407	1	0.042783
Q9BWG6	Q15834	1	0.28783
P51843	P61201	1	0.10159
Q6P1K2	Q9Y3C7	1	0.43256
Q9NP79	Q7Z6G3	1	0.063403
P16410	P33681	1	0.35522
Q16576	Q9UKG1	1	0.071764
Q8N668	Q9H0A8	1	0.10692
Q5RKV6	P20618	1	0.54686
Q9BS86	Q05996	1	0.36636
Q16533	Q92966	1	0.086569
Q9Y6H3	P12956	1	0.13413
P54253	P38432	1	0.30667
O60895	P10997	1	0.72993
P10827	P14324	0	0.052222
P22304	Q9BRJ2	0	0.078064
Q92759	Q02252	0	0.083389
Q9H4I2	Q9NY74	0	0.10175
Q05952	Q99551	0	0.039554
Q9BTP7	Q9HD40	0	0.049803
Q969G3	P47874	0	0.041871
O96020	Q9Y234	0	0.079213
P51513	P82932	0	0.076411
Q9NVR2	P49914	0	0.1181
Q969F1	O75880	0	0.14886
Q9NQ92	P59103	0	0.024582
P13686	Q8N6F7	0	0.087296
Q13610	P32929	0	0.24326
Q9UKF6	Q9UI17	0	0.017562
P05423	O75879	0	0.019322
P19532	P39023	0	0.046815
Q14696	Q13795	0	0.075312
P20290	Q92844	0	0.13205
Q7L775	Q9HD33	0	0.028482
O75503	Q9HCN4	0	0.12052
O60583	Q16822	0	0.0094056
P18858	Q9UBR1	0	0.18714
Q9H4Z3	Q9Y6K8	0	0.076623
Q8WYA6	Q16698	0	0.2967
O60583	P08319	0	0.049536
Q6ZYL4	Q96EK5	0	0.12831
P49842	P82932	0	0.081867
Q96T37	O75897	0	0.038974
Q96KF2	Q14894	0	0.018695
Q9NWT8	O15169	0	0.015149
Q96BP2	P51970	0	0.07219
Q53H80	Q9GZZ1	0	0.018255
Q8TCE9	P21695	0	0.1417
Q16594	Q9BU02	0	0.12814
Q9BSH3	P53384	0	0.20261
Q5MJ70	Q8WWV3	0	0.080277
P86791	P54136	0	0.026976
D3DTV9	Q9P0M9	0	0.0015716
Q9H6T0	P82909	0	0.009302
P49184	Q9Y239	0	0.31778
P07686	P30711	0	0.021461
Q9BTP7	Q8WXI4	0	0.03981
Q15562	Q99558	0	0.072125
Q96AV8	P49675	0	0.069392
Q9UJW9	Q8WXI4	0	0.08238
Q96JN0	Q8TE02	0	0.28836
O96019	P82650	0	0.015383
Q9H9Q4	Q13162	0	0.014917
Q8NB91	P62269	0	0.5057
P18858	P15374	0	0.042584
Q6ZYL4	P47874	0	0.060214
Q9NV56	Q14894	0	0.12596
Q9UPV9	P47874	0	0.047916
P62875	P51970	0	0.09334
P13984	O60239	0	0.20227
P36954	Q14CX7	0	0.10777
P52657	P49458	0	0.10333
D3DTV9	Q16851	0	0.69142
Q6UXN9	Q8N142	0	0.027242
P09012	Q9NZJ9	0	0.15665
Q05952	Q9NP92	0	0.046155
Q14781	Q8WWV3	0	0.043524
Q9NWT8	P82909	0	0.0012126
Q53H80	Q7L3B6	0	0.013489
P09012	O15235	0	0.02243
Q9UBX1	P59103	0	0.030685
O75506	Q96RP9	0	0.042104
Q9NVR2	P62269	0	0.53732
O00311	Q9NP74	0	0.038754
Q8N9N8	Q99819	0	0.22803
P36915	Q70SY1	0	0.066857
P54803	Q93088	0	0.053817
Q92966	P39023	0	0.090075
O60671	Q9Y3D3	0	0.0077981
O75528	P49753	0	0.26242
P15848	P34897	0	0.082869
O60762	Q9BPZ3	0	0.010646
Q96BN2	Q9NY33	0	0.0090421
Q07352	P54136	0	0.0089442
Q8TF76	Q9P2W6	0	0.0050279
Q05048	Q96IV0	0	0.050902
Q15543	Q9GZT8	0	0.14055
O60671	Q9BYC9	0	0.14632
O75503	O95379	0	0.094885
Q9Y6W3	Q9NZJ9	0	0.16549
Q07352	O75897	0	0.018854
P04198	Q92844	0	0.047158
Q9H5F2	Q13795	0	0.2006
P04198	Q8WXI4	0	0.081209
Q15542	O75897	0	0.03524
P17509	Q13162	0	0.014919
Q8NB91	P32929	0	0.19312
Q9H1Z4	P52815	0	0.31786
Q13285	P24666	0	0.11136
Q14186	Q03013	0	0.085855
P51513	Q6NUP7	0	0.081007
P17480	Q9NZD4	0	0.063808
Q16576	P30838	0	0.089099
O95926	P54136	0	0.004518
Q9Y294	O43776	0	0.036909
Q8TE85	Q9BUE6	0	0.63769
P04198	Q9GZT8	0	0.036493
Q96AV8	P15559	0	0.10725
P50897	P08319	0	0.062444
O00257	Q14442	0	0.0896
P06280	Q9NY74	0	0.082768
Q14186	Q9P032	0	0.022297
Q9BTP7	Q9UJM3	0	0.044005
Q9UK76	P50135	0	0.078743
Q9ULX3	Q9BY32	0	0.038229
B2CW77	P51553	0	0.0078128
P06280	Q9Y6K8	0	0.048128
P12956	P54577	0	0.13101
P51946	O75534	0	0.073269
O43541	P12081	0	0.02518
P12004	Q04837	0	0.3602
P62805	Q13867	0	0.15872
B2CW77	Q9NZJ9	0	0.01444
P12004	Q9H5Q4	0	0.077212
P29083	Q9BY32	0	0.034456
Q5TB30	Q9UHD2	0	0.26288
P28328	P56589	0	0.083739
Q5MJ70	Q8N4E7	0	0.11703
Q9BWT1	P47874	0	0.060708
O43543	Q9H7D7	0	0.14696
P61587	Q8WU20	0	0.036991
Q8WUA4	P55084	0	0.10689
Q9H611	Q8WUN7	0	0.069198
Q70SY1	Q9UHR5	0	0.081268
Q13610	Q9P2R7	0	0.068293
Q86WQ0	Q96IV0	0	0.031044
P29084	Q7Z2X4	0	0.045123
P54803	P15374	0	0.042592
Q0VD86	P07741	0	0.24225
Q0VD86	Q8N4X5	0	0.090595
O60508	O95786	0	0.10121
O00311	P21695	0	0.15202
Q86WQ0	O14618	0	0.50559
P13010	Q9BY32	0	0.032811
Q01459	Q9NP92	0	0.047628
Q9UBR2	P21673	0	0.15994
P18858	Q13405	0	0.015582
Q53GS9	Q9NP97	0	0.050638
P04554	Q2VPK5	0	0.022054
O15379	Q6PRD7	0	0.02657
P83369	Q07020	0	0.47722
Q9H5J8	P13995	0	0.12579
O94782	Q16540	0	0.034808
Q9UFW8	O75534	0	0.025889
Q8TCE9	P28838	0	0.061808
O75528	Q9H2W6	0	0.087036
P10827	O75534	0	0.057259
Q9HAN9	Q92844	0	0.035234
P26368	P54577	0	0.098385
Q9H4Z3	P63302	0	0.075067
P04066	Q14CX7	0	0.067103
O94864	Q9BY32	0	0.032274
Q9Y5Q9	O95379	0	0.082815
Q9H0W9	P82914	0	0.060916
Q13416	Q9NZD2	0	0.10811
Q53GS9	Q9H6S1	0	0.11455
Q0VD86	P62917	0	0.62192
P35475	P54136	0	0.0091679
Q58WW2	Q8TDY4	0	0.025472
O00257	Q9UHD2	0	0.084232
P26368	P55084	0	0.058821
P12004	Q15102	0	0.064761
O43148	P82663	0	0.008575
Q12996	P82650	0	0.023187
Q96T37	P09132	0	0.091849
P62487	O15091	0	0.070345
O00716	Q9NT62	0	0.16766
Q12824	Q13794	0	0.24131
Q9H8M7	Q14749	0	0.072064
P04066	Q8NEL9	0	0.048792
O60583	P39023	0	0.025351
Q9H0W9	Q9BYG8	0	0.087952
O75506	Q01581	0	0.051999
Q8N9N5	P06132	0	0.072548
O95990	Q7L3B6	0	0.13071
P13686	Q16540	0	0.037418
P62805	P24666	0	0.26008
P05423	Q5EBM0	0	0.077594
Q9UHR5	Q9BU02	0	0.090526
P29083	P20807	0	0.03939
O75971	Q8WWV3	0	0.033831
O95411	Q9UI17	0	0.0035971
P19447	Q8TE02	0	0.44179
P51946	Q92837	0	0.099928
Q13568	Q99551	0	0.28994
Q9P0K8	P46952	0	0.094797
Q13416	P51970	0	0.060375
Q8NFW8	Q9UHD2	0	0.1895
O00462	P49406	0	0.0049679
Q13416	P10155	0	0.096114
Q8WX92	P23921	0	0.019835
Q00403	O60760	0	0.12951
P06746	P17987	0	0.02825
Q8N9N5	Q9Y2T2	0	0.14182
Q9H4I2	Q9BZQ8	0	0.037826
P83369	Q7L3B6	0	0.12831
Q9UNI6	Q04837	0	0.30375
O94864	O00471	0	0.19158
O43929	P55084	0	0.060862
Q8N807	Q8N427	0	0.064918
P13984	P07741	0	0.18126
Q8N807	Q9NY74	0	0.15806
Q7Z5Q5	P82912	0	0.032499
P06400	Q9BYG8	0	0.10318
P54803	P07741	0	0.13639
O95990	P15374	0	0.0391
P17900	Q9P0J6	0	0.4252
Q92908	P50135	0	0.014531
P49005	Q7L3B6	0	0.14194
O95411	Q9BU02	0	0.0508
P29084	P12081	0	0.023128
Q9UBR2	Q9UHN1	0	0.037635
P43004	Q15050	0	0.18315
Q8TCE9	O14920	0	0.082147
Q15562	P49915	0	0.025954
Q9H611	Q9NZD2	0	0.0663
O43913	P07741	0	0.17268
Q9UI36	P21695	0	0.14331
Q9H611	Q9P0J6	0	0.46624
Q9P2W1	O75170	0	0.067307
O43541	Q6UB35	0	0.077517
O15379	Q92837	0	0.11015
P16383	O60551	0	0.17984
O60508	P49675	0	0.10548
Q13569	Q8IUQ0	0	0.20793
Q969G3	Q9UD71	0	0.049742
Q9UBR2	Q9BYC2	0	0.092991
O96011	P56589	0	0.12423
P35244	Q9H0U6	0	0.0051491
O43513	Q5EBM0	0	0.096326
O43513	P40925	0	0.3313
Q969G3	P46952	0	0.039221
Q9BV90	P82932	0	0.019886
O43325	Q9P032	0	0.024235
Q9UBX1	Q99819	0	0.28604
Q9H4Z3	O00764	0	0.16779
Q8WX92	P13798	0	0.13288
P19447	O95361	0	0.046842
P62487	O43776	0	0.09454
O00115	Q14CX7	0	0.47512
Q9H5J8	Q6UB35	0	0.058207
Q5U623	Q9NP74	0	0.028638
Q12996	P15104	0	0.062613
Q92966	Q96EK5	0	0.15073
Q9NV56	Q7L0Y3	0	0.10591
Q9Y294	Q13794	0	0.14689
Q9NPI8	O14713	0	0.051947
P06400	Q9UHD2	0	0.17359
O95990	Q9BYD6	0	0.14884
Q9UHR5	Q9NVV4	0	0.10393
Q8TE85	Q96M11	0	0.13077
P49842	Q14749	0	0.20097
P17480	Q8WWV3	0	0.070497
Q9NWT8	Q8N142	0	0.006773
P10412	O14618	0	0.17952
Q9Y535	Q8TCS8	0	0.18577
Q9UK76	Q14749	0	0.093118
Q8WX92	P83111	0	0.010759
Q969F1	O60477	0	0.21227
P13984	Q2VPK5	0	0.081833
P29084	Q8IVS2	0	0.16246
Q9H2F5	P51970	0	0.053032
Q86WB0	Q9NX20	0	0.004516
Q6UXN9	Q2VPK5	0	0.053693
Q96BN2	Q8N1V2	0	0.082596
Q15543	P20807	0	0.099473
P78549	Q9Y399	0	0.22145
Q8IXF0	P82909	0	0.0085214
Q8WTW3	Q96MW5	0	0.071704
P41002	P49789	0	0.067102
P09012	Q9NZD4	0	0.056326
Q13416	P07195	0	0.25194
Q9Y675	Q6UB35	0	0.039968
O95551	Q96EK5	0	0.32437
Q9H0W9	Q9HCN2	0	0.0075334
P49184	Q8N4E7	0	0.19405
O96019	Q9P2W6	0	0.0072347
P06400	P14324	0	0.11227
Q8WX92	Q8NFG4	0	0.16193
P36954	Q9Y2Q9	0	0.11502
P41002	Q16719	0	0.20268
P35244	Q8NEL9	0	0.10072
Q9UNI6	O75891	0	0.1282
Q01081	P31350	0	0.10196
Q5XKR4	Q9NYK5	0	0.0031928
Q13568	Q93088	0	0.20976
P36954	P46952	0	0.038389
P23759	Q9HCN4	0	0.019091
Q969G3	P82932	0	0.020484
P36954	P51970	0	0.040804
P32780	Q9Y2Q9	0	0.12933
O95411	P82921	0	0.0062763
Q9Y675	P15104	0	0.0023827
Q9H4I2	O15169	0	0.03695
Q9UI36	P13798	0	0.1979
Q9NX01	P30711	0	0.047261
Q8TCJ0	Q8IXM3	0	0.0052448
P83369	P21673	0	0.15152
Q6PJT7	Q9Y399	0	0.22409
O43365	Q8N183	0	0.002866
O75971	P28838	0	0.054206
Q9UKF6	P00558	0	0.015477
Q9UM82	Q9BYD1	0	0.0033512
Q13243	P49902	0	0.042908
Q9BSF8	P62495	0	0.0064039
Q15291	Q6UB35	0	0.03064
O96019	O95848	0	0.060621
P04553	Q9P0M9	0	0.00014499
Q6P2C8	Q8TE02	0	0.32103
Q9NQ92	Q14894	0	0.15874
Q14746	Q9Y2V7	0	0.088278
Q9H4Z3	P82912	0	0.12965
P13686	O00471	0	0.17409
P62304	P34897	0	0.09789
O43365	Q9H9J2	0	0.012259
P23759	O14713	0	0.0002366
Q9H4I2	Q15102	0	0.053794
Q9UBU7	Q9BYC2	0	0.13801
P13984	P09132	0	0.078493
Q9NV56	Q14749	0	0.10889
Q9NWT8	Q16719	0	0.02207
Q9UDW3	P55084	0	0.094794
Q05952	Q9Y3D3	0	0.0018903
O95551	P49458	0	0.31083
Q16594	P78417	0	0.066889
P05423	Q9NZE8	0	0.15269
Q9NQ92	O76031	0	0.18969
Q96BP2	O14713	0	0.029737
P62805	P82909	0	0.022189
P62805	Q99551	0	0.33452
P16455	Q9NP97	0	0.025497
P62805	Q9UI17	0	0.017758
Q6P1J9	Q9P0R6	0	0.064181
Q92966	O15091	0	0.1022
Q9BSF8	P10155	0	0.14675
Q13888	Q7L0Y3	0	0.089882
Q9UHR5	Q8IUQ0	0	0.11486
O60508	Q92598	0	0.17835
Q9BSH3	Q16540	0	0.042958
P49005	Q9H6S1	0	0.10973
Q5XKR4	Q92844	0	0.0036354
P86791	A2A3N6	0	0.076308
O94782	Q9Y2J8	0	0.014158
Q16594	Q01581	0	0.077733
O96020	Q9NZJ9	0	0.17657
O60508	Q9H9J2	0	0.088004
Q64ET8	Q6WQI6	0	0.00010862
Q9UJC5	Q9Y3D3	0	0.082415
Q9HAN9	Q9Y2J8	0	0.0059972
Q5MJ70	P63302	0	0.070443
Q99967	Q9NP74	0	0.0394
B2CW77	Q9P0M9	0	0.00035659
Q9P2W1	Q9Y676	0	0.076995
Q9H9Q4	O60239	0	0.18772
Q96BP2	P82675	0	0.11136
P27694	P21695	0	0.15475
P29084	Q14442	0	0.17304
Q53H80	P78417	0	0.011572
Q16656	O60477	0	0.1009
Q9H1Z4	P13693	0	0.021667
Q9BXL8	P31937	0	0.22326
Q01459	Q14749	0	0.023926
O00115	Q6UB35	0	0.15393
Q03181	Q9NP92	0	0.073132
P51946	P82930	0	0.031929
Q8N9N5	Q8TE02	0	0.34309
O94906	Q8N1V2	0	0.14937
Q9UIF7	P51970	0	0.080217
P12004	P82932	0	0.027935
P83436	Q8WTW3	0	0.23864
O94782	Q9NX18	0	0.073692
Q16656	Q9BYC9	0	0.075876
Q9BSH3	O00764	0	0.15705
Q9H6T0	Q9BXI3	0	0.067971
P62875	Q9Y2T2	0	0.13732
O94864	P49902	0	0.10214
Q6P1J9	P82930	0	0.027819
P27694	P33402	0	0.14173
Q49AN0	Q8NEZ5	0	0.27685
Q15562	Q8NFG4	0	0.13143
Q969G3	Q6PRD7	0	0.018828
O75528	Q8N183	0	0.043633
Q9UHR5	P50135	0	0.068074
O43365	P20807	0	0.0090772
P10412	Q9BY32	0	0.0030501
Q9NR56	P21673	0	0.010759
Q13868	Q9Y3B2	0	0.071664
P54278	Q8NFG4	0	0.14055
Q53GS9	P15559	0	0.20806
Q16533	O60760	0	0.052029
Q15543	P49753	0	0.5055
Q00577	Q9NX20	0	0.0089199
O00623	P56589	0	0.1295
Q53HV7	Q9NZJ9	0	0.17748
Q01780	Q9NQT5	0	0.14585
Q9Y657	P15104	0	0.06898
Q13568	O95848	0	0.1319
P15586	O75534	0	0.012588
P15586	P78417	0	0.10812
Q9NVU0	O95361	0	0.029787
P62875	Q04837	0	0.35721
Q6P2C8	P13995	0	0.10295
Q16576	Q9HD40	0	0.12047
P49184	O75534	0	0.065212
P62487	Q7L3B6	0	0.12899
Q15562	P15104	0	0.033344
Q8NB91	P15104	0	0.067828
O95551	O95786	0	0.30645
O00462	Q9P0J6	0	0.11084
Q9H8M7	P09132	0	0.063281
Q9H5J8	Q7L3B6	0	0.145
P19532	P31937	0	0.15093
O00716	P17987	0	0.08813
P38571	P82912	0	0.27087
O15379	Q9HCN2	0	0.10438
O60762	P83111	0	0.020939
O95926	O14920	0	0.019368
O75446	P49914	0	0.087235
Q9BSF8	Q13867	0	0.0992
Q8TE85	Q9BPZ3	0	0.010127
P49842	P40925	0	0.57786
Q8TCJ0	Q9NZE8	0	0.17066
O94906	Q9BU02	0	0.1602
Q8TE85	O14618	0	0.48705
Q8TCE9	P21673	0	0.062369
P49005	Q16698	0	0.28688
O00628	P56589	0	0.080163
O00716	O60760	0	0.13594
Q15573	P82921	0	0.007838
P18074	Q9H0U6	0	0.0043185
Q9UJW9	Q9HCN4	0	0.06853
Q9HAW0	P51580	0	0.046556
O60508	P82650	0	0.020605
O95990	P40925	0	0.23645
Q9H0W9	P21673	0	0.063837
P27695	P83111	0	0.0065588
Q96KF2	Q13162	0	0.00055217
P78549	Q14894	0	0.16007
Q96AV8	Q07617	0	0.13044
Q9UJW9	P47874	0	0.049284
Q5TB30	Q9NZD4	0	0.096926
Q9UNI6	P83111	0	0.022663
Q8WUA4	Q92837	0	0.0874
Q53HV7	P35270	0	0.26743
Q6P1J9	Q13795	0	0.064028
Q92908	Q07617	0	0.071559
O60583	Q6V1X1	0	0.13912
O60583	P28799	0	0.21515
B2CW77	Q96M11	0	0.012716
P35475	Q15185	0	0.035782
O75506	P82921	0	0.010873
P78549	Q9P2R7	0	0.047393
Q9NPI8	Q9NP74	0	0.040337
Q9UBU7	P06132	0	0.071838
Q8WYA6	P17987	0	0.032925
Q9Y657	O14920	0	0.09567
Q96BN2	Q9UHN1	0	0.048841
P19447	P32929	0	0.2001
Q05048	O75891	0	0.17132
P63272	O15169	0	0.040459
Q96BN2	O43776	0	0.079203
P15848	Q92844	0	0.070381
O60671	P82909	0	0.018465
P03372	P39023	0	0.055248
P04198	Q8IVS2	0	0.10001
Q0VG06	Q13162	0	0.011841
P83369	P49915	0	0.03541
O15514	P82932	0	0.033913
Q15583	Q03013	0	0.065851
O75503	Q9Y399	0	0.31371
O95926	P07195	0	0.099685
P49917	P63302	0	0.053885
P49917	Q7L3B6	0	0.085893
Q92759	Q8IVS2	0	0.11151
